S10F4000C6217B0010CF40001654C6CE31
S111400C27838E2AB32704693020F7CE592E5D
S111401ACD20008E60B12706180A307020F504
S1084028164D4820FEC6
S20A0E0000180B2801000A91
S105592E7B01F7
S105593006C6A5
S1055932807B74
S1055934010567
S10559361F014B
S1055938054024
S105593AFB3D2F
S2120E00063B1BF2FBF419F2041318024084ECB6
S2120E00148484FEC4006C8419F20408180040A2
S2120E00220000EDF20413AD8427331AF2040824
S2120E003018000000002020ECF2040819886D5F
S2120E003E80E380B746E6F300046B40ED8402C6
S2120E004C6D84EDF20408026DF20408ED84AD2C
S2120E005AF2041326D81AF2040A18000000004C
S2120E0068202CECF2040819886D80E380B74653
S2120E0076ECF2040AE3F20411B745E6006B4006
S2120E0084EDF2040A026DF2040AEDF204080212
S2120E00926DF20408EDF2040AADF2040C2DCA4F
S2120E00A0ECF204088401C4FF8C000027401A00
S2120E00AEF2041318020084EC8484FEC4006C68
S2120E00BC842021ECF2040819886D80E380B7CC
S2120E00CA46ECF20408E384B745E6006B40ED04
S2120E00D8F20408026DF20408ECF2040884012D
S2120E00E6C4FF8C000026D21AF2041318020075
S2120E00F484ECF2041384FEC4006CF204131A9D
S2120E0102F2040A18000000002023ED86EEF22E
S2120E011004136D00C640162000ECF2040AC35F
S2120E011E02006CF2040AECF20413C302006C2C
S2120E012CF20413EDF2040AADF204082DD31AF7
S2120E013AF2041318028400ECF2041384FEC4C2
S2120E0148006CF204131AF2040A1800000000EF
S2120E01562053ECF2040A19886D80E380B7463B
S2110E0164E64087B746CC0100136C82ECF225
S2120E0171040A1A896E80E380B746E64087B70A
S2110E017F46EC826D80E3806C86B746EEF28D
S2120E018C04136D00C620162000ECF2040AC303
S2120E019A00026CF2040AECF20413C300026CB0
S2120E01A8F20413EDF2040AADF204082DA31BAA
S2080E01B6F2040E0A24
S2120E01BA180B280110180B0900120A3B1BF139
S2120E01C87419F09318024084EC8484FFC4FC75
S2120E01D66C8419F0881800400000EDF093AD12
S2120E01E484272E1AF0881800000000201DEC4E
S2120E01F2F08819886D80E380B746E6F30004A9
S2120E02006B40ED84026D84EDF088026DF08882
S2110E020EED84ADF09326DC1AF08A18000081
S2120E021B00002025ECF08819886D80E380B771
S2120E022946ECF08AE3F091B745E6006B40ED2A
S2120E0237F08A026DF08AEDF088026DF088ED0A
S2120E0245F08AADF08C2DD3ECF0888400C40346
S2120E02538C0000273A1AF09318020084EC84F2
S2120E026184FFC4FC6C84201DECF08819886D9A
S2120E026F80E380B746ECF088E384B745E600E1
S2120E027D6B40EDF088026DF088ECF088840081
S2120E028BC4038C000026D71AF09318020084C7
S2120E0299ECF09384FFC4FC6CF0931AF08A18F7
S2120E02A7000000002028ED86EEF0936D001885
S2120E02B50B400116180B8001151F011580FB5D
S2110E02C3ECF08AC300046CF08AECF093C3D6
S2120E02D000046CF093EDF08AADF0882DD01A77
S2120E02DEF09318028400ECF09384FFC4FC6CC0
S2120E02ECF0931AF08A18000000001820005634
S2120E02FAECF08A19886D80E380B746E64087E2
S2120E0308B746CC0100136C82ECF08A1A896E92
S2120E031680E380B746E64087B746EC826D80E1
S2120E0324E3806C86B746EEF0936D00180B2045
S2120E03320116180B8001151F011580FBECF04E
S2120E03408AC300026CF08AECF093C300026CC7
S2120E034EF093EDF08AADF088182DFFA01BF090
S2060E035C8E0AF4
S105593C000065
S104593E085C
S2120E035E3B1B976984EC89B701876B80E68A95
S2120E036C6B81CD402D6D821820004E18028239
S2120E037A87EC82C300086C82ED87026D871832
S2120E03880A4086ED87026D87180A4085E686C7
S2120E0396C1FF260BE685C1FF2605CC00FF2014
S2120E03A42BE686E1812618E685E1802612ED10
S2120E03B287026D87E6F30007E18F2605E684C8
S2120E03C087200D6284E684C1FF1825FFAACCA6
S2120E03CE00FF1B8B0A1B9D180B80279F698253
S2120E03DC202BCD27A3E682876D80E380B746E2
S2120E03EAEC883BEC883B1B83336B40EC883B69
S2120E03F8EC883BCC0008164FA63A6C883A6C82
S2110E0406886282E682C10425CFCC279B4A71
S2100E041392DB3887C1002607CC88014A11
S2110E041F8FF1381B830A3B1B94E6F3000C8E
S2120E042CC4E06B8BEC8CC30002B746E640872E
S2120E043A6C89B710C7B746EE8C08E600876DC5
S2120E044884E3846C89EC8CC30003B746180A56
S2110E04564088ED8C02180D4027A0EC8CC3DC
S2120E04630002B746180D4027A1EC8CC300030E
S2120E0471B746180D4027A2E68BC1402708E6B8
S2120E047F8BC1201826027AE688876C80EC89E0
S2110E048D4A835E386B87C1FF1824014AE6CD
S2120E049A8BC1402635CD00086D82CD402DE676
S2120E04A887875959596D84E3846C80CC279F44
S20C0E04B64ABAF939CC279B4A1D
S2100E04BE92DB3887C1002607CC88024A65
S2110E04CA8FF138CC000118200248ED898D08
S2110E04D72100182600FFF627AFFB27B0FB0E
S2120E04E427B1FB27B2C4FFC100182600EBE6B8
S2120E04F288C10018260077F627AF87B746CCCF
S2120E0500010013B746F627B087B745B7646EF0
S2120E050E84E384B7467D289A180C27B12899E8
S2100E051C180C27B22898F62899B716FE81
S2120E0528289AB7616B00180B60279F7927A0E4
S2100E0536180B2127A17927A2180C27AF5E
S20E0E054227A3180C27B027A4180CE8
S20C0E054C27B127A5180C27B2F3
S20C0E055427A6CC279B4A92DB7A
S2100E055C3887C1002607CC88024A8FF1B3
S2110E056838CC0001182001ACE688C1011841
S2120E0575260064F627AF87B746CC010013B7F4
S2120E058346F627B087B745B7646E84E3847CD1
S2110E0591289CFD289C1540180B60279F79AE
S2120E059E27A0180B2127A1180B0127A2180C58
S20C0E05AC27AF27A3180C27B099
S20E0E05B427A4180C27B127A5180C73
S20C0E05BE27B227A6CC279B4AA4
S2100E05C692DB3887C1002607CC88024A5C
S2110E05D28FF138CC000118200140CC00003F
S2120E05DF18200139ED898D10012646E688C1DA
S2120E05ED002640E68BC1402625180B4F279F92
S20E0E05FB180C289727A3CC279B4A5E
S2100E060592DB3887C1002607CC88024A1C
S2110E06118FF138CC00011820010118008072
S2100E061E060118008200024A83D338CC76
S2110E062A0000182000ECED898D1017182624
S2120E0637009EE688C10018260096E68BC1408F
S2120E0645262E180B4B279FF628927B27A3FC1B
S2100E06532891B701877B27A4CC279B4A72
S2100E065F92DB3887C1002607CC88024AC2
S2100E066B8FF138CC0001182000A7E6F333
S2120E0677000CC12B2647EC8CC30005B746E6DA
S2110E068540877C2891EC8CC30004B746B667
S2110E06922892E6407C2891180B60279F7971
S20D0E069F27A37927A47927A57973
S20C0E06A827A6CC279B4A92DB25
S2100E06B03887C1002607CC88024A8FF15E
S2110E06BC38CC0001182000581800800601EA
S2110E06C918008200004A83D338CC000020B3
S2120E06D645E688C100261018008006021800A1
S2100E06E48200004A83D338200E180080D7
S2100E06F0060918008200114A83D338CC8D
S2110E06FC0000201CE68BC18027131800801E
S2100E0709050418008200014A83D338CC89
S2120E071500002003CC00011B8E0A1B93698C7D
S2120E0723182000C9E68C87B746CC001613B712
S2120E073146CE27D3B7646E84E384B746ED40FB
S2110E073F8D0000182700A8E68C87B746CC64
S2120E074C0016136C8ACD27D56D84E384B7464F
S2120E075AE640876C82EC8ACD27E86D84E38439
S2120E0768B746E64087B746CE289EB7646E8428
S2120E0776E3846C80EC8ACD27D76D84E3844A2C
S20A0E0784BAF9394A93C1D2
S2110E078A38B7456E88E68C87B746CC00164D
S2120E079713B746CE27E1B7646E84E384B746EA
S2120E07A5EC88830002B7456E40E68C87B7469A
S2120E07B3CC001613B746CE27E7B7646E84E367
S2110E07C184B746CC00026B404A93C138B791
S2120E07CE456E86E68C87B746CC001613B746E9
S2120E07DCCE27E5B7646E84E384B746EC8683BC
S2120E07EA00026C40628CE68CC1081825FF2FAC
S2120E07F8180B0820101B8D0A3B1B96E68B87EF
S2120E0806B746CC001613B746CE27E7B7646E7D
S2110E081480E380B746CC00016B404A93C1CE
S2110E082138B7456E88E68B87B746CC0016B6
S2120E082E13B746CE27E3B7646E80E380B74658
S2120E083CEC88E340B7466D86E68B87B745CC54
S2120E084A0016B75613B746CE27E5B7646E8077
S2110E0858E380B746EE866E404A93C138B771
S2120E0865456E84F6201087B746CC001613B7E5
S2120E087346CE27DFB7646E80E380B746EC8471
S2110E0881E340B7466D82F6201087B745CCD3
S2120E088E0016B75613B746CE27E1B7646E8037
S2120E089CE380B746EE826E40E68B87B746CCFC
S2120E08AA001613B746CE27D3B7646E80E380D3
S2110E08B84A92DB3887C1002607CC88014A1D
S2100E08C58FF1381B8C0A3B1B9D180D890A
S2110E08D12895792896180583288F18058A15
S2120E08DE2891E68987C30700B7467D28831843
S20F0E08EC0B012885792887792897F6DF
S2120E08F7289587C305807C279B180B08279D27
S2120E09056982201DE68287B746CC001613B711
S2110E091346CE27D3B7646E80E380B746CE7F
S2120E092000006E406282E682C10825DD698206
S2120E092E2015CD27B3E6828759596D80E380DB
S2120E093CB746CE00006E406282E682C10825E7
S2110E094AE5EC834A94173887C1002607CCCB
S2100E095788024A8FF138CC00004A94C289
S2100E09633887C1002607CC88034A8FF1A7
S2100E096F38E68987C306004A94C2388713
S2110E097BC1002607CC88034A8FF138180BF2
S2120E0988FF20101B850A3B1B9CE685C1012531
S2120E099614E685C108220EF62895C101250727
S2110E09A4F62895C17F2307CC88044A8FF1F4
S2110E09B138E68EC1222507CC89044A8FF148
S2110E09BE386385CD27B5E6858759596D80BF
S2120E09CBE380B746E68C6B40CD27B6E68587F2
S2120E09D959596D80E380B746E68E6B40ED8969
S2120E09E78D00002632E68587B746CC0100133B
S2120E09F5C30200B746F6289587B745B7646E60
S2120E0A0380E380B7466D82CE27B3E685875910
S2120E0A11596E80E380B746EE826E402012CD00
S2120E0A1F27B3E6858759596D80E380B746EEFD
S2120E0A2D896E40CD27B3E6858759596D80E356
S2110E0A3B80B746EC404A94C23887C10026AC
S2110E0A4807CC88054A8FF1381B860A3B1B2B
S2120E0A559CE685C1012530E685C108222AF6EC
S2120E0A632895C1012523F62895C17F221CE694
S2120E0A71F010C1012515E6F010C108220EED9C
S2120E0A7F8B8D0000260EED8D8D00002607CC0A
S2110E0A8D88064A8FF138E6F012C1222507C2
S2100E0A9ACC89064A8FF1386385ED898DF5
S2120E0AA60000263CE68587B746CC010013C33B
S2120E0AB40180B746F6289587B745B7646E8064
S2120E0AC2E380B7466D82E68587B745CC0016F4
S2120E0AD0B75613B746CE27D3B7646E80E380B4
S2120E0ADEB746EE826E40201AE68587B746CCE7
S2120E0AEC001613B746CE27D3B7646E80E3808F
S2120E0AFAB746EE896E40E68587B746CC0016E8
S2120E0B0813B746CE27D5B7646E80E380B74689
S2120E0B16E6F0106B40E68587B746CC00161349
S2120E0B24B746CE27E8B7646E80E380B746E687
S2120E0B32F0126B40E68587B746CC001613B75A
S2120E0B4046CE27DFB7646E80E380B746EE8B98
S2120E0B4E6E40E68587B746CC001613B746CE29
S2120E0B5C27E3B7646E80E380B746EE8D6E40DC
S2120E0B6A1B860A1BF1EC69F0121F29062007E7
S2120E0B78FD200E027D200EFD200E8D00022F9B
S2110E0B86044A814539F62010C1FF26324A7A
S20B0E0B9393C138F328917C94
S20C0E0B9A2893CC28834A92DB57
S2100E0BA23887C1002607CC88014A8FF168
S20D0E0BAE38180B0528874A871F2C
S2110E0BB738180B082010CC0001182003B3D0
S2100E0BC4CC27A74A92273887C1001827B6
S2110E0BD00117FD27A78D000018260071F6F0
S2120E0BDD27ACF128952707F627ACC100266236
S2120E0BEBF627AB876CF0108C0001272AEDF073
S2120E0BF9108D0002272DEDF0108D00012D3F01
S2120E0C07EDF0108D00802724EDF0108D00818C
S2120E0C152723EDF0108D008227212025180BC8
S2100E0C230528874A871F38201A180B0475
S2120E0C2F28872013180B7F2887200C4A8FF973
S2100E0C3D3820064A90013810EFCC00015B
S2120E0C491820032AF62887C104271DF62895C4
S2110E0C5787C30600BC27A72611CC27AB4A84
S2110E0C648425386BF013CC00011820030613
S2120E0C71F62887C1051826006F69F0131820A6
S2120E0C7F005FCD27B3E6F0138759596D84E358
S2120E0C8D84B746FE27A7AE402646E6F013872F
S2120E0C9B59596C8ECD27B56D84E384B746E6A8
S2120E0CA940876C82CD27AB6D80EC8ECD27B6C5
S2120E0CB76D84E384B746E64087B746CE289E89
S2110E0CC5B7646E84E3844ABAF9391AF01348
S2120E0CD2180800081AF0121808000162F01337
S2120E0CE0E6F013C1081825FF98F62887C10502
S2120E0CEE18260249722010F62010C1082503A3
S2120E0CFC792010F6201087B746CC001613B7D8
S2120E0D0A46CE27D3B7646E84E384B746ED401C
S2120E0D188D00001827021CF6201087B746CC5A
S2120E0D260016136C8CCD27DF6D84E384B74663
S2120E0D34ED408D000018270067EC8CCD27E1F1
S2110E0D426D84E384B746EC404A93D13887A3
S2120E0D4FC1002751F6201087B746CC001613AB
S2120E0D5D6C8ACD27D56D84E384B746E64087B4
S2120E0D6B6C82EC8ACD27E86D84E384B746E6EC
S2120E0D794087B746CE289EB7646E84E3846C21
S2110E0D8780EC8ACD27D76D84E3844ABAF936
S20C0E0D9439F62010874A88008C
S2110E0D9C38CC0001182001D3F6201087B7C2
S2120E0DA946CC001613B746CE27E3B7646E840C
S2120E0DB7E384B746ED408D000018270177F650
S2120E0DC5201087B746CC001613B746CE27E78B
S2120E0DD3B7646E84E384B746E640C100236A1A
S2110E0DE1F6201087B746CC001613B746CE88
S2110E0DEE27E5B7646E84E384B746EC404AF2
S2110E0DFB93D13887C1002748F6201087B721
S2120E0E0846CC001613B746CE27E7B7646E84A8
S2120E0E16E384B746E640C102260FF62010878C
S2100E0E244A880038CC000118200148F661
S2120E0E30201087B746CC001613B746CE27E71F
S2120E0E3EB7646E84E384B746CC00006B40F6B5
S2120E0E4C201087B746CC001613B746CE27E703
S2120E0E5AB7646E84E384B746E640C1021824E1
S2120E0E6800D1F6201087B746CC0016136C8805
S2120E0E76CD27D56D84E384B746E640876C82A2
S2120E0E84EC88CD27E86D84E384B746E64087FB
S2120E0E92B746CE289EB7646E84E3846C80EC62
S2110E0EA088CD27D76D84E3844ABA9C398C22
S2110E0EAD000018270088F6201087B746CCE8
S2120E0EBA0016136C86CD27D56D84E384B746DE
S2120E0EC8E640876C82EC86CD27E86D84E384C8
S2120E0ED6B746E64087B746CE289EB7646E84B3
S2120E0EE4E3846C80EC86CD27D76D84E3844ABB
S2110E0EF2BAF939F6201087B746CC00161355
S2120E0EFFB746CE27E7B7646E84E384B746E6A2
S2110E0F0D40C100260DF62010874A880038D9
S2120E0F1ACC00012058F6201087B746CC0016E5
S2120E0F2813B746CE27E7B7646E84E384B7464B
S2120E0F36CC00026B40FD28918D00002730FC8B
S2100E0F4428934A93D13887C1002724CC8E
S2100E0F5028834A92DB3887C1002607CCA7
S20D0E0F5C88014A8FF1384A93C150
S2110E0F6538F328917C28931AF01218080015
S2120E0F7201E6F012871BF0140A1B9C1D2906C2
S2110E0F8040180B010140180300302904F63E
S2120E0F8D0141C5012608FD29048D000026F13F
S2120E0F9B1C0257031C0252021800800000189B
S2120E0FA900820000ED82026D828D00322DF663
S2120E0FB7F60250C8027B0250ED80026D808D51
S2120E0FC500342DDF18030000200E1D29062016
S2120E0FD31D0257031D014001180300302904AD
S2120E0FE11F01410108FD29048D000026F31B9A
S2060E0FEF840A5F
S104593F0162
S111402D4300100091010F004F181000040012
S111403B00004318100153545243431810025E
S1114049020001004318100300000100431898
S11140571004FFFFFFFF4F18200003000000BD
S1114065431820014153450143182002504FD7
S1114073434D43182003200001004F0021009C
S11140810400000043002101434C454143006C
S111408F21024E45522D430021035641435554
S111409D43002104554D203257FFFFFFFFFF63
S10540ABFFFF11
S2110E0FF13B4A8145391B820A180B01003C55
S2120E0FFE20FE0A1B931410F62011C101261DAC
S2120E100C698C2013CD289EE68C876D8AE38AAB
S2120E101AB746CC00006B40628CE68CC12225D9
S2120E1028E7792011698C2013CD2015E68C87F3
S2120E10366D8AE38AB746CC00806B40628CE66D
S2110E10448CC10825E710EFCD00006D82CDA3
S2100E105100486D80CC007D4A88CB38CD60
S2120E105D000E6D84CD00016D82CD00006D80FC
S2110E106BCC00014A898E38CD000F6D84CD65
S2110E107800036D82CD01806D80CC00024A13
S2110E1085898E38CD00126D84CD00026D826E
S2110E1092CD04216D80CC00034A898E38CD2A
S2120E109F00146D84CD00056D82CD05216D808A
S2110E10ADCC00044A898E38CD001A6D84CD15
S2110E10BA00016D82CD02986D80CC00054AB7
S2110E10C7898E38CD001B6D84CD00036D8222
S2110E10D4CD046A6D80CC00064A898E38CD9C
S2120E10E100086D88CD00016D86CD000A6D8468
S2120E10EFCD00006D82CD01EA6D80CC00014A68
S2110E10FD8A5338CD00096D88CD00016D8632
S2120E110ACD00646D84CD00006D82CD01C86DE3
S2110E111880CC00024A8A5338CD00036D8845
S2120E1125CD00056D86CD00646D84CD00006D88
S2110E113382CD03186D80CC00044A8A533816
S2070E11401B8D0AE7
S1055940000061
S10459420060
S2120E11433B1B9E63830D83F8E683876C808CC1
S2120E11510000273DED808D0001274AED808DB3
S2120E115F00022757ED808D00032762ED808D6F
S2110E116D00041827006BED808D0005182776
S2120E117A0074ED808D00061827007DED808D2A
S2120E118800071827008618200092EC874949AB
S2120E1196497B0154EC894949497B01501820CB
S2120E11A4007EEC874949497B0155EC89494986
S2120E11B2497B01511820006AEC874949497B9B
S2120E11C00156EC894949497B01522058EC87AE
S2120E11CE4949497B0157EC894949497B015333
S2120E11DC2046EC874949497B015CEC8949495F
S2120E11EA497B01582034EC874949497B015D4C
S2120E11F8EC894949497B01592022EC8749496A
S2120E1206497B015EEC894949497B015A20104E
S2120E1214EC874949497B015FEC894949497BC5
S2120E1222015B1B840A3B1B981F014401022031
S2120E123004182000A0F60160871651473A6C8F
S2120E123E843A6C84EC843BEC843BCC000816A1
S2120E124C4F823A6C843A6C84EC843BEC843B06
S2120E125AF6016187165147164F4B3A6C843AD2
S2120E12686C84EC843BEC843BCC0005164FA643
S2120E12763A6C843A6C84F6016CC40F6B866973
S2120E128487201EEC88C30004B746E687876DEB
S2120E129280E380B746E68787C30164B745E65D
S2120E12A0006B406287E687E18625DC180B01A0
S2120E12AE0144EC843BEC843B1B8231EE886DD3
S2120E12BC00E686B716EC88C30002B745B7618B
S2120E12CA6B001C014401CC00012003CC00007A
S2120E12D81B8A0A3B1B966986EC8AC30002B779
S2110E12E646180A4087CE0005ECF3000A16E7
S2120E12F34DACB746351800AE00003A6C843A85
S2120E13016C84180301E82904F60146C1002686
S2120E130F08FD29048D000026F1F60146C100E9
S2110E131D2611180B55003F180BAA003FCCEA
S2120E132A00001820008E180C0146014A180905
S2110E133888014AEC843BEC843B1B82317D21
S2120E1345017069892022EC8AC30004B746E6C2
S2120E135389876D80E380B746E640B716E689BA
S2120E136187C30174B745B7616B006289E689D3
S2120E136FE18725D8180D87017C180D86017DA6
S2120E137D180D880146180301E82904F60146ED
S2120E138BE488E18826051F01400108FD2904AE
S2120E13998D000026EAFD29048D00002707F6BB
S2120E13A70141C580260E180B55003F180BAAE6
S2120E13B5003F1C290620CC00011B8C0A1B9E36
S2120E13C31410180180201210EFEC801B820A08
S2120E13D13B1B9E1410180180201210EFED82AA
S2120E13DF026D82ED80AD822313EC80A3828C0D
S2120E13ED80002405CC00012016CC0000201136
S2120E13FBEC82A3808C80002305CC000120031C
S2120E1409CC00001B840AFD2012027D20120A63
S2120E14173B1B9E6980180B010140180301E86E
S2120E14252904200A180B55003F180BAA003F8C
S2120E1433F60141C5012608FD29048D0000268F
S2120E1441E7180B800141180BC10142180B3A3A
S2120E144F0143ED828D007D260E180B430142E2
S2120E145D180B49014318088001792014180850
S2120E146B81012011CD0000E68187C30150B727
S2120E147945B7616B006281E681C11023E9184B
S2120E14870B20014B790140180301E8290420C2
S2120E14950A180B55003F180BAA003F1F014108
S2120E14A30108FD29048D000026E9FC0044C356
S2120E14B102EDB7467D00561C004C08E68087FE
S2070E14BF1B840A6E
S105594380805E
S105594580805C
S105594780805A
S1055949808058
S2120E14C23B1B976988EC898400C47F6B8718E5
S2120E14D008860869882019CD2015E688876DD7
S2120E14DE84E384B746E640E1872605CC00017F
S2120E14EC20506288E688E18625E1F62014C1BF
S2120E14FA082505CC0000203C180B0101401FF3
S2120E1508014101FBED896D82CDFF806D80F6F0
S2110E15162014874A914338790140F60141B2
S2120E1523C50126F9CD2015F62014876D84E33B
S2120E153184B746E6876B40722014CC00011B72
S2060E153F8B0A02
S104594B3C1B
S105594C03D082
S105594E000053
S1115950000000000000000000000000000045
S111595E000000000000000000000000000037
S111596C000000000000000000000000000029
S111597A00000000000000000000000000001B
S111598800000000000000000000000000000D
S11159960000000000000000000000000000FF
S11159A40000000000000000000000000000F1
S11159B20000000000000000000000000000E3
S11159C00000000000000000000000000000D5
S11159CE0000000000000000000000000000C7
S10B59DC0000000000000000BF
S10559E40000BD
S10559E60000BB
S11159E80000000000000000000000000000AD
S11159F600000000000000000000000000009F
S1115A04000000000000000000000000000090
S1115A12000000000000000000000000000082
S1115A20000000000000000000000000000074
S10B5A2E00000000000000006C
S1055A3600006A
S1055A38001355
S1045A3A0067
S11140AD0B1BF1E2198A6DF01BF601608716F9
S11140BB51473A6CF0183A6CF018ECF0183BD0
S11140C9ECF0183BCC0008164F823A6CF0184D
S11040D73A6CF018ECF0183BECF0183BF6D6
S11140E4016187165147164F4B3A6CF0183A9B
S11140F26CF018ECF0183BECF0183BCC000519
S1114100164FA63A6CF0183A6CF018F6016CE3
S111410EC40F6BF01A69F01D2022ECF01BC3E5
S111411C0004B746E6F01D876D80E380B746C9
S111412AE6F01D87C30164B745E6006B4062F2
S1104138F01DE6F01DE1F01A25D6180B016C
S11141450144ECF0183BECF0183B1B8231EE09
S1104153F01B6D00E6F01AB716ECF01BC36C
S11141600002B745B7616B001BF01E0B0B1875
S108416E0B01004E0BE3
S1045A3B0066
S1045A3C0065
S1045A3D0064
S1045A3E0063
S1055A3F09C494
S1055A4109C492
S1045A43005E
S1094173180B02004E0BC4
S1045A44005D
S11041791B9B180B04004EF62115B716FC15
S110418621116D80E3807C2111FC0054B3F5
S10F419328D67C28D41804005428D6FD3B
S111419F28D48D1A2C240618031A2C28D418A0
S11141AD00AE35001800AE000CFD28D4351805
S11041BB00AE0000164FB8317D28D0317DD4
S11141C828D2F62116876C82B74602B761EE44
S11141D6827B2116CD28C0B754596D80E3803A
S11141E4B7461801AE28D21801AE28D01B82AF
S11041F2306E401803000028D018030000B0
S11141FF28D2F62116C10825037921166984F9
S110420D202C1801AE28D21801AE28D0CD07
S111421A28C0E68887596D84E384B746ED40DA
S1114228351800AE0000164F0A307E28D03044
S11142367E28D26284E684C10825CE1801AE2B
S111424428D21801AE28D0CC0003164F9431B6
S11142527D28D0317D28D2180301E828D8FD3C
S111426021118D00002C061803000021111BF3
S105426E850BBA
S1055A4501E07A
S1055A47021047
S1055A49024015
S1055A4B0270E3
S1055A4D02A0B1
S1055A4F02D07F
S1055A5103004C
S1055A5303301A
S1055A550360E8
S1055A570390B6
S1055A5903C084
S1055A5B03F052
S1055A5D04201F
S1055A5F0450ED
S1055A610480BB
S1055A6304B188
S1055A6504E156
S1055A67051123
S1055A690541F1
S1055A6B0571BF
S1055A6D05A18D
S1055A6F05D15B
S1055A71060128
S1055A730631F6
S1055A750661C4
S1055A77069192
S1055A7906C160
S1055A7B06F12E
S1055A7D0721FB
S1055A7F0751C9
S1055A81078197
S1055A8307B165
S1055A8507E133
S1055A87081100
S1055A890841CE
S1055A8B08719C
S1055A8D08A16A
S1055A8F08D138
S1055A91090105
S1055A930931D3
S1055A950962A0
S1055A9709926E
S1055A9909C23C
S1055A9B09F20A
S1055A9D0A22D7
S1055A9F0A52A5
S1055AA10A8273
S1055AA30AB241
S1055AA50AE20F
S1055AA70B12DC
S1055AA90B42AA
S1055AAB0B7278
S1055AAD0BA246
S1055AAF0BD214
S1055AB10C02E1
S1055AB30C32AF
S1055AB50C627D
S1055AB70C924B
S1055AB90CC219
S1055ABB0CF2E7
S1055ABD0D22B4
S1055ABF0D5282
S1055AC10D8250
S1055AC30DB21E
S1055AC50DE2EC
S1055AC70E13B8
S1055AC90E4386
S1055ACB0E7354
S1055ACD0EA322
S1055ACF0ED3F0
S1055AD10F03BD
S1055AD30F338B
S1055AD50F6359
S1055AD70F9327
S1055AD90FC3F5
S1055ADB0FF3C3
S1055ADD102390
S1055ADF10535E
S1055AE110832C
S1055AE310B3FA
S1055AE510E3C8
S1055AE7111395
S1055AE9114363
S1055AEB117331
S1055AED11A3FF
S1055AEF11D3CD
S1055AF10000AF
S11142701B9C180B08004EF60001F528DF26F3
S10C427E0AFC2A3D4ABA5D397CB0
S110428721C3FD2A3D8D000A2D07180B01EF
S111429428DF204BFD2A3D8DFFF62E07180B68
S11042A20428DF203CF628DEC1002735F695
S11142AF28DF87594151B746F60258876D80C3
S11142BDA480E4817B02587928DE18030000F7
S11142CB21C31D0001057928DFF60049C43F18
S11142D9CA807B0049180B080041F628DF510B
S11042E7B716F600016D80E481FA28DE7B35
S11142F40001FD21C38D005F2F061803005F3B
S111430221C3F60001F528DF2758FD21C38DE5
S1114310005F2C0CF60049C43FCA807B0049B4
S111431E200FF60049C43FCAC07B0049180BAB
S110432C0800417928DEFC21C383000A8CBF
S111433900002C0718008200002008FC21C39D
S111434783000A6C82CD2117EC82596D80E34D
S110435580B746FC0056E3407C005618205B
S1114362008EFC21C383000A8C00002C071877
S1114370008200002008FC21C383000A6C8236
S111437EFD0056351800AE00001800AE12C443
S111438C1800AE0000EC8ACD2117596D88E3AD
S111439A88B746EC40165147164F1F164F0ABF
S11143A81B82317D0056FD21C38D000A2D14A9
S11143B6FD21C38D005F2C0CF60049C43FCAE4
S11143C4C07B00492022FD21C38D005F2D1116
S11043D2F60049C43FCAC07B0049180B081F
S11143DF00412009FC0056F321C17C00561851
S11143ED0C28DF28DE1B840B180B20004EFC6E
S11043FB0044C302ED7C005A4A940F380BB5
S11144081B9C180B40004EF62A32C100270DF3
S1114416180B0228E2180C2A3228E12017F6AF
S11044242A31C100270D180B0828E2180CDE
S10D44312A3128E120037928E1F67E
S110443B28E251B716F600016D80E481FA05
S111444828E07B0001F628E1C15F2305180B74
S11144565F28E1F628E1C10A2423FD005C354D
S11044641800AE00001800AE12C41800AE1F
S11144710000164F0A1B82317D005C7928E0A2
S110447F18200089F60001F528E22732F626
S111448C28E1C00AC1002407180082000020A5
S111449A09F628E18783000A6C82CD2117EC15
S11144A882596D80E380B746FC005CE3407CE3
S11144B6005C7928E0204FF628E1C00AC1001E
S11144C4240718008200002009F628E18783EF
S11144D2000A6C82FD005C351800AE00001874
S11144E000AE12C41800AE0000EC8ACD211705
S11044EE596D88E388B746EC401651471617
S11044FB4F1F164F0A1B82317D005C180C08
S111450828E228E01B840B1B92180B8000375E
S11045161801AE28E81801AE28E61800AE22
S111452300011800AE0000164F0A317D28E694
S1114531317D28E81801AE28FE1801AE28FCE2
S111453F1800AE00011800AE0000164F0A313D
S111454D7D28FC317D28FEFD28DA8D00002734
S111455B07FD28DA037D28DAFD28DC8D000038
S11045692707FD28DC037D28DCFD28D88D04
S111457600002709FD28D8037D28D8200C1842
S111458403000028D01803000028D2FD2904EB
S11145928D00002716FD2904036D8C18058C7E
S11145A02904ED8C8D000026041D290608FD5B
S11145AE29028D00002716FD2902036D8A18CC
S11145BC058A2902ED8A8D000026041D2906B9
S11145CA10FD29008D00002712FD2900037D3D
S11145D82900FD29008D000026037921D9FD5C
S11145E628E48D00002707FD28E4037D28E467
S11045F4FD28F68D00002731FD28F6037D1B
S111460128F6FD28F68D00002622FD28E48D03
S110460F000027057228E320067928E379CE
S111461C210CF628E3C10923087328E3180BC8
S111462A01210CFD28F08D00002F07FD28F063
S1104638037D28F0FD28F48D0000271CFDF3
S110464528F4036D8818058828F4ED888D8D
S11146520000260A7900C07900C11D00006036
S1114660FD28F28D00002716FD28F2036D865A
S110466E18058628F2ED868D000026041D37
S111467B000080FD210A036D84180584210AC5
S1114689ED848D0000266218030013210AF64A
S111469721DFC1012611FD2A3D8D00612C4D4D
S11146A5FD2A3D027D2A3D2044F621DFC1FF9F
S11146B32610FD2A3D8D00002F35180300004F
S11146C12A3D202DF621E0C1012611FD2A3DDF
S11146CF8DFF9F2F1EFD2A3D037D2A3D2015E1
S11146DDF621E0C1FF260EFD2A3D8D00002CC3
S11146EB06180300002A3D180182201EED82ED
S11046F9037D201EED828D0000265A18035B
S111470603D0201EF6201D876C80B74603B733
S1114714617B201DED808D00002605180B3CF6
S1114722201DFD28EC8D00002707FD28EC0368
S11147307D28ECFD28EA8D00002707FD28EA0D
S110473E037D28EAFD28EE8D00002714FD00
S111474B28EE037D28EEFD28EE8D00002605E5
S1114759180B6321E11B8E0B1B9B1F00CC2051
S11047670220041820006C18098400CFF60D
S11147742906C5021826005EE684C10A2758ED
S111478218018220B6EC82ED82027D20B6CDB5
S110479020206D80E380B746E6846B40FD79
S111479D20B68D009526151C290602FC20B6B8
S11147ABCD20206D80E380B746CC00006B402B
S11147B9E684C10D261B1C290602FC20B6CD89
S11147C720206D80E380B746CC00006B4018C4
S11147D503000020B61F00CC80001B850B0BD8
S109FF8040AD40AD40ADB0
S109FF8640AD40AD40ADAA
S109FF8C40AD40AD40ADA4
S109FF9240AD40AD40AD9E
S109FF9840AD40AD40AD98
S109FF9E40AD40AD40AD92
S109FFA440AD40AD40AD8C
S109FFAA40AD40AD40AD86
S109FFB040AD40AE40AD7F
S109FFB640AD40AD40AD7A
S109FFBC40AD40AD40AD74
S109FFC240AD40AD40AD6E
S109FFC840AD40AD40AD68
S109FFCE40AD40AD40AD62
S109FFD447E2476140AD65
S109FFDA40AD40AD40AD56
S109FFE040AD440843F5A6
S109FFE640AD42704179B8
S109FFEC4173416D450F55
S109FFF2416C40AD40AD7E
S109FFF840AD400040ADE5
S105FFFE4000BD
S1055AF30000AD
S1075AF53CA3D70AE9
S1045AF901A7
S1055AFA0000A6
S1055AFC0000A4
S1055AFE0000A2
S1045B00019F
S1055B0100009E
S1055B0300009C
S1045B05009B
S1045B06009A
S1045B070099
S1055B08FFFF99
S1055B0A000095
S1045B0C0094
S1045B0D0093
S1045B0E0092
S1045B0F236E
S1045B100090
S1045B11008F
S11147E3004F46462C204F4E00434C4E2C56A1
S11147F1414300504F532C4E4547004558534A
S11147FF4C572C20534C4F572C2046415354FA
S111480D0020202053544F502C204558544571
S111481B4E442C5245545241435400424153E2
S1114829452C2049534F2C204F464600434C4B
S111483745414E45522C4C494E2041435400FD
S111484530382D31302C31322D32322C3234B9
S11148532D33342C33362D343800202C412CD8
S1114861422C432C442C452C462C472C482C2E
S111486F492C4A2C4B2C4C2C4D2C4E2C4F2CEF
S111487D502C512C522C532C542C552C562CB0
S111488B572C582C592C5A2C302C312C322CF2
S1114899332C342C352C362C372C382C392C5F
S11148A72E2C3C2C3E2C3B2C3A2C402C282C46
S11148B5292C2D2C2D00302C312C322C332CA0
S11148C3342C352C362C372C382C392C2D0067
S1075B12400000004B
S1075B163F800000C8
S1075B1A3F800000C4
S1075B1E400000003F
S1045B22007E
S1045B23037A
S1075B24204F4E00BC
S10B5B28000000000000000071
S1055B3047E444
S1055B3200006D
S1075B3440C0000069
S1075B383F800000A6
S1075B3C0000000061
S1075B4041A000007C
S1045B44005C
S1045B450259
S1065B4620360002
S10C5B490000000000000000004F
S1055B5247E323
S1055B5400004B
S1075B5640C0000047
S1075B5A3F80000084
S1075B5E000000003F
S1075B6241A000005A
S1045B66003A
S1045B670237
S1065B68203600E0
S10C5B6B0000000000000000002D
S1055B7447E301
S1055B76000029
S1075B784080000065
S1075B7C3DCCCCCD7F
S1075B803F8000005E
S1075B8441A0000038
S1045B880117
S1045B890413
S1085B8A20342E300060
S10A5B8F000000000000000B
S1055B9647E3DF
S1055B98000007
S1075B9A41000000C2
S1075B9E3DCCCCCD5D
S1075BA23F8000003C
S1075BA641A0000016
S1045BAA01F5
S1045BAB04F1
S1085BAC20382E30003A
S10A5BB100000000000000E9
S1055BB847E3BD
S1055BBA0000E5
S1075BBC4080000021
S1075BC03DCCCCCD3B
S1075BC43F8000001A
S1075BC841A00000F4
S1045BCC01D3
S1045BCD04CF
S1085BCE20342E30001C
S10A5BD300000000000000C7
S1055BDA47E39B
S1055BDC0000C3
S1075BDE42C80000B5
S1075BE23F800000FC
S1075BE641C80000AE
S1075BEA42C80000A9
S1045BEE00B2
S1045BEF03AE
S1075BF0313030001C
S10B5BF40000000000000000A5
S1055BFC47E379
S1055BFE0000A1
S1075C0042960000C4
S1075C043DCCCCCDF6
S1075C080000000094
S1075C0C43960000B7
S1045C10018E
S1045C110589
S1095C122037352E30009E
S1095C1800000000000082
S1055C1E47E356
S1055C2000007E
S1075C223F28F5C35B
S1075C263C23D70A36
S1075C2A3E800000B4
S1075C2E3F666666FD
S1045C32026B
S1045C330468
S1085C34302E3636009D
S10A5C390000000000000060
S1055C4047E334
S1055C4200005C
S1075C4441200000F7
S1075C483F80000095
S1075C4C0000000050
S1075C5041A000006B
S1045C54004B
S1045C550248
S1065C56313000E6
S10C5C590000000000000000003E
S1055C6247E312
S1055C6400003A
S1075C663F80000077
S1075C6A3F80000073
S1075C6E3F8000006F
S1075C7240000000EA
S1045C760029
S1045C770325
S1075C784F46460049
S10B5C7C00000000000000001C
S1055C8447E4EF
S1055C86000018
S1075C883F80000055
S1075C8C3F80000051
S1075C903F8000004D
S1075C9440000000C8
S1045C980007
S1045C990303
S1075C9A434C4E0025
S10B5C9E0000000000000000FA
S1055CA647ECC5
S1055CA80000F6
S1075CAA3F80000033
S1075CAE3F8000002F
S1075CB23F8000002B
S1075CB640000000A6
S1045CBA00E5
S1045CBB03E1
S1075CBC4F46460005
S10B5CC00000000000000000D8
S1055CC847E4AB
S1055CCA0000D4
S1075CCC4000000090
S1075CD03F8000000D
S1075CD43F80000009
S1075CD84000000084
S1045CDC00C3
S1045CDD03BF
S1075CDE4E454700E4
S10B5CE20000000000000000B6
S1055CEA47F479
S1055CEC0000B2
S1075CEE42C80000A4
S1075CF23F800000EB
S1075CF600000000A6
S1075CFA43960000C9
S1045CFE00A1
S1045CFF039D
S1075D00313030000A
S10B5D04000000000000000093
S1055D0C47E367
S1055D0E00008F
S1075D1042C8000081
S1075D143F800000C8
S1075D180000000083
S1075D1C43960000A6
S1045D20007E
S1045D21037A
S1075D2231303000E8
S10B5D26000000000000000071
S1055D2E47E345
S1055D3000006D
S1075D3242C800005F
S1075D363F800000A6
S1075D3A0000000061
S1075D3E4396000084
S1045D42005C
S1045D430358
S1075D4431303000C6
S10B5D4800000000000000004F
S1055D5047E323
S1055D5200004B
S1075D540000000047
S1075D583F80000084
S1075D5C000000003F
S1075D604396000062
S1045D64003A
S1045D650336
S1075D6620203000C5
S10B5D6A00000000000000002D
S1055D7247E301
S1055D74000029
S1075D760000000025
S1075D7A3F80000062
S1075D7E000000001D
S1075D824396000040
S1045D860018
S1045D870314
S1075D8820203000A3
S10B5D8C00000000000000000B
S1055D9447E3DF
S1055D96000007
S1075D983F80000044
S1075D9C3F80000040
S1075DA03F8000003C
S1075DA44040000077
S1045DA800F6
S1045DA905F0
S1095DAA4558534C57005C
S1095DB0000000000000E9
S1055DB647FCA4
S1055DB80000E5
S1075DBA3F80000022
S1075DBE3F8000001E
S1075DC23F8000001A
S1075DC64040000055
S1045DCA00D4
S1045DCB05CE
S1095DCC4558534C57003A
S1095DD2000000000000C7
S1055DD847FC82
S1055DDA0000C3
S1075DDC3F80000000
S1075DE03F800000FC
S1075DE43F800000F8
S1075DE84040000033
S1045DEC00B2
S1045DED05AC
S1095DEE4558534C570018
S1095DF4000000000000A5
S1055DFA47FC60
S1055DFC0000A1
S1075DFE3F800000DE
S1075E023F800000D9
S1075E063F800000D5
S1075E0A4040000010
S1045E0E008F
S1045E0F0589
S1095E104558534C5700F5
S1095E1600000000000082
S1055E1C47FC3D
S1055E1E00007E
S1075E203F800000BB
S1075E243F800000B7
S1075E283F800000B3
S1075E2C40400000EE
S1045E30006D
S1045E310567
S1095E324558534C5700D3
S1095E3800000000000060
S1055E3E47FC1B
S1055E4000005C
S1075E4242B4000062
S1075E463F80000095
S1075E4A41200000EF
S1075E4E42B4000056
S1045E52004B
S1045E530248
S1065E54393000DE
S10C5E570000000000000000003E
S1055E6047E312
S1055E6200003A
S1075E6442C800002C
S1075E683F80000073
S1075E6C41A000004D
S1075E7042C8000020
S1045E740029
S1045E750325
S1075E763130300093
S10B5E7A00000000000000001C
S1055E8247E3F0
S1055E84000018
S1075E863F80000055
S1075E8A3F80000051
S1075E8E3F8000004D
S1075E924080000048
S1045E960007
S1045E970501
S1095E9830382D3130000A
S1095E9E000000000000FA
S1055EA448456B
S1055EA60000F6
S1075EA842C80000E8
S1075EAC3F8000002F
S1075EB000000000EA
S1075EB442C80000DC
S1045EB800E5
S1045EB903E1
S1075EBA313030004F
S10B5EBE0000000000000000D8
S1055EC647E3AC
S1055EC80000D4
S1075ECA42C80000C6
S1075ECE3F8000000D
S1075ED200000000C8
S1075ED642C80000BA
S1045EDA00C3
S1045EDB03BF
S1075EDC313030002D
S10B5EE00000000000000000B6
S1055EE847E38A
S1055EEA0000B2
S1075EEC42C80000A4
S1075EF03F800000EB
S1075EF400000000A6
S1075EF842C8000098
S1045EFC00A1
S1045EFD039D
S1075EFE313030000B
S10B5F02000000000000000093
S1055F0A47E367
S1055F0C00008F
S1075F0E3F800000CC
S1075F123F800000C8
S1075F163F800000C4
S1075F1A40A000009F
S1045F1E007E
S1045F1F017C
S1055F2031004A
S10D5F220000000000000000000071
S1055F2C47E345
S1055F2E00006D
S1075F303F800000AA
S1075F343F800000A6
S1075F383F800000A2
S1075F3C42380000E3
S1045F40005C
S1045F41F566
S10F5F42434C45414E45522043414D0064
S1055F4E485DA8
S1055F5000004B
S1075F523F80000088
S1075F563F80000084
S1075F5A3F80000080
S1075F5E42380000C1
S1045F62003A
S1045F63FC3D
S1085F6431323334006A
S10A5F69000000000000002D
S1055F70485D86
S1055F72000029
S1075F743F80000066
S1075F783F80000062
S1075F7C3F8000005E
S1075F8041200000B8
S1045F840018
S1045F85FA1D
S10A5F862D2D2D2D2D2D0002
S1085F8D00000000000B
S1055F9248BB06
S1055F94000007
S1045F967B8B
S1045F972DD8
S1075F983F80000042
S1075F9C3F8000003E
S1075FA03F8000003A
S1075FA440000000B5
S1045FA800F4
S1045FA903F0
S1075FAA4F46460014
S10B5FAE0000000000000000E7
S1055FB647E4BA
S1055FB80000E3
S1075FBA3F80000020
S1075FBE3F8000001C
S1075FC23F80000018
S1075FC64000000093
S1045FCA00D2
S1045FCB03CE
S1075FCC4F464600F2
S10B5FD00000000000000000C5
S1055FD847E498
S1055FDA0000C1
S1075FDC3F800000FE
S1075FE03F800000FA
S1075FE43F800000F6
S1075FE84000000071
S1045FEC00B0
S1045FED03AC
S1075FEE4F464600D0
S10B5FF20000000000000000A3
S1055FFA47E476
S1055FFC00009F
S1075FFE3F800000DC
S10760023F800000D7
S10760063F800000D3
S107600A400000004E
S104600E008D
S104600F0389
S10760104F464600AD
S10B6014000000000000000080
S105601C47E453
S105601E00007C
S10760203F800000B9
S10760243F800000B5
S10760283F800000B1
S107602C400000002C
S1046030006B
S10460310367
S10760324F4646008B
S10B603600000000000000005E
S105603E47E431
S105604000005A
S107604242C800004C
S10760463F80000093
S107604A000000004E
S107604E447A00008C
S10460520049
S10460530444
S1086054203130300092
S10A6059000000000000003C
S105606047E310
S1056062000038
S10760643F80000075
S10760683F80000071
S107606C3F8000006D
S107607042380000AE
S10460740027
S1046075FC2A
S1086076332E32350059
S10A607B000000000000001A
S1056082485D73
S1056084000016
S111DA0000000000202020434C45414E4552BA
S111DA0E2D56414355554D2020200020434CF9
S111DA1C45414E45522020202020202020206D
S111DA2A202020002056414355554D20202039
S111DA38202020202020202020200020434FEA
S111DA464D50524553534F5220202020202093
S111DA54202020002043414D45524120202037
S111DA622020202020202020202000205354AB
S111DA70415455532020202020202020202027
S111DA7E20202000204D414348494E452053AE
S111DA8C495A45202020202020200020444517
S111DA9A4641554C54532020202020202020AB
S111DAA8202020002045584954202020202012
S111DAB62020202020202020202000202020BE
S111DAC4202020202020202020202020202090
S111DAD22020200020202020202020202020A2
S111DAE0202020202020202020200020202094
S111DAEE202020202020202020202020202066
S111DAFC202020000F000000000F000000009A
S10ADB0A002A0D2A0D2A0D6B
S109DB112A0D2A0D25581F
S109DB172A0D2A0D2A0D5F
S109DB1D2A0D2A0D4C370D
S109DB234C374C374C376F
S109DB294C374C3B4C3765
S109DB2F4D254C374C3774
S111DB354C3700000001202020202020204337
S111DB434C45414E4552202020202020002039
S111DB5153455454494E475320202020202091
S111DB5F2020202020002053455454494E47D6
S111DB6D5320322020202020202020200020C1
S111DB7B444941474E4F535449435320202000
S111DB89202020202000204558495420202030
S111DB972020202020202020202020200020DC
S111DBA52020202020202020202020202020AE
S111DBB32020202020002020202020202020C0
S111DBC12020202020202020202020200020B2
S111DBCF202020202020202020202020202084
S111DBDD202020202000202020202020202096
S111DBEB202020202020202020202020002088
S111DBF920202020202020202020202020205A
S111DC0720202020200020202020202020206B
S111DC1520202020202020202020202000205D
S111DC2320202020202020202020202020202F
S111DC31202020202000000000000000000041
S10CDC3F0000002A0D2A0D2A0D33
S109DC482A0D2A0D2A0D2D
S109DC4E2A0D2A0D2A0D27
S109DC542A0D2A0D4C37D5
S109DC5A4C374C374D2548
S109DC604C374C374C3731
S109DC664C374C374C372B
S111DC6C4C37000001012020434C45414E4539
S111DC7A522053455454494E47532020002055
S111DC8843454E544552205354524F4B45537E
S111DC962020202020002046554C4C205354C2
S111DCA4524F4B4553202020202020200020EA
S111DCB243454E5445522044495354202020EB
S111DCC02020202020002046554C4C204449B2
S111DCCE53542020202020202020202000203D
S111DCDC4C412043454E544552202020202028
S111DCEA202020202000204C4120535045458E
S111DCF8442020202020202020202020002056
S111DD064C494E452D5550204449535420207D
S111DD14202020202000205345414C2054495B
S111DD224D45202020202020202020200020FD
S111DD3054455354204D4F44452020202020BC
S111DD3E202020202000204C4120535749541F
S111DD4C4348202020202020202020200020DA
S111DD5A45584954202020202020202020203D
S111DD682020202020001212101010110F1283
S10CDD7611110022062228224AA0
S109DD7F226C228E22B08A
S109DD8522D2231623380C
S109DD8B239E2A0D4C3B0F
S109DD914C3B4C3B4C3BF3
S109DD974C3B4C3B4C3BED
S109DD9D4C3B4C3B4C3BE7
S111DDA34D250000010220202020205345546D
S111DDB154494E4753203220202020200020C9
S111DDBF53454C20545249472043414D2020E7
S111DDCD202020202000204C494E4520555097
S111DDDB204F4E202020202020202020002039
S111DDE94C494E4555502054494D455220207A
S111DDF7202020202000204C494E455550206D
S111DE0553504545442020202020202000209A
S111DE13455849542020202020202020202083
S111DE212020202020002020202020205741F7
S111DE2F524E494E472020202020202000542F
S111DE3D48452043555252454E542043414D12
S111DE4B45524120200057494C4C20424520AE
S111DE5953454C454354454420415320005446
S111DE67484520545249474745522043414DF7
S111DE75455241202000202020202020202083
S111DE832020202020202020202020200020ED
S111DE912020202020202020202020202020BF
S111DE9F2020202020000010100F00000000A2
S10CDEAD0000002A0D235A237C15
S109DEB622F42A0D2A0DDE
S109DEBC2A0D2A0D2A0DB7
S109DEC22A0D2A0D4A5747
S109DEC84C3B4C3B4C3BBB
S109DECE4D254C374C37D2
S109DED44C374C374C37BB
S111DEDA4C370000010320434C45414E455295
S111DEE820444941474E4F53544943530020B0
S111DEF652455452414354204C4120202020D8
S111DF042020202020002043454E544552206A
S111DF124C4120202020202020202020002010
S111DF20455854454E44204C412020202020DA
S111DF2E202020202000204845414420435755
S111DF3C202020202020202020202020002033
S111DF4A4845414420434357202020202020F6
S111DF58202020202000205345414C5320203F
S111DF66202020202020202020202020002009
S111DF74475249542020202020202020202025
S111DF822020202020002056414355554D20DC
S111DF902020202020202020202020200020DF
S111DF9E4558495420202020202020202020F7
S111DFAC2020202020002020202020202020C3
S111DFBA2020202020202020202020200020B5
S111DFC8202020202020202020202020202087
S111DFD6202020202000000000101010101049
S10CDFE40000002A0D2A0D2A0D8B
S109DFED266A268C26F2D0
S109DFF326AE26D02A0D23
S109DFF92A0D2A0D490067
S109DFFF491C49514C3B92
S109E0054C3B4C3B4C3B7C
S109E00B4C3B4D254C378F
S111E0114C3700000002202020202020205642
S111E01F414355554D20202020202020002074
S111E02D53455454494E4753202020202020B0
S111E03B20202020200020444941474E4F530E
S111E049544943532020202020202020002072
S111E05745584954202020202020202020203D
S111E065202020202000202020202020202009
S111E0732020202020202020202020200020FB
S111E0812020202020202020202020202020CD
S111E08F2020202020002020202020202020DF
S111E09D2020202020202020202020200020D1
S111E0AB2020202020202020202020202020A3
S111E0B92020202020002020202020202020B5
S111E0C72020202020202020202020200020A7
S111E0D5202020202020202020202020202079
S111E0E320202020200020202020202020208B
S111E0F120202020202020202020202000207D
S111E0FF20202020202020202020202020204F
S111E10D202020202000000000000000000060
S10CE11B0000002A0D2A0D2A0D52
S109E1242A0D2A0D2A0D4C
S109E12A2A0D2A0D2A0D46
S109E1302A0D2A0D4C37F4
S109E1364C374D254C3767
S109E13C4C374C374C3750
S109E1424C374C374C374A
S111E1484C370000020120202056414355555B
S111E1564D2053455454494E47532020002079
S111E164315354205641432044495354202043
S111E17220202020200020324E44205641431D
S111E180204449535420202020202020002039
S111E18E335244205641432044495354202028
S111E19C2020202020002034544820564143E7
S111E1AA20444953542020202020202000200F
S111E1B83554482056414320444953542020F6
S111E1C62020202020002031535420564143B5
S111E1D42053504545442020202020200020C8
S111E1E2324E442056414320535045454420BC
S111E1F020202020200020335244205641439A
S111E1FE20535045454420202020202000209E
S111E20C345448205641432053504545442085
S111E21A202020202000203554482056414367
S111E228205350454544202020202020002073
S111E23645584954202020202020202020205C
S111E24420202020200011111111110F0F0FA6
S10CE2520F0F0023C023E2240491
S109E25B24262448246A75
S109E261248C24AE24D03D
S109E26724F22A0D4C3BD9
S109E26D4C3B4C3B4C3B12
S109E2734C3B4C3B4C3B0C
S109E2794C3B4C3B4C3B06
S111E27F4D25000002022056414355554D2006
S111E28D444941474E4F535449435320002007
S111E29B4752495420202020202020202020FB
S111E2A92020202020002056414355554D20B2
S111E2B72020202020202020202020200020B5
S111E2C54558495420202020202020202020CD
S111E2D3202020202000202020202020202099
S111E2E120202020202020202020202000208B
S111E2EF20202020202020202020202020205D
S111E2FD20202020200020202020202020206F
S111E30B202020202020202020202020002060
S111E319202020202020202020202020202032
S111E327202020202000202020202020202044
S111E335202020202020202020202020002036
S111E343202020202020202020202020202008
S111E35120202020200020202020202020201A
S111E35F20202020202020202020202000200C
S111E36D2020202020202020202020202020DE
S111E37B2020202020001010000000000000D0
S10CE38900000026AE26D02A0D86
S109E3922A0D2A0D2A0DDC
S109E3982A0D2A0D2A0DD6
S109E39E2A0D2A0D4C3B80
S109E3A44C3B4D254C37F3
S109E3AA4C374C374C37E0
S109E3B04C374C374C37DA
S111E3B64C37000000032020202020434F4D50
S111E3C450524553534F522020202020002059
S111E3D253455454494E475320202020202008
S111E3E020202020200020444941474E4F5366
S111E3EE5449435320202020202020200020CA
S111E3FC455849542020202020202020202095
S111E40A202020202000202020202020202060
S111E418202020202020202020202020002052
S111E426202020202020202020202020202024
S111E434202020202000202020202020202036
S111E442202020202020202020202020002028
S111E4502020202020202020202020202020FA
S111E45E20202020200020202020202020200C
S111E46C2020202020202020202020200020FE
S111E47A2020202020202020202020202020D0
S111E4882020202020002020202020202020E2
S111E4962020202020202020202020200020D4
S111E4A42020202020202020202020202020A6
S111E4B22020202020000000000000000000B8
S10CE4C00000002A0D2A0D2A0DAA
S109E4C92A0D2A0D2A0DA4
S109E4CF2A0D2A0D2A0D9E
S109E4D52A0D2A0D4C374C
S109E4DB4C374D254C37BF
S109E4E14C374C374C37A8
S109E4E74C374C374C37A2
S111E4ED4C370000030120434F4D505245535D
S111E4FB534F522053455454494E475300206A
S111E509434F4D50524553534F522020202073
S111E517202020202000204C4F572053455434
S111E52520504F494E5420202020202000205A
S111E533484947482053455420504F494E5400
S111E5412020202020002050524553535552D4
S111E54F4520202020202020202020200020F5
S111E55D455849542020202020202020202032
S111E56B2020202020002020202020202020FE
S111E5792020202020202020202020200020F0
S111E5872020202020202020202020202020C2
S111E5952020202020002020202020202020D4
S111E5A32020202020202020202020200020C6
S111E5B1202020202020202020202020202098
S111E5BF2020202020002020202020202020AA
S111E5CD20202020202020202020202000209C
S111E5DB20202020202020202020202020206E
S111E5E920202020200011121110000000003C
S10CE5F700000021E4251425367E
S109E60027142A0D2A0D67
S109E6062A0D2A0D2A0D65
S109E60C2A0D2A0D4C3B0F
S109E6124C3B4C3B4C376D
S109E6184D254C374C3780
S109E61E4C374C374C3769
S111E6244C3700000302202020434F4D50527B
S111E6324553534F52204449414720200020B5
S111E6405345414C5320202020202020202030
S111E64E202020202000204558495420202060
S111E65C20202020202020202020202000200C
S111E66A2020202020202020202020202020DE
S111E6782020202020002020202020202020F0
S111E6862020202020202020202020200020E2
S111E6942020202020202020202020202020B4
S111E6A22020202020002020202020202020C6
S111E6B02020202020202020202020200020B8
S111E6BE20202020202020202020202020208A
S111E6CC20202020200020202020202020209C
S111E6DA20202020202020202020202000208E
S111E6E8202020202020202020202020202060
S111E6F6202020202000202020202020202072
S111E704202020202020202020202020002063
S111E712202020202020202020202020202035
S111E720202020202000100000000000000037
S10CE72E00000026F22A0D2A0D58
S109E7372A0D2A0D2A0D33
S109E73D2A0D2A0D2A0D2D
S109E7432A0D2A0D4C3BD7
S109E7494D254C374C374E
S109E74F4C374C374C3737
S109E7554C374C374C3731
S111E75B4C3700000004202020202020204302
S111E769414D45524120202020202020002038
S111E77753455454494E47532020202020205F
S111E78520202020200020444941474E4F53BD
S111E793544943532020202020202020002021
S111E7A1535441545553202020202020202082
S111E7AF2020202020002045584954202020FE
S111E7BD2020202020202020202020200020AA
S111E7CB20202020202020202020202020207C
S111E7D920202020200020202020202020208E
S111E7E7202020202020202020202020002080
S111E7F5202020202020202020202020202052
S111E803202020202000202020202020202063
S111E811202020202020202020202020002055
S111E81F202020202020202020202020202027
S111E82D202020202000202020202020202039
S111E83B20202020202020202020202000202B
S111E8492020202020202020202020202020FD
S111E85720202020200000000000000000000F
S10CE8650000002A0D2A0D2A0D01
S109E86E2A0D2A0D2A0DFB
S109E8742A0D2A0D2A0DF5
S109E87A2A0D2A0D4C37A3
S109E8804C374C374D2516
S109E8864C374C374C37FF
S109E88C4C374C374C37F9
S111E8924C370000040120202043414D455224
S111E8A0412053455454494E47532020002034
S111E8AE4C49474854494E4720202020202042
S111E8BC202020202000205A4F4F4D20535082
S111E8CA45454420202020202020202000202E
S111E8D8464F435553205350454544202020BD
S111E8E62020202020002046494C4D20414493
S111E8F456414E4345202020202020200020A5
S111E9025441472020202020202020202020C7
S111E91020202020200020455849542020209B
S111E91E202020202020202020202020002047
S111E92C202020202020202020202020202019
S111E93A20202020200020202020202020202B
S111E94820202020202020202020202000201D
S111E9562020202020202020202020202020EF
S111E964202020202000202020202020202001
S111E9722020202020202020202020200020F3
S111E9802020202020202020202020202020C5
S111E98E20202020200010101012080000008D
S10CE99C00000025BE257A259C2B
S109E9A525E026022A0D04
S109E9AB2A0D2A0D2A0DBD
S109E9B12A0D2A0D4C3B67
S109E9B74C3B4C3B4C3BC1
S109E9BD4C3B4D254C37D4
S109E9C34C374C374C37C1
S111E9C94C37000004022043414D45524120CA
S111E9D7444941474E4F5354494353200020B6
S111E9E5414456414E43452046494C4D2020A6
S111E9F3202020202000205A4F4F4D20494E56
S111EA01202020202020202020202020002063
S111EA0F5A4F4F4D204F5554202020202020D8
S111EA1D20202020200020464F435553204641
S111EA2B4152202020202020202020200020E6
S111EA39464F435553204E4541522020202085
S111EA47202020202000204558495420202063
S111EA5520202020202020202020202000200F
S111EA632020202020202020202020202020E1
S111EA712020202020002020202020202020F3
S111EA7F2020202020202020202020200020E5
S111EA8D2020202020202020202020202020B7
S111EA9B2020202020002020202020202020C9
S111EAA92020202020202020202020200020BB
S111EAB720202020202020202020202020208D
S111EAC520202020200000000000000000009F
S10CEAD30000002A0D2A0D2A0D91
S109EADC2A0D2A0D2A0D8B
S109EAE22A0D2A0D2A0D85
S109EAE82A0D2A0D4986E7
S109EAEE49AD49CB49F6D5
S109EAF44A144D254C37C5
S109EAFA4C374C374C3789
S111EB004C37000004032020202020535441F1
S111EB0E545553204D454E5520202020002004
S111EB1C534F4654574152452052455620202F
S111EB2A2020202020002043414D4552412050
S111EB384944202020202020202020200020DE
S111EB4653455249414C204E554D202020206D
S111EB54202020202000204558495420202055
S111EB62202020202020202020202020002001
S111EB702020202020202020202020202020D3
S111EB7E2020202020002020202020202020E5
S111EB8C2020202020202020202020200020D7
S111EB9A2020202020202020202020202020A9
S111EBA82020202020002020202020202020BB
S111EBB62020202020202020202020200020AD
S111EBC420202020202020202020202020207F
S111EBD2202020202000202020202020202091
S111EBE0202020202020202020202020002083
S111EBEE202020202020202020202020202055
S111EBFC2020202020000F0F0D00000000003C
S10CEC0A000000273626242646EA
S109EC132A0D2A0D2A0D52
S109EC192A0D2A0D2A0D4C
S109EC1F2A0D2A0D4C37FA
S109EC254C374C374D256D
S109EC2B4C374C374C3756
S109EC314C374C374C3750
S111EC374C37000000052020202020535441BB
S111EC45545553204D454E55202020200020CC
S111EC53534F465457415245205245562020F7
S111EC612020202020002050524553535552AD
S111EC6F4520202020202020202020200020CE
S111EC7D43414D45524120494420202020208F
S111EC8B2020202020002053455249414C20D7
S111EC994E554D202020202020202020002039
S111ECA74558495420202020202020202020E1
S111ECB52020202020002020202020202020AD
S111ECC320202020202020202020202000209F
S111ECD1202020202020202020202020202071
S111ECDF202020202000202020202020202083
S111ECED202020202020202020202020002075
S111ECFB202020202020202020202020202047
S111ED09202020202000202020202020202058
S111ED1720202020202020202020202000204A
S111ED2520202020202020202020202020201C
S111ED332020202020000F0F0F0D00000000F4
S10CED41000000273627142624E3
S109ED4A26462A0D2A0DE5
S109ED502A0D2A0D2A0D14
S109ED562A0D2A0D4C37C2
S109ED5C4C374C374C3B20
S109ED624D254C374C372F
S109ED684C374C374C3718
S111ED6E4C370000000720202020204445469A
S111ED7C41554C5453202020202020200020FC
S111ED8A4558495420202020202020202020FD
S111ED9820202020200020524553544F524585
S111EDA62044454641554C5453202020002063
S111EDB420202020202020202020202020208D
S111EDC2202020202000202020202020574147
S111EDD0524E494E472020202020202000597A
S111EDDE4F552057494C4C204C4F5345204173
S111EDEC4C4C202020004F4620544845204324
S111EDFA555252454E54202020202020005314
S111EE08455454494E4753205748454E202048
S111EE16202020202000524553544F52494ED4
S111EE24472044454641554C545320200020BD
S111EE3220202020202020202020202020200E
S111EE40202020202000202020202020202020
S111EE4E202020202020202020202020002012
S111EE5C2020202020202020202020202020E4
S111EE6A2020202020000000000000000000F6
S10CEE780000002A0D2A0D2A0DE8
S109EE812A0D2A0D2A0DE2
S109EE872A0D2A0D2A0DDC
S109EE8D2A0D2A0D4D259B
S109EE934A3F4C374C37E6
S109EE994C374C374C37E6
S109EE9F4C374C374C37E0
S105EEA54C37E4
S1056086000014
S1056088000012
S104608A0110
S104608B0010
S111608C000000000000000000000000000002
S10D609A00000000000000000000F8
S10460A400F7
S10460A500F6
S2110E4000180BFC0002180BFF0003180BFC3B
S2120E400D0009180BC0026A180B3C0252180B64
S2120E401B0F025A180B0F024A180B200242799B
S2120E4029008D180B800082180B230083180BD8
S2120E4037800085180B91000C79025479025504
S2110E4045790000790001790008790268798B
S2120E4052025079025879024879024079026DC2
S2120E4060180BFF024C79024E7902440A180B1A
S2120E406E800038180B40003B79025D79025E2A
S2110E407C180B800046180B680040180B6DE0
S2110E4089004C180B05004D79004A180B3C34
S2120E4096004B0A180B050035180B1100341FD0
S2110E40A4003708FB1C0039800A180304E2E2
S2120E40B100C8180B0C00CB1803000020B61C1F
S2120E40BF00CB20180300002108180B0D20B8A9
S2120E40CD0A180BFF00A1180B4F00A2180B339B
S2120E40DB00A3180B6400B4180B6400B5180B87
S2120E40E96400B6180B6400B7180B6400B81807
S2120E40F70B6400B9180B6400BA180B6400BBFD
S2110E41057900BC7900BD7900BE7900BF7947
S2120E411200C07900C17900C27900C3180B15E3
S2120E412000A8180B1500A9180BB000A00A79FF
S2120E412E008D180B800082180B230083180BD2
S20D0E413C450084180B8000850A6C
S11148D11F00CC20FBF600CF873D3BFD2AAF35
S11148DF8D0000270CE681C10A2606CC000DD0
S11148ED1648DB1F00CC80FB180D8100CFE6BF
S10848FB81871B823DD2
S20B0E41454A8F7B384A9001F9
S2060E414C380A1C
S11149001803000021DA1801AE22B21801AE2D
S111490E22B0164DB6B7467D21DCCC00003D2C
S110491C1800AE00001800AE41201801AED6
S10E492922901801AE228E16533016A7
S11149344DB6B7467D21DA1801AE22B2180145
S1114942AE22B0164DB6B7467D21DCCC000087
S11149503D1800AE00001800AE41201801AE64
S10E495E226E1801AE226C16533016B6
S11149694DB6B7467D21DA1801AE22B2180110
S1114977AE22B0164DB6B7467D21DCCC000052
S11149853D1800AE00001800AE44741801AED8
S10E499325E21801AE25E01653301693
S111499E4DB6B7467D28F21C000080CC000008
S11149AC3D1801AE257C1801AE257A164DB6D5
S11149BA7B00C11D0000401803014528F4CC09
S11149C800003D1800AE00001800AE42C818F2
S11049D601AE257C1801AE257A1651781625
S11049E34DB67B00C11C00004018030145C7
S11149F028F4CC00003D1801AE257C1801AE61
S11149FE257A164DB67B00C01D00002018035C
S1114A0C014528F4CC00003D1800AE0000184F
S1114A1A00AE42C81801AE257C1801AE257A04
S1114A28165178164DB67B00C01C00002018F5
S10C4A3603014528F4CC00003D05
S2120E414E1BF1701800860000F60800C1FF2652
S2110E415C084A82B13918200148CC08004AE6
S2110E4169BBD9398C0080231C180888FFCDAA
S2120E417608006D8219886D80CC00014A81C546
S2100E4184384A84F13918200120CD008244
S2120E41906D82CD08006D801988B7644ABBFE9E
S2110E419E39CD4C356D801988B7644ABCF6D5
S2100E41AB396CF08ECD21F66DF08C1820CD
S2110E41B700C3ECF08E4ABBD9398C000C23E9
S2120E41C41C180888FFCD08006D8219886D80C5
S20E0E41D2CC00014A81C5384A84F17C
S2110E41DC39182000CCCD000C6D82EDF08E53
S2110E41E96D80ECF08C4ABBFE39CD4C356D6A
S2100E41F680CC00004ABCF6396CF08E8CB3
S2120E4202000018260064EC86C300806C86C38F
S2120E42100800B746E640C100260418200068D7
S2110E421EEC86C308004ABBD9398C008023FD
S2120E422B1C180888FFCD08006D8219886D805D
S20E0E4239CC00014A81C5384A84F114
S2110E42433918200065CD00826D82EC86C312
S2110E425008006C801988B7644ABBFE39CD95
S2110E425D4C356D801988B7644ABCF6396C76
S2120E426AF08ECC2218CD21F66D84A384E3F0E0
S2120E42788C6CF08CCD2614ADF08C1824FF3313
S2120E4286CD21E46DF08A2017CD00006D80EC81
S2100E4294F08A4A9904381B84ECF08AC3AA
S2120E42A000226CF08ACD2602ADF08A24E11BB9
S2120E42AEF0900A1BF16919F0931800400000FC
S2120E42BC18008F0000698E198E6D8CCD21F6BF
S2110E42CA6DF095182000AAECF0954ABBD9B1
S2110E42D739B7456E8AECF093E38AB74602BF
S2120E42E48D0080241CEDF0956D84CD4C316D52
S2120E42F282ECF09319F0116D86E3866C804A0E
S2110E4300AFE9392011ECF09319F0106D8620
S2110E430DE386B746CC00006B40ECF0954AF8
S2110E431ABBD939B7456E88ECF093E388B733
S2110E432746026DF0938D007F2F3AEC8FC38B
S2110E433408006C8219F0116D80CC00804AD6
S2110E434181C538EC8FC300806C8FEDF095B3
S2110E434E6D84CD4C316D8219F0116D804AD4
S20D0E435BAFE939ECF0954ABBD926
S2110E436439B746026DF093CC2218CD21F627
S2120E43716D86A386E3F0956CF095CD2614AD02
S2120E437FF0951824FF4CECF09319F0106D8696
S2120E438DE386B746CC00006B40EC8FC30800EC
S2110E439B6C8219F0116D80CC00804A81C531
S2110E43A838EC8FC308806C82ED8C6D80CCD7
S2110E43B500014A81C538F62A59C1012607B7
S20F0E43C24A84D739792A591BF0970A57
S1104A3FCC00004AB2B438180BFF21F64A2F
S1094A4C82B1394A84F135
S1104A5239CC00003D180C2A352668180CDC
S10B4A5F2A342669CC4C1C4AE0
S1094A67AE32384A844C13
S1084A6D39CC00003DFE
S2120E43CD1B981800860A00ED86180D402A2F43
S2120E43DBED8602180D402A30F62A30B714B7BB
S2110E43E910F62A2F7C2A57FD2A576D84CD1C
S2100E43F64C186D82CD26366D804AAFE95D
S2100E4402391B880A1B98FD2A576D84CDC6
S2100E440E4C186D82CD26366D804AAFE944
S2110E441A39CD2A2F6D86CD0A006D82ED86F7
S2110E44276D80CC00024A81C5381B880A1B2A
S2120E44349E1800800C50ED80180D402668ED88
S2110E44428002180D4026691B820A1B9ACDBB
S2120E444F26686D84CD0C506D82ED846D80CC8B
S2110E445D00024A81C5381B860A1BF17A192B
S2120E446AF0841800400B10E6F30084876C807A
S2120E44788C00302D51ED808D00392E4AEDF061
S2110E448684180D402658EDF08402180D40E7
S2110E44932659ECF084C30002B746180D4003
S2110E44A0265AECF084C30003B746180D40F4
S2110E44AD265BECF084C30004B746180D40E5
S2110E44BA265CECF084C30005B746180D40D6
S2120E44C7265D79265E2005180B012A591BF07D
S2120E44D5860A1B9ACD26586D84CD0B106D826E
S2110E44E3ED846D80CC00074A81C5381B861F
S2120E44F00A180B01003C20FE0A1B9BCD4BD873
S2110E44FE6D82CD4BDD6D804ABFE4381B8508
S2120E450B0A3BE681CA807B00851F008680FB79
S2120E4519FC0090F30092F30094F300964949CE
S2070E45271B820AD7
S1114A7250726F633A4C696E6575702054691A
S10D4A806D65203030302E30200028
S1094A8A8B168C078C68FA
S1094A908E278E438E5FA9
S1094A968F268FF8903911
S1094A9C9081914991B8DC
S1094AA291DC9279929D63
S1094AA893569429953D8C
S1094AAE956B969096AC96
S1094AB496FA97E798034F
S1094ABA98519942995E37
S1094AC099AC9A999AB525
S1094AC69B039BF49C100D
S1074ACC9C609DA8A1
S2110E452A1BF1D5CD2A637D2A83FD27808DDB
S2120E453700001827007EFC2A83C30018B74625
S2120E45451800AE00001800AE3F00306E40307C
S2110E45536E42FC2A83C30014B7461800AE55
S2120E4560CCCD1800AE3E4C306E40306E42FC97
S2120E456E2A83C3001CB7461800AE00001800C5
S2110E457CAE0000306E40306E42FC2A83C347
S2120E4589000CB7461800AE00001800AE43FA3F
S2120E4597306E40306E42FC2A83C30010B746CC
S2120E45A51800AE00001800AE0000306E40305B
S2120E45B36E421803000027801801AE226E1806
S2120E45C101AE226C1800AE00001800AE4000D0
S2120E45CF1801AE22901801AE228E165330162C
S2110E45DD522D2F2FCD226C6DF0251800AE3E
S2120E45EA00001800AE40001801AE2290180118
S2120E45F8AE228E165330306E40306E42ECF011
S2110E4606254A9AD038180B012A4A1801AE24
S2120E4613224C1801AE224A1800AE0000180007
S2120E4621AE40001801AE22901801AE228E1684
S2120E462F533016522D2F2FCD224A6DF0251821
S2120E463D00AE00001800AE40001801AE22902F
S2120E464B1801AE228E165330306E40306E4280
S2110E4659ECF0254A9AD038180B012A4A1F9D
S2120E46662906020A1803000020B61D290602B9
S2110E46744AAFFE38FD2A3D8D000A2D0C1CA7
S2120E46810258081C0258021C000004FD2A3DBA
S2120E468F8DFFF62E0C1C0258081C0258021C3C
S2120E469D000008FD2A3D8D000026041D0000BC
S2120E46AB0C1801AE266C1801AE266A1800AE6C
S2110E46B900001800AE400016522D2623F607
S2120E46C621E0C101261C18033F80266A180349
S20E0E46D40000266CCC266A4A9AD027
S2110E46DE38180B012A4A182001441801AEA8
S2120E46EB266C1801AE266A1800AE00001800E7
S2120E46F9AE400016522D26491801AE268E181B
S2120E470701AE268C1800AE00001800AE3F80E5
S2120E471516522D2630FD28DA8D0000271C18B1
S2120E4723033F80266A18030000266CCC266A1A
S2110E47314A9AD038180B012A4A182000EEBE
S2120E473E180B0121DF7921E0182000E2180189
S2120E474CAE268E1801AE268C1800AE00001893
S2120E475A00AE400016522D2623F621DFC101BA
S2120E4768261C18033F80268C18030000268E93
S20E0E4776CC268C4A9AD038180B0198
S2120E47802A4A182000A61801AE268E1801AE84
S2110E478E268C1800AE00001800AE40001677
S2120E479B522D26451801AE266C1801AE266A63
S2120E47A91800AE00001800AE3F8016522D26E9
S2110E47B72CFD28DA8D0000271A18033F800F
S2100E47C4268C18030000268ECC268C4A8D
S2110E47D09AD038180B012A4A2052180B01F9
S2120E47DD21E07921DF2048F621DFC1012610EB
S2120E47EB18031AB028DA180BFF21DF7921E02A
S2110E47F92031F621E0C101261018031AB07B
S2110E480628DA180BFF21E07921DF201AF6C4
S2120E481321DFC1012713F621E0C101270CFD9F
S2120E482128DA8D000026041D02580A1801AE75
S2120E482F26B01801AE26AE1800AE0000180019
S2120E483DAE400016522D26061C00011020045A
S2120E484B1D0001101801AE26D21801AE26D0A2
S2120E48591800AE00001800AE400016522D27B6
S2120E486724FC29078400C4808C0000271EFC4B
S2120E487529078400C4408C00002712FC290779
S2120E48838400C4208C000027061C0001402076
S2110E4891041D0001401801AE26F41801AEFD
S2110E489E26F21800AE00001800AE40001600
S2110E48AB522D18260066F60001C5201826B0
S2120E48B800BF1801AE255A1801AE255818007E
S2120E48C6AE00001800AE3F8016522D271918B1
S2120E48D401AE255A1801AE25581800AE00008B
S2120E48E21800AE400016522D2623180304387A
S2110E48F02A4B180B012A4D180B012A4FCC2F
S2100E48FD2A4B4A92DB3887C1002607CCF7
S2100E490988014A8FF1381C00012018208F
S2120E491500621F000120022004182000571812
S2120E492301AE255A1801AE25581800AE00003B
S2110E49311800AE3F8016522D27191801AE45
S2120E493E255A1801AE25581800AE00001800B7
S2120E494CAE400016522D2621180304382A4BB4
S2100E495A180B012A4D792A4FCC2A4B4A26
S2100E496692DB3887C1002607CC88014A79
S2110E49728FF1381D000120F6277FC10027AB
S2120E497F0EF621E1C123260779277F4A82B164
S2110E498D39F6277687B746CC0006136C8ADF
S2120E499ACD27586D88E388B746E640C1001854
S2120E49A82600B0EC8ACD27596D88E388B746F8
S2120E49B6E640C1001826009DEC8ACD275A6DED
S2120E49C488E388B746E640C1001826008AEC47
S2120E49D28ACD275B6D88E388B746E640C104A3
S2120E49E018260077FC2A578400C4FFB746F64A
S2120E49EE28B087B7456D88AE882614FC2A576B
S2120E49FCB70187B746F628B187B7456D88AE69
S2120E4A0A88274EF62A36C1002640FC2A578410
S2110E4A1800C4FF7B28B0FC2A57B701877B31
S2120E4A2528B1180304212A4B180B022A4DF650
S2100E4A332A587B2A4FFC2A57B701877BB7
S20C0E4A3F2A50CC2A4B4A92DBEA
S2100E4A473887C1002607CC88014A8FF184
S2100E4A5338180B012A362003792A36F696
S2120E4A5F21E1C1232605792A5E2005180B01DB
S20B0E4A6D2A5E4A9F05394A36
S20F0E4A74A24539F628BAC1002716F638
S2110E4A7F28B987B7467D21DAF628BA877C5F
S20D0E4A8C21DC7928B97928BAFD5F
S20E0E4A9521DC6D80FC21DA4AA774BE
S2110E4A9F391F28AC0239F621E1C12326226C
S2100E4AACF62A35F12668261AF62A34F192
S2110E4AB826692612180B0121E1792A371CFB
S2110E4AC521E301180C21E328A718030000BA
S2110E4AD228E61803000028E81D28AC02F6A2
S2120E4ADF21E1876CF0258C0001182D1408EDD1
S2120E4AEDF0258D00232E14CD4A8AEEF02509F4
S2120E4AFBB754596D88E388B746ED400540ED7A
S2120E4B09F0258D0063182712A3182013DE1851
S2120E4B1701AE28E81801AE28E6164E791800F4
S2110E4B25AE00001800AE43F416522D182DEB
S2120E4B3213C51801AE27161801AE271418016B
S2120E4B40AE25161801AE25141800AE0000188D
S2120E4B4E00AE411016517816522D2E19180173
S2120E4B5CAE255A1801AE25581800AE000018E9
S2120E4B6A00AE404016522D27201801AE255ADA
S2110E4B781801AE25581800AE00001800AE4D
S2120E4B85408016522D2613F62A37C100260C37
S20E0E4B93CC4BC24AAE3238180B01A6
S2120E4B9D2A37F62A37C100273E1801AE28E842
S2110E4BAB1801AE28E61800AE0B701800AE0E
S2120E4BB80000164EEB182513381801AE22B26A
S2110E4BC61801AE22B0164DB67C21DC180389
S20F0E4BD3000021DA7921DE7921D9726C
S2120E4BDE21E1182013151801AE22B21801AEF2
S2100E4BEC22B0164DB67C21DC180300002B
S20D0E4BF821DA7921DE7921D97249
S2110E4C0121E1182012F2F621D2C1FF18266E
S2120E4C0E12E9F621D9C1002707F621DEC100F5
S2120E4C1C261B1801AE28E81801AE28E6180072
S2110E4C2AAE03D01800AE0000164EEB182399
S2110E4C3712C0F621D9C100182612B71803B8
S2120E4C44000028E61803000028E818030000FB
S2100E4C5228FC1803000028FECC4BB54AC8
S2110E4C5EAE32387221E1182012911801AE08
S2120E4C6B28E81801AE28E61800AE03D0180092
S2120E4C79AE0000164EEB24041820127418011E
S2120E4C87AE22D41801AE22D21800AE000018CF
S2120E4C9500AE000016522D2609180B0721E160
S2120E4CA3182012521801AE235C1801AE235ACA
S2120E4CB11800AE00001800AE3F8016522D18EA
S2120E4CBF2600771800AE00001800AEC12018B2
S2120E4CCD01AE22D41801AE22D21800AE126F1F
S2120E4CDB1800AE3A8316517F165330164DB69D
S2110E4CE9B7466DF0231800AE00001800AEA2
S2110E4CF642F01801AE22F61801AE22F4169A
S2120E4D035330164DB66CF021E6F0247B28A138
S2120E4D11ECF023B70187D72C01417B28A2ECCD
S2120E4D1FF02141517B28A4ECF0214151B70142
S2120E4D2D87D72C01417B28A51820006F180092
S2120E4D3BAE00001800AE41201801AE22D418AD
S2120E4D4901AE22D21800AE126F1800AE3A83DC
S2120E4D5716517F165330164DB6B7466DF02326
S2110E4D651800AE00001800AE42F01801AEA9
S20F0E4D7222F61801AE22F4165330167F
S2120E4D7D4DB66CF021E6F0247B28A1ECF02358
S2120E4D8BB70187D72C01417B28A2E6F0227BCB
S2110E4D9928A4ECF021B70187D72C01417B32
S2120E4DA628A5180B0128A31801AE22F6180138
S2120E4DB4AE22F41800AE00001800AE00001678
S2120E4DC2522D2F461800AE33331800AE3FB3F8
S2110E4DD01801AE22D41801AE22D21800AE85
S2120E4DDD00001800AE40C01801AE22F61801F7
S20E0E4DEBAE22F4165330165266166A
S2110E4DF553301800AE00001800AE40A01699
S2120E4E02517F164DB67C28EE200618031310B0
S2120E4E1028EEFD28EE8D000026061803000183
S2120E4E1E28EE7221E1182010D2F628B8C10038
S2120E4E2C182710C97221E11803000028E61898
S2120E4E3A03000028E8182010B6F628B8C100AF
S2120E4E48182610AD7221E11803000028E61899
S2120E4E5603000028E81820109A1801AE28E86F
S2110E4E641801AE28E61800AE03D01800AEFA
S2110E4E710000164EEB1824008A18030000F1
S20E0E4E7E28EE180428FC28F8180485
S2100E4E8828FE28FA1801AE237E1801AE94
S2110E4E94237C1800AE00001800AE4000167D
S2120E4EA1522D2644CD4A721A8DCC000C1802E5
S2110E4EAF71310434F91801AE28FA1801AE60
S2110E4EBC28F8164E791800AE00001800AE4D
S2120E4EC94474165266316D86316D86CD4B9E44
S2110E4ED76D82198D6D804AAFE939198DB7C1
S20D0E4EE4644AAE32387928A17931
S20D0E4EED28A27928A37928A479DD
S2120E4EF628A51803000028E6180303D028E8A7
S2110E4F041801AE28E81801AE28E61800AE1B
S2120E4F1107A01800AE0000164EEB18230FDA9F
S2120E4F1F7221E118200FD31801AE22081801D9
S2120E4F2DAE2206164DB6B7467D2A471801AEC2
S2110E4F3B222A1801AE2228164DB6B7467D66
S2120E4F482A451800AE00001800AE41201801D3
S2100E4F56AE224C1801AE224A165330163E
S2120E4F624DB6B7467D2A431800AE0000180066
S2120E4F70AE41201801AE226E1801AE226C164F
S2110E4F7E5330164DB6B7467D2A411800AECC
S2120E4F8B00001800AE41201801AE229018014C
S20E0E4F99AE228E165330164DB67C6F
S20F0E4FA32A3F180B012A3CCC4B894A13
S2110E4FAEAE32381803400026F2180300003D
S20C0E4FBB26F4CC26F24A9AD029
S2110E4FC338F62703B7166D82CD4B856D8030
S2110E4FD0CC27044ABBFE39CD00006D80CC08
S2100E4FDD26F24A9904381B8418030000C4
S2110E4FE928E61803000028E87221E11820C3
S2110E4FF60F017921DE1801AE28E81801AE75
S2110E500328E6164E791800AE00001800AE16
S2110E501044741801AE23181801AE231616B0
S2110E501D533016522D182D0ED3180300001A
S2110E502A28E61803000028E87221E1182081
S2110E50370EC01801AE22B21801AE22B01641
S20F0E50444DB6B7467D21DC18042A3F4F
S2120E504F21DAF621D9C1002707F621DEC100B0
S2120E505D261B1801AE28E81801AE28E618002D
S2110E506BAE03D01800AE0000164EEB182354
S2120E50780E7F7221E118200E78F621D9C100A7
S2120E508618260E6FF621DEC10018270E6618CD
S2120E509401AE233A1801AE23381800AE000007
S2110E50A21800AE3F8016522D1826007AF626
S2100E50AF2A3CC101263DCC4B774AAE329F
S2110E50BB3818034000266A18030000266C05
S20C0E50C8CC266A4A9AD038F68F
S2120E50D0267BB7166D82CD4B856D80CC267C6A
S2110E50DE4ABBFE39CD00006D80CC266A4A16
S2110E50EB9904381B84204418034000268CC0
S2100E50F818030000268ECC268C4A9AD098
S2110E510438F6269DB7166D82CD4B856D8054
S2110E5111CC269E4ABBFE39CD00006D80CC2C
S20F0E511E268C4A9904381B84200EF6DF
S2100E51292A3CC1012607CC4B684AAE3269
S2110E5135381803000028E61803000028E8CE
S2120E51427221E118200DB01801AE28E81801F3
S2120E5150AE28E61800AE0B701800AE00001665
S2120E515E4EEB18250D951801AE233A1801AE2D
S2110E516C23381800AE00001800AE3F801667
S2120E5179522D26341803400026AE18030000F2
S20C0E518726B0CC26AE4A9AD0E3
S2110E518F38F626BFB7166D82CD4B856D80A7
S2110E519CCC26C04ABBFE39CD00006D80CC7F
S20D0E51A926AE4A9904381B8472E6
S2120E51B221E118200D41FD2A478D000027072B
S2120E51C07221E118200D321803000028E618A2
S2120E51CE03000028E8180B0E21E118200D1D18
S2120E51DCF621D9C10018260D14F621DEC100EC
S2120E51EA18270D0BFD2A478D00001827006EA5
S2120E51F81801AE22081801AE2206164DB6B3EA
S2120E52062A47B746026D84CD4B536D82198C27
S2110E52146D804AAFE939198CB7644AAE3288
S2110E522138FC2A478400C4018C00002716B6
S2120E522ECE0002FC2A431815B756FC2A3F6D1A
S2120E523C88E3887C21DA2014CE0002FC2A437A
S2120E524A1815B756FC2A3F6D88A3887C21DA0D
S2120E5258FD2A47037D2A477921DE18200C9387
S2110E52661803000028E61803000028E87262
S2120E527321E118200C80FD2A458D000027072D
S2120E52817221E118200C711803000028E618A2
S2120E528F03000028E8180B2221E118200C5C04
S2120E529DF621D9C10018260C53F621DEC100EC
S2120E52AB18270C4AFD2A458D00001827006EA7
S2120E52B91801AE222A1801AE2228164DB6B3E4
S2120E52C72A45B746026D84CD4B406D82198C7B
S2110E52D56D804AAFE939198CB7644AAE32C7
S2110E52E238FC2A458400C4018C00002716F7
S2120E52EFCE0002FC2A411815B756FC2A3F6D5B
S2120E52FD88E3887C21DA2014CE0002FC2A41BB
S2120E530B1815B756FC2A3F6D88A3887C21DA4B
S2120E5319FD2A45037D2A457921DE18200BD28B
S2120E5327F62A3CC1012615CD4B2C6D82198C34
S2110E53356D804AAFE939198CB7644AAE3266
S2110E5342381803000028E61803000028E8BF
S2120E534F7221E118200BA3F62A3CC101182687
S2120E535D00B718042A3F21DA18033F8026AE4A
S2100E536B1803000026B0CC26AE4A9AD0DE
S2110E537738F626BFB7166D82CD4B286D801A
S2110E5384CC26C04ABBFE39CD00006D80CC95
S2100E539126AE4A9904381B8418033F8091
S2100E539D266A18030000266CCC266A4A0E
S20F0E53A99AD038F6267BB7166D82CD24
S20E0E53B44B286D80CC267C4ABBFE0B
S2100E53BE39CD00006D80CC266A4A99049A
S2110E53CA381B841801AE28E81801AE28E640
S2120E53D71800AE35601800AE0000164EEB182D
S2120E53E5250B111801AE22081801AE22061670
S2120E53F34DB6B7467D2A471801AE222A18017F
S20E0E5401AE2228164DB67C2A457919
S2110E540B2A3C180B0A21E118200AE31803AC
S2120E5418000028E61803000028E87221E118AE
S2110E5426200AD01803000021DA18033F807C
S2100E543326F21803000026F4CC26F24ADF
S20F0E543F9AD038F62703B7166D82CD04
S20E0E544A4B286D80CC27044ABBFEEB
S2100E545439CD00006D80CC26F24A99047B
S2110E5460381B8418033F8026AE180300008C
S20C0E546D26B0CC26AE4A9AD0FA
S2110E547538F626BFB7166D82CD4B286D801B
S2110E5482CC26C04ABBFE39CD00006D80CC96
S2100E548F26AE4A9904381B8418033F8092
S2100E549B266A18030000266CCC266A4A0F
S20F0E54A79AD038F6267BB7166D82CD25
S20E0E54B24B286D80CC267C4ABBFE0C
S2100E54BC39CD00006D80CC266A4A99049B
S2110E54C8381B8418033F80268C1803000046
S20C0E54D5268ECC268C4A9AD0D6
S2110E54DD38F6269DB7166D82CD4B286D80D5
S2110E54EACC269E4ABBFE39CD00006D80CC50
S20D0E54F7268C4A9904381B84F633
S2120E550021D9C100182609F11801AE28E818A8
S2120E550E01AE28E61800AE26201800AE0000ED
S2110E551C164EEB182509D6CC4B114AAE32B2
S2110E5529381803000028E61803000028E8D6
S2120E55367221E1182009BC1801AE28E81801F3
S2120E5544AE28E61800AE03D01800AE00001615
S2120E55524EEB182509A11803000028E61803D4
S2120E5560000028E87221E11820098E1801AE10
S2120E556E23C21801AE23C01800AE00001800AF
S2120E557CAE000016522D2609180B2221E1183D
S2110E558A20096C1803400026D01803000000
S20C0E559726D2CC26D04A9AD08B
S2110E559F38F626E1B7166D82CD4B856D8071
S2110E55ACCC26E24ABBFE39CD00006D80CC49
S20F0E55B926D04A9904381B841801AE59
S2110E55C423C21801AE23C0164DB6B746CC56
S2120E55D1FFF6136CF0237B28A1ECF023B70137
S2120E55DF87D72C01417B28A2180B0128A31893
S2120E55ED01AE246C1801AE246A1800AE000043
S2120E55FB1800AE404016522D260A1AF023183F
S2120E560900000078202B1801AE246C1801AE9F
S2110E5617246A1800AE00001800AE40001603
S2120E5624522D260A1AF02318000000502008F9
S2120E56321AF0231800000028ECF02341517BDE
S2120E564028A4ECF0234151B70187D72C014168
S2120E564E7B28A51801AE23C21801AE23C01885
S2120E565C00AE00001800AE4040165266180053
S2120E566AAE00001800AE412016517F164DB64B
S2110E56787C28EEFD28EE8D00002606180399
S2120E5685000128EE7221E118200869F628B8FA
S2110E5693C100182708607221E11803000000
S2110E56A028E61803000028E81820084DF62E
S2120E56AD28B8C10026371803000028EE180194
S2120E56BBAE28E81801AE28E61800AE03D0188A
S2120E56C900AE0000164EEB182308257928A119
S20E0E56D77928A27928A37928A47971
S2110E56E128A57221E11820080F18030000FE
S2120E56EE28E61803000028E8182007FF18010B
S2120E56FCAE23E41801AE23E21800AE0000182E
S2120E570A00AE000016522D2609180B2221E1C5
S2120E5718182007DD1801AE23E41801AE23E2BA
S2110E5726164DB6B746CC000A136CF0237B6A
S2110E573328A1ECF023B70187D72C01417B8F
S2120E574028A2180B0128A31801AE248E1801FD
S2120E574EAE248C1800AE00001800AE404016BA
S2120E575C522D260A1AF0231800000078202B75
S2110E576A1801AE248E1801AE248C1800AE69
S2120E577700001800AE400016522D260A1AF03C
S2120E578523180000005020081AF0231800000B
S2120E57930028E6F0247B28A4ECF023B701874E
S2120E57A1D72C01417B28A51801AE23E4180173
S2120E57AFAE23E21800AE00001800AE40401604
S2110E57BD52661800AE00001800AE41201611
S20D0E57CA517F164DB67C28EEFD4B
S2120E57D328EE8D000026061803000128EE7242
S2110E57E121E118200712F628B8C10018277F
S2110E57EE07097221E11803000028E61803D3
S2120E57FB000028E8182006F6F628B8C100268C
S2120E5809371803000028EE1801AE28E8180126
S2120E5817AE28E61800AE03D01800AE0000163F
S2110E58254EEB182306CE7928A17928A2791D
S20D0E583228A37928A47928A57292
S2120E583B21E1182006B81803000028E6180310
S2120E5849000028E8182006A81801AE2406183F
S2120E585701AE24041800AE00001800AE0000CD
S2120E586516522D2609180B2221E11820068653
S2120E58731801AE24061801AE2404164DB6B764
S2120E588146CCFFF6136CF0237B28A1ECF0232A
S2110E588FB70187D72C01417B28A2180B010C
S2120E589C28A31801AE24B01801AE24AE1800D4
S2120E58AAAE00001800AE404016522D260A1A0A
S2120E58B8F0231800000078202B1801AE24B046
S2110E58C61801AE24AE1800AE00001800AE9D
S2110E58D3400016522D260A1AF0231800006B
S2120E58E0005020081AF0231800000028ECF0E6
S2120E58EE2341517B28A4ECF0234151B70187CD
S2120E58FCD72C01417B28A51801AE24061801F4
S2120E590AAE24041800AE00001800AE40401684
S2110E591852661800AE00001800AE412016B4
S20D0E5925517F164DB67C28EEFDEE
S2120E592E28EE8D000026061803000128EE72E5
S2110E593C21E1182005B7F628B8C10018277F
S2110E594905AE7221E11803000028E61803D3
S2120E5956000028E81820059BF628B8C100268B
S2120E5964371803000028EE1801AE28E81801CA
S2120E5972AE28E61800AE03D01800AE000016E3
S2110E59804EEB182305737928A17928A2791D
S20D0E598D28A37928A47928A57236
S2120E599621E11820055D1803000028E6180310
S2120E59A4000028E81820054D1801AE2428181D
S2120E59B201AE24261800AE00001800AE00004F
S2120E59C016522D2609180B2221E11820052B53
S2120E59CE1801AE24281801AE2426164DB6B7C4
S2120E59DC46CC000A136CF0237B28A1ECF023B9
S2110E59EAB70187D72C01417B28A2180B01B0
S2120E59F728A31801AE24D21801AE24D0180034
S2120E5A05AE00001800AE404016522D260A1AAD
S2120E5A13F0231800000078202B1801AE24D2C7
S2110E5A211801AE24D01800AE00001800AE1E
S2110E5A2E400016522D260A1AF0231800000E
S2120E5A3B005020081AF0231800000028E6F08F
S2120E5A49247B28A4ECF023B70187D72C01414E
S2120E5A577B28A51801AE24281801AE242618AA
S2120E5A6500AE00001800AE4040165266180046
S2120E5A73AE00001800AE412016517F164DB63E
S2110E5A817C28EEFD28EE8D0000260618038C
S2120E5A8E000128EE7221E118200460F628B8FA
S2110E5A9CC100182704577221E11803000000
S2110E5AA928E61803000028E818200444F62E
S2120E5AB628B8C10026371803000028EE180187
S2120E5AC4AE28E81801AE28E61800AE03D0187D
S2120E5AD200AE0000164EEB1823041C7928A119
S20E0E5AE07928A27928A37928A47964
S2110E5AEA28A57221E11820040618030000FE
S2120E5AF728E61803000028E8182003F618010B
S2120E5B05AE244A1801AE24481800AE00001852
S2120E5B1300AE000016522D2609180B2221E1B8
S2120E5B21182003D41801AE244A1801AE2448EC
S2110E5B2F164DB6B746CCFFF6136CF0237B72
S2110E5B3C28A1ECF023B70187D72C01417B82
S2120E5B4928A2180B0128A31801AE24F418018A
S2120E5B57AE24F21800AE00001800AE40401647
S2120E5B65522D260A1AF0231800000078202B68
S2110E5B731801AE24F41801AE24F21800AE90
S2120E5B8000001800AE400016522D260A1AF02F
S2120E5B8E23180000005020081AF023180000FE
S2120E5B9C0028ECF02341517B28A4ECF02341A8
S2120E5BAA51B70187D72C01417B28A51801AEF6
S2120E5BB8244A1801AE24481800AE000018004D
S2120E5BC6AE40401652661800AE00001800AE36
S2100E5BD4412016517F164DB67C28EEFDC3
S2120E5BE028EE8D000026061803000128EE7231
S2110E5BEE21E118200305F628B8C10018277F
S2110E5BFB02FC7221E11803000028E61803D4
S2120E5C08000028E8182002E9F628B8C100268B
S2120E5C16391803000028EE1801AE28E8180113
S2120E5C24AE28E61800AE03D01800AE0000162E
S2110E5C324EEB182302C17928A17928A2791D
S20F0E5C3F28A37928A47928A5180B22AC
S2120E5C4A21E1182002A91803000028E6180310
S2120E5C58000028E8182002991803000028E61F
S2120E5C661803000028E81803000021DA1803C1
S20F0E5C74000028EE7928A17928A279FE
S2100E5C7F28A37928A47928A518033F80D6
S2100E5C8B26F21803000026F4CC26F24A7F
S20F0E5C979AD038F62703B7166D82CDA4
S20E0E5CA24B286D80CC27044ABBFE8B
S2100E5CAC39CD00006D80CC26F24A99041B
S2110E5CB8381B8418033F8026AE180300002C
S20C0E5CC526B0CC26AE4A9AD09A
S2110E5CCD38F626BFB7166D82CD4B286D80BB
S2110E5CDACC26C04ABBFE39CD00006D80CC36
S2100E5CE726AE4A9904381B8418033F8032
S2100E5CF326D01803000026D2CC26D04A7D
S20F0E5CFF9AD038F626E1B7166D82CD5F
S20E0E5D0A4B286D80CC26E24ABBFE45
S2100E5D1439CD00006D80CC26D04A9904D4
S2110E5D20381B8418033F80266A1803000007
S20C0E5D2D266CCC266A4A9AD0B9
S2110E5D3538F6267BB7166D82CD4B286D8096
S2110E5D42CC267C4ABBFE39CD00006D80CC11
S2100E5D4F266A4A9904381B8418033F800D
S2100E5D5B268C18030000268ECC268C4AE0
S20F0E5D679AD038F6269DB7166D82CD3A
S20E0E5D724B286D80CC269E4ABBFE21
S2100E5D7C39CD00006D80CC268C4A9904B0
S2110E5D88381B84F621D9C10018260165CC03
S20E0E5D954AF94AAE3238180313100E
S2120E5D9F28F07221E118200151180B2321E185
S2120E5DAD1D28A701182001441803000028E642
S2100E5DBB1803000028E8CC4AE64AAE3278
S2110E5DC7381803131028F01803000021DA18
S2110E5DD41803000028EE7928A17928A27980
S2100E5DE128A37928A47928A518033F8073
S2100E5DED26F21803000026F4CC26F24A1C
S20F0E5DF99AD038F62703B7166D82CD41
S20E0E5E044B286D80CC27044ABBFE27
S2100E5E0E39CD00006D80CC26F24A9904B7
S2110E5E1A381B8418033F8026AE18030000C8
S20C0E5E2726B0CC26AE4A9AD036
S2110E5E2F38F626BFB7166D82CD4B286D8057
S2110E5E3CCC26C04ABBFE39CD00006D80CCD2
S2100E5E4926AE4A9904381B8418033F80CE
S2100E5E5526D01803000026D2CC26D04A19
S20F0E5E619AD038F626E1B7166D82CDFB
S20E0E5E6C4B286D80CC26E24ABBFEE2
S2100E5E7639CD00006D80CC26D04A990471
S2110E5E82381B8418033F80266A18030000A4
S20C0E5E8F266CCC266A4A9AD056
S2110E5E9738F6267BB7166D82CD4B286D8033
S2110E5EA4CC267C4ABBFE39CD00006D80CCAE
S2100E5EB1266A4A9904381B8418033F80AA
S2100E5EBD268C18030000268ECC268C4A7D
S20F0E5EC99AD038F6269DB7166D82CDD7
S20E0E5ED44B286D80CC269E4ABBFEBE
S2100E5EDE39CD00006D80CC268C4A99044D
S2110E5EEA381B84180B2321E12005180B230E
S2110E5EF721E14A8B6D38876CF0291BF02BCD
S2050E5F040A7F
S1084AD020202030004D
S10560A60000F4
S10560A80000F2
S2110E5F051BF1EDCD4AD01A8E180A7030CC66
S2120E5F120002180271310434F91801AE25385B
S2110E5F201801AE25361801AE25161801AE76
S2110E5F2D25141651781800AE00001800AEB0
S2110E5F3A412016522D182C0082FC277816DA
S2110E5F474E481801AE25161801AE2514168C
S2120E5F54522D272D1801AE25161801AE251457
S2120E5F621800AE00001800AE412016517F301B
S20F0E5F707E2536307E2538CC25364ABE
S20F0E5F7B9AD038180B012A4A2040FC72
S2110E5F86277A164E481801AE25381801AEC3
S2120E5F93253616522D272B1801AE253818016E
S2120E5FA1AE25361800AE00001800AE412016D3
S20F0E5FAF5178307E2514307E2516CC6F
S20D0E5FBA25144A9AD038180B0182
S2110E5FC32A4A1801AE25381801AE253616EE
S2120E5FD04DB6B7467D277A1801AE2516180177
S2110E5FDEAE2514164DB67C2778CC00004A72
S2110E5FEB850C39B7456E8CB754164E481807
S2120E5FF800AE00001800AE42CC16522D2F4101
S2120E60061800AE00001800AE42C8ECF01016E1
S2110E60144E481800AE00001800AE42CC1626
S2110E602151781800AE00001800AE444C1664
S20D0E602E5266165330164DB6CD1F
S2110E60374AE26C846D82198E6D804AAFE9C8
S2110E6044392012CD00006D84CD4AE26D822B
S2110E6051198E6D804AAFE939198EB7644A74
S20D0E605EBC1D38164E481801AEA2
S2120E606727161801AE271416522D182700FC09
S2110E6075198EB7644ABC1D38164E48307E94
S20E0E60822714307E2716CC27144A8A
S2110E608C9AD038F62725B7166D82198E6D40
S2110E609980CC27264ABBFE39CD00006D8058
S20E0E60A6CC27144A9904381B84F622
S2120E60B0277687B746CC0006136C8ACD275887
S2120E60BE6D86E386B746E640C1002646EC8A9F
S2120E60CCCD27596D86E386B746E640C1002600
S2120E60DA35EC8ACD275A6D86E386B746E6402D
S2120E60E8C1002624EC8ACD275B6D86E386B7B4
S2120E60F646E640C1052613FD28EA8D0000265C
S2110E61040B180B012A4A1803000528EAF6B0
S2120E6111277687B746CC0006136C88CD275827
S2120E611F6D86E386B746E640C1002646EC883F
S2120E612DCD27596D86E386B746E640C100269E
S2120E613B35EC88CD275A6D86E386B746E640CD
S2120E6149C1032624EC88CD275B6D86E386B751
S2120E615746E640C1012613FD28EA8D000026FE
S2120E61650B180B012A4A1803000528EA18012B
S2120E6173AE27161801AE27141801AE25161804
S2120E618101AE251416522D2E2A1801AE21E65A
S2110E618F1801AE21E41800AE00001800AE98
S2120E619C400016522D2611F60001C580260A6A
S2120E61AA1803012C28EC1C0001801F0001803B
S2120E61B8022004182000821801AE27161801C9
S2120E61C6AE27141801AE25381801AE25361673
S2120E61D4522D2D071D0001807921E21801AE16
S2120E61E221E61801AE21E41800AE00001800EB
S2110E61F0AE3F8016522D26041D000180FDC8
S2110E61FD28EC8D0000263D1D0001801803C5
S2120E620A3F8021E41803000021E6CC21E44A72
S20F0E62189AD038F621F5B7166D82CD31
S20E0E62234B286D80CC21F64ABBFE18
S2100E622D39CD00006D80CC21E44A9904A7
S2110E6239381B84180B0121E21BF0130A1B04
S2120E6246F1E41801AE25C01801AE25BE1801F3
S2100E6254AE25C01801AE25BE165330163F
S2110E62604DB67B00C3FD21C5027D21C5FD98
S2120E626D2A576D84CD4ADD6D82CD26366D80A5
S2110E627B4AAFE9391F28B208022004182089
S2120E6288017EFC2A578400C4FFB746F628B3E4
S2120E629687B7456D86AE8618260167FC2A571A
S2120E62A484FFC400B746C7B628B4B7456D864D
S2110E62B2AE8618260150F62906C5401826A1
S2100E62BF01477928B27928B37928B4FC80
S2120E62CB2A578400C4FF7B28B0FC2A5784FF97
S2120E62D9C400B701877B28B11C000010180306
S2110E62E704212A4B180B022A4DF62A587B6E
S2100E62F42A4FFC2A57B701877B2A50CC95
S2100E63002A4B4A92DB3887C1002607CCD9
S2100E630C88014A8FF138CC00014AB2B46A
S20F0E631838180301E828F6792A62798F
S20D0E63232A61792A60792A5F7955
S2120E632C2776F6277687B746CC000613B746BA
S2120E633ACE2758B7646E86E386B746CC0000B4
S2120E63486B40F6277687B746CC000613B74690
S2120E6356CE2759B7646E86E386B746CC000097
S2120E63646B40F6277687B746CC000613B74674
S2120E6372CE275AB7646E86E386B746CC00007A
S2120E63806B40F6277687B746CC000613B74658
S2120E638ECE275BB7646E86E386B746CC000459
S2120E639C6B40F6277687B746CC000613B7463C
S2120E63AACE275CB7646E86E386B746CC00013F
S2120E63B86B40F6277687B746CC000613B74620
S2120E63C6CE275DB7646E86E386B746CC000023
S2120E63D46B401C290640FC290784FFC4F8B750
S2120E63E2467D2907F6277687B746CC000613AB
S2120E63F0B746CE2758B7646E86E3864AA4C517
S20C0E63FE384AACC138180B0139
S2120E64062A4AF628B0C1002607F628B1C100B5
S2100E6414270C180C28B02A35180C28B1DE
S2120E64202A34FC2A578400C4FFB746F628B06E
S2120E642E87B7456D86AE86263BFC2A5784FF42
S2120E643CC400B746C7B628B1B7456D86AE8605
S2110E644A26267928B17928B01C000010CD4A
S2120E645726146D84CD4AD56D8219886D804A46
S20E0E6465AFE9391988B7644AAE3263
S2110E646F382012F628B0C1002607F628B118
S2120E647CC10027041D0000101F28B20126FCCA
S20B0E648A21C54ABA7A394A11
S20D0E6491BA8339B7457E2A577905
S2100E649A28B2FC2A57B701877B2A30F682
S20C0E64A62A587B2A2F4A8406B1
S2110E64AE391F28B202437928B2CE0064FCD6
S2120E64BB2A5718107E2904FD29048D0000268F
S2110E64C9F8180302A12A4B180B022A4DF6F6
S2100E64D62A587B2A4FFC2A57B701877BFA
S20C0E64E22A50CC2A4B4A92DB2D
S2100E64EA3887C1002607CC88014A8FF1C7
S2110E64F6381F28B2044DFC2A578400C4FF40
S2120E6503B746F628B387B7456D86AE862638A1
S2120E6511FC2A5784FFC400B746C7B628B4B798
S2120E651F456D86AE862623F628B6B714B71040
S20E0E652DF628B57C2A577928B2F638
S2100E65372A587B2A2FFC2A57B701877BB8
S20B0E65432A304A840639F6E1
S2120E654A2906C540261BFC29078400C4048CB7
S2120E65580000270FFC29078400C4028C0000EA
S2120E656627031649861BF01C0AF62115C1FFE8
S2120E65742741180B012115180B0121D9EC85B5
S2120E65823BEC853B1800AE00001800AE42C281
S2110E659016522D2F0A18008342C2180085E1
S2120E659D0000792A32EC853BEC853B164DB697
S2120E65AB7B2A311C025805180B0128A60AF68C
S2120E65B92115C1012741180BFF2115180B01E5
S2120E65C721D9EC853BEC853B1800AE00001883
S2120E65D500AE42C216522D2F0A18008342C286
S2120E65E31800850000792A31EC853BEC853BCE
S2110E65F1164DB67B2A321C025805180B01FB
S20E0E65FE28A60A7921D9792115790D
S2100E66082A31792A327928A618030009D8
S2120E66142904FD29048D000026F8FC2A83C3F7
S2120E66220004B7461800AE00001800AE0000CA
S2120E6630306E40306E42FC2A83C30008B7461A
S2120E663E1800AE00001800AE0000306E4030A1
S2120E664C6E420A3B1801AE23A01801AE239E26
S2120E665A1800AE00001800AE400016522D18A6
S2120E6668260087F621D2C10026151F0000025E
S2120E66761018030A1F21CC18058021D3180B0E
S2120E66840121D2F621D2C10226151F000001FA
S2120E6692101803000021CC18058021D3180B1B
S2120E66A00321D2F621D2C1012607F62115C11E
S2110E66AE002707F60000C502260A18058014
S2120E66BB21D3180B0221D2F621D2C1031826C7
S2120E66C900A6F60000C5011826009D4AA60182
S2110E66D7391803000021D31803000021110E
S2120E66E4180BFF21D2180B0521CB1820007FB5
S2120E66F2F621D2C1002617F60000C5022610AD
S2120E670018030A1F21CC18058021D3180B0192
S2120E670E21D2F621D2C1022617F60000C501D2
S2120E671C26101803000021CC18058021D31875
S2120E672A0B0321D2F621D2C1012607F6211549
S2120E6738C10027051F0000020A18058021D397
S2110E6746180B0221D2F621D2C103261F1F0A
S2100E67530000011A4AA6013918030000C7
S2120E675F21D3180300002111180BFF21D218AB
S20B0E676D0B0521CB1B820A6F
S10560AA0000F0
S2120E67743B1B90180421CC21D0F621D2C1007A
S2120E67822D12EDF0108DFFFF2F0A7921CBECB5
S2110E6790F0154AA64F391800AECCCD1800F5
S2110E679DAE40BCECF014164E4816533016E7
S2110E67AA4DB6B7467D21CE19F015180540E8
S2120E67B721D5F621D2C1FF2633F621CBC10026
S2120E67C5272CFD21CEBD21CC2724180421CE74
S2110E67D321CCFC2A83C30004B7461800AE86
S2120E67E000001800AE0000306E40306E4218FC
S20D0E67EE0421D521D3FD21CCBDFA
S2120E67F721D027037921CB1801AE21C9180137
S20E0E6805AE21C7FC21D3164E48162E
S2120E680F53303A6C8E3A6C8EFC21CC164E48E8
S2120E681DFC2111164E48ECF0163BECF0163B26
S2100E682B16517F16522D2E34FC21CC1672
S2120E68374E48FC2111164E48ECF0163BECF0C7
S2120E6845163B16517816522D2D18FD21CC8DB1
S2120E685300002710F621CBC10026094AA6012A
S2110E686139180B0221CBFD28DC8D00001827
S2120E686E2601C3180B0121DEFD21CCBD211123
S2120E687C2F07F621CBC1002712F621D7C1003A
S2120E688A182700C4F621D8C100182600BB1829
S2120E689801AE28D21801AE28D0164E8C306EE9
S2110E68A686306E86FC21D3164E481801AEC5
S20F0E68B328D21801AE28D0164E8C1608
S2120E68BE5178306E82306E82FC2A834AB2DB30
S2110E68CC383A6C8A3A6C8A1805882A091824
S2120E68D9058A2A0B1801AE2A0B1801AE2A09E4
S2120E68E71800AE00001800AE42B416522D2F4A
S2120E68F50C180342B42A09180300002A0B18CA
S2120E690301AE2A0B1801AE2A091800AE0000CF
S2120E69111800AE41A016522D2C0C180341A0F5
S2120E691F2A09180300002A0BFD277C8D0000A7
S2110E692D26101801802A091801822A0B4A2E
S20D0E693AA56F392010FC277C160F
S2110E69434E48306E82306E824AA56F39794E
S20F0E695021CBFD21CCBD21112C07F63B
S2110E695B21CBC1002712F621D8C100182747
S2120E696800C4F621D7C100182600BB1801AEDB
S2120E697628D21801AE28D0164E8C306E863003
S2120E69846E86FC21D3164E481801AE28D21889
S2120E699201AE28D0164E8C165178306E82301E
S2110E69A06E82FC2A834AB2DB383A6C8A3AC5
S2120E69AD6C8A1805882A0918058A2A0B180106
S2120E69BBAE2A0B1801AE2A091800AE00001800
S2110E69C900AE42B416522D2F0C180342B429
S2120E69D62A09180300002A0B1801AE2A0B1809
S2120E69E401AE2A091800AE00001800AE41A043
S2110E69F216522D2C0C180341A02A0918036E
S2120E69FF00002A0BFD277C8D000026101801C6
S20F0E6A0D802A091801822A0B4AA5B841
S2110E6A18392010FC277C164E48306E82305A
S2110E6A256E824AA5B8397921CB18030030D1
S2120E6A3228DC1801AE23A01801AE239E180015
S2110E6A40AE00001800AE400016522D1826AF
S2120E6A4D0067F60000C5012631F62A32C1009B
S2120E6A5B272AF621D8C1002623F621D7C10021
S2110E6A69261C1803000021114AA60139FD57
S2120E6A7621CC8D0000260A180B0321CB180B20
S2110E6A84FF21D2F60000C5021826007FF690
S2120E6A912A31C10018270076F621D8C100184B
S2110E6A9F26006DF621D7C100182600644AA9
S2110E6AACA60139180B0421CB20591F00003F
S2120E6AB90131F62A32C100272AF621D8C10076
S2110E6AC72623F621D7C100261C180300005A
S20B0E6AD421114AA60139FD4F
S2120E6ADB21CC8D0000260A180B0321CB180BBB
S2120E6AE9FF21D21F0000021EF62A31C1002722
S2120E6AF717F621D8C1002610F621D7C10026AC
S2110E6B05094AA60139180B0421CB1BF0120D
S2050E6B120A65
S1114AD550726F633A25730025303458002563
S1114AE33364005761726E3A54494D454F5585
S1114AF154204552524F520050726F633A5691
S1114AFF616375756D696E6720436F6D706C31
S1114B0D6574650050726F633A436C65616EA7
S1114B1B696E6720436F6D706C657465004FA2
S1114B2946460050726F633A526576657273A9
S1114B37696E6720486561640050726F633ACE
S1114B45436C65616E2046756C6C202564001F
S1114B5350726F633A436C65616E2043656E69
S1114B61746572202564005761726E3A5445E3
S1114B6F5354204D4F44450050726F633A4337
S1114B7D6C65616E696E6700204F4E005072C9
S1114B8B6F633A496E666C6174696E672053FD
S1114B9965616C730050726F633A4C696E650F
S1114BA775702054696D652025332E3166002B
S1114BB550726F633A4C696E6520557000575C
S1114BC361726E3A4149522050524553535587
S1114BD15245204C4F5700332E3235000D0A4A
S1114BDF435254532C20496E632E0D0A436C2E
S1114BED65616E657220496E7465726661635F
S1114BFB6520436F6E74726F6C6C65720D0AE8
S1114C095265766973696F6E2025730D0A3E3D
S1114C17003034580050726F633A43616D658B
S1114C2572612053656C6563746564002573C9
S1074C332C002C0021
S10460AC00EF
S10460AD00EE
S1074C37CC00003D6C
S2110E15411B9218008A00014A9DD63887B707
S2120E154E466D88F6277687B746CC0006136CD9
S2120E155C86CD275D6D80E380B746E640876C31
S2120E156A84EC86CE275C6E80E380B746E640A5
S2120E157887B746EE84B7646E80E3808300016C
S2120E1586596C82ED88CC013713B746CEDB0BC0
S2120E1594B7646E80E380B746EC826D80E3800F
S2120E15A2B7461802408C200EED8C19E8201865
S2120E15B002408CED8A026D8AF62A3887AC8AC7
S2120E15BE2EEAEC8C1B8E0A3B1B98F62A39B7CB
S2110E15CC1603B764876C80EC884A990438C5
S2120E15D91B84ED881802408418024286EC88A9
S2120E15E7C3000CB745ED88180202AE180200BF
S2120E15F5AE1800AE00001800AE3F8016517FF6
S2110E1603306E40306E42EC884A9AD038F6B3
S2120E1610277687B746CC000613B746CE275869
S2110E161EB7646E82E3824AA4C538ED88ECF0
S2120E162B863BEC863B306E40306E42EC884AB4
S2100E16399AD0381B8A0A3B1B9EEC82C31C
S2120E16450020B746ED408D00002755722A385D
S2110E16534A954138B7456E82B754C3001154
S2120E1660B746E640C1002C0D180B012A39ECD9
S2110E166E824A95C5382059F62A38C1002646
S2120E167B03792A3AF6277687B746CC00061372
S2120E1689B746CE2758B7646E80E3804AA4C5D7
S20F0E169738F62A38C100262F4AACC1D8
S20E0E16A2382029792A3A792A387979
S2120E16AC2A3979277EF6277687B746CC0006B3
S2110E16BA13B746CE2758B7646E80E3804AFD
S20A0E16C7A4C5384AACC1B2
S2110E16CD381B840A3B1B9BF62A39B7160203
S2120E16DAB7616B82EC85C30011B746E640B7CB
S2110E16E814180D822A394ABA5D39B7456EC0
S2110E16F580E68287AC802F08EC854A963F73
S2100E1702382006EC854A95C5381B870A71
S2120E170E180B08277E164C3B0A3B1BF1EA18FA
S2120E171C00880000E6F01CC100182700814A67
S2110E172A954138B7456EF016CD000C6D8259
S2110E1737ECF016C300126C80198AB7644AD7
S2110E1744BBFE392030ECF016C300226CF010
S2120E175116C30011B746E640B7166D82198A0B
S2110E175F6D80ECF016C300124ABBFE39CDAD
S2110E176C00006D80ECF0164A9904381B84C0
S2120E177918028886ED86026D88E6F01C87B78D
S2110E17874603AD862EBCF6277687B746CCF9
S2120E1794000613B746CE2758B7646E84E3845D
S20B0E17A24AA4C5384AACF854
S2110E17A9381BF0180A1B94F62A3AC10018D9
S2110E17B626006B4A9DD63887B7466D8AF61C
S2120E17C3277687B746CC0006136C86CD275DBC
S2120E17D16D80E380B746E640876C84EC86CECD
S2120E17DF275C6E80E380B746E64087B746EE80
S2120E17ED84B7646E80E380830001596C82ED33
S2120E17FB8ACC013713B746CEDB0BB7646E8072
S2120E1809E380B746EC826D80E380B746180289
S2110E18174088EC884A963F38180B012A3A96
S20A0E1824164C3B1B8C0A5D
S10F4C3B1B904A9DD63887B7466D8CF656
S1114C47277687B746CC0006136C86CD275D12
S1114C556D80E380B746E640876C84EC86CE23
S1114C63275C6E80E380B746E64087B746EED6
S1114C7184B7646E80E380830001596C82ED89
S1114C7F8CCC013713B746CEDB0BB7646E80C6
S1114C8DE380B746EC826D80E380B7461802E0
S1114C9B408EF62A3AC1002653180B012A3A1D
S1114CA9792A38792A39EC8EC30020B746EDFB
S1114CB7408D00002705180B012A38EC8EC32F
S1104CC50011B746E640C1002C0D180B018C
S10E4CD22A39EC8E4A95C538203EF6C6
S1114CDD277687B746CC000613B746CE275875
S1104CEBB7646E80E3804AA4C53820234AD4
S1104CF8954138B7456E8EB754C30011B70F
S1104D0546E640C1002C08EC8E4A96D138D9
S10E4D122006EC8E4A963F384AACF8AD
S10F4D1D38CC00001BF0103D4AA3E13824
S1074D29CC00003D79
S2110E182A1B98F62A3AC100271A4A9E9238DD
S2110E18374A954138B7456E86F6277E876CBB
S2110E184480EC864A9717382047F6277687E1
S2120E1851B746CC000613B746CE275CB7646EBD
S2120E185F82E382B7466D84E6F30004B71603E6
S2110E186DEE84B7616B00F6277687B746CC83
S2120E187A000613B746CE2758B7646E82E3827A
S20B0E18884AA4C5384AACC1A4
S20F0E188F384AACF8381B880A1B98F687
S20F0E189A2A3AC100271A4A9FA8384AB7
S2110E18A5954138B7456E86F6277E876C8017
S2110E18B2EC864A9717382047F6277687B73C
S2120E18BF46CC000613B746CE275CB7646E8284
S2120E18CDE382B7466D84E6F30004B71602EE0D
S2120E18DB84B7616B00F6277687B746CC0006FC
S2110E18E913B746CE2758B7646E82E3824AC8
S20A0E18F6A4C5384AACC181
S2100E18FC384AACF8381B880A3B1BF17A01
S2110E1908ECF086C3001EB746EC404ABBD975
S2100E1915398C0000182700ABECF086C3DF
S2110E19210011B746E640C100182D009BCD04
S2120E192E00786D82ECF086C3001EB746ED40C4
S2110E193C6D80198AB7644ABBFE391AF08416
S2120E194918000000012057EDF0848D000126D8
S2110E195712CD4D466D80198AB7644ABCF657
S2100E1964396CF082200FCD4D466D80CC05
S2110E197000004ABCF6396CF082EDF0826D78
S2100E197D80ECF086C300124ABB3D398C8D
S2120E198900002613ECF084EDF086164E483065
S2120E19976E40306E421820011FEDF084026D79
S2120E19A5F084ECF084164E48ECF08AC3000C6C
S2120E19B3B746180242AE180240AE16522D1857
S2120E19C12FFF8C182000F7ECF086C3001EB722
S2100E19CF46EC404ABBD9398C00001827A5
S2120E19DB00B1ECF086C30011B746E640C10020
S2110E19E9182C00A1CD00786D82ECF086C3A0
S2110E19F6001EB746ED406D80198AB7644A94
S2110E1A03BBFE391AF08418000000011820F2
S2120E1A10005DEDF0848D00012612CD4D466D64
S2110E1A1E80198AB7644ABCF6396CF0822037
S2110E1A2B0FCD4D466D80CC00004ABCF6393E
S2120E1A386CF082ECF086C30012B746E6F08C19
S2120E1A46876D84E384B746E640E1F300822601
S2120E1A5413ECF084EDF086164E48306E4030E1
S2120E1A626E4218200057EDF084026DF084ECF4
S2120E1A70F084164E48ECF08AC3000CB74618EB
S2120E1A7E0242AE180240AE16522D182FFF86EC
S2110E1A8C2031ECF086C3001EB746EC404A33
S2100E1A99BBD9398C0000261EECF086C36C
S2120E1AA5001216563C3A6C883A6C88EDF086A7
S2120E1AB3EC883BEC883B306E40306E42EDF019
S2110E1AC186180242AE180240AECC00880613
S2120E1ACE51653B1BF17CECF084C3001EB74640
S2110E1ADCEC404ABBD9398C000018270109D2
S2120E1AE9ECF084C30011B746E640C100182D7F
S2120E1AF700F9CD00646D82ECF084C3001EB7BD
S2110E1B0546ED406D8019F01CB7644ABBFE1D
S2100E1B1239CD4D466D8019F01CB7644AA4
S2100E1B1EBCF6396CF0801AF0821800003D
S2110E1B2A00002016CD4D466D80CC00004A02
S2110E1B37BCF6396CF080EDF082026DF08287
S2120E1B44ECF082164E48EDF088180242AE18EF
S2120E1B520240AE1800AE00001800AE3F801621
S2120E1B60517816522D2DC7ECF084C30011B727
S2120E1B6E46E640B7166D82EDF0806D80ECF008
S2100E1B7C84C300124ABBFE39ECF084C392
S2120E1B8800126C88CD4D3E6D86CD000A6D8423
S2110E1B96CD4D406D8219F01C6D804AAFE9F2
S2100E1BA33919F01CB7644ABBD939B74597
S2120E1BAF6EF016ECF084C30011B746E640B793
S2110E1BBD144ABA5D39B7456EF014ECF0848C
S2120E1BCAC30011B746E640B7166D82ECF01655
S2120E1BD819F01C6D8EE38EA3F0146C80ECF0EC
S2110E1BE684C300124ABBFE39182001DAEC4B
S2110E1BF3F084C3001EB746EC404ABBD9393D
S2120E1C008C00001827009AECF084C30011B773
S2120E1C0E46E640C100182C008ACD00646D829A
S2120E1C1CECF084C3001EB746ED406D8019F046
S2110E1C2A1CB7644ABBFE391AF08218000083
S2110E1C3700002031EDF0828D00002613CD4A
S2110E1C444D466D8019F01CB7644ABCF6398B
S2120E1C516CF080200FCD4D466D80CC00004A04
S2110E1C5FBCF6396CF080EDF082026DF0825E
S2120E1C6CECF082164E48EDF088180242AE18C6
S2120E1C7A0240AE16522D2DB9ECF084C30012A9
S2120E1C88B746F62A39878300016D8EE38EB7B7
S2120E1C9646E6F300806B401820012B69F01C0A
S2120E1CA4ECF084C30010B746E640C1001827C9
S2120E1CB2009EEDF0841802408A1802428CEC5A
S2110E1CC0F084C30010B746E640876C88CD52
S2120E1CCD4D3E6D86CD000A6D84CD4D356D8272
S2110E1CDB19F01C6D804AAFE93919F01CB7E0
S2120E1CE86416563C3A6CF01A3A6CF01AECF093
S2120E1CF61A3BECF01A3B1800AE00001800AEBB
S2120E1D04000016522D18260075EDF0841800FD
S2120E1D12AE00001800AE0000306E40306E427E
S2120E1D20EDF0841802408A1802428CECF08415
S2120E1D2EC30010B746E640876C88CD4D3E6D5E
S2120E1D3C86CD000A6D84CD4D356D8219F01CD5
S2110E1D4A6D804AAFE9392030EDF0841802A6
S2120E1D57408A1802428CECF084C30010B74689
S2120E1D65E640876C88CD4D3E6D86CD000A6D2D
S2120E1D7384CD4D2D6D8219F01C6D804AAFE9A1
S2100E1D813919F01CB7644ABBD939B745B7
S2120E1D8D6EF012ECF084C30011B746E640B7B7
S2110E1D9B144ABA5D39B7456EF010ECF084B0
S2120E1DA8C30011B746E640B7166D82ECF01279
S2120E1DB619F01C6D8EE38EA3F0106C80ECF010
S2100E1DC484C300124ABBFE39ECF084C348
S2120E1DD000121BF0860A1B9018008E0000CC28
S2110E1DDE0137ED8E13B746CE00066D8CF65F
S2120E1DEB277687B746B754136C8ACD27586DE9
S2120E1DF980E3806C88EC8CCEDA006E80E38081
S2120E1E07B746E640B716EE88B761E10018261D
S2120E1E150068EC8ACD27596D80E3806C86EC53
S2120E1E238CCEDA016E80E380B746E640B71628
S2120E1E31EE86B761E1002646EC8ACD275A6D86
S2120E1E3F80E3806C84EC8CCEDA026E80E3803C
S2120E1E4DB746E640B716EE84B761E1002624CF
S2120E1E5BEC8ACD275B6D80E3806C82EC8CCE1D
S2120E1E69DA036E80E380B746E640B716EE82CA
S2120E1E77B761E1002602200CED8E026D8E8DF8
S2120E1E850011182DFF52EC8E871BF0100A1B54
S20C0E1E939E4A9541384A9EBC9A
S2110E1E9B38F6277687B746CC000613B746F6
S2110E1EA8CE2758B7646E80E3804AA4C53876
S2110E1EB54AACF8381B820A3B1B9EF62A39F3
S2110E1EC2B71603B764876C80EC824A99044D
S2110E1ECF381B841800AECCCD1800AE3F8C2C
S20E0E1EDCFC28F6164E661653301656
S2120E1EE64DB6B7467D28E4F6210CC100273314
S2120E1EF4ED82EE82180202AE180200AE180044
S2120E1F02AE00001800AE4120EC8AC30004B7F5
S2110E1F1045180202AE180200AE165330162B
S2120E1F1D517F306E40306E422024ED82EE82F2
S2120E1F2B180202AE180200AEEC86C30004B713
S2120E1F3945180202AE180200AE16517F306E2C
S2120E1F4740306E42ED82180242AE180240AED8
S2120E1F55EC86C3000CB746180242AE180240C9
S2120E1F63AEEC8AC30004B746180242AE180251
S2110E1F7140AE1800AE00001800AE4120165F
S2110E1F7E526616517F16522D2F17EC82C399
S2120E1F8B0008B745ED82180202AE180200AE30
S2110E1F99306E40306E42EC824A9AD0381BF5
S20F0E1FA6840A1B9E4A9541384A9FD2C3
S2110E1FB138F6277687B746CC000613B746DF
S2110E1FBECE2758B7646E80E3804AA4C5385F
S2110E1FCB4AACF8381B820A3B1B9EF62A39DC
S2110E1FD8B71603B764876C80EC824A990436
S2110E1FE5381B841800AECCCD1800AE3F8C15
S20E0E1FF2FC28F6164E66165330163F
S2120E1FFC4DB6B7467D28E4F6210CC1002733FD
S2120E200AED82EE82180202AE180200AE18002C
S2120E2018AE00001800AE4120EC8AC30004B7DE
S2110E202645180202AE180200AE1653301614
S2120E20335178306E40306E422024ED82EE82E2
S2120E2041180202AE180200AEEC86C30004B7FC
S2120E204F45180202AE180200AE165178306E1C
S2120E205D40306E42ED82180242AE180240AEC1
S2120E206BEC86C30008B746180242AE180240B6
S2120E2079AEEC8AC30004B746180242AE18023A
S2110E208740AE1800AE00001800AE41201648
S2110E2094526616517816522D2C17EC82C38C
S2120E20A1000CB745ED82180202AE180200AE15
S2110E20AF306E40306E42EC824A9AD0381BDE
S2120E20BC840A1BF1CFF6277687B746CC0006B1
S2120E20CA136CF02ACD27596D80E380B746E6DC
S2120E20D8406BF02EECF02ACE275E6E80E38074
S2120E20E6B746E6F02E6B40F6277687B746CC4A
S2120E20F40006136CF028CD275A6D80E380B7D9
S2120E210246E6406BF02DECF028CE275F6E8082
S2120E2110E380B746E6F02D6B40F6277687B7CF
S2120E211E46CC0006136CF026CD275B6D80E3D4
S2120E212C80B746E6406BF02CECF026CE276011
S2120E213A6E80E380B746E6F02C6B40F62776F6
S2120E214887B746CC0006136CF024CD275D6DCF
S2120E215680E3806CF022ECF024CE275C6E80C8
S2120E2164E380B746E640B716EEF022B761EB04
S2120E217200B7166DF020ECF024CE27616E80BE
S2120E2180E380B746ECF0206B401AF02F1800E6
S2110E218E000000CC0137EDF02F13B746CE43
S2120E219B00066DF01EF6277687B746B754136D
S2120E21A96CF01CCD275E6D80E3806CF01AEC99
S2120E21B7F01ECEDA006E80E380B746E640B726
S2120E21C516EEF01AB761E100182600D4ECF004
S2120E21D31CCD275F6D80E3806CF018ECF01EBE
S2120E21E1CEDA016E80E380B746E640B716EE05
S2120E21EFF018B761E100182600ACECF01CCD1F
S2110E21FD27606D80E3806CF016ECF01ECEB1
S2120E220ADA026E80E380B746E640B716EEF0B8
S2110E221816B761E10018260084ECF01CCD10
S2110E222527616D80E3806CF014ECF01ECE89
S2120E2232DA036E80E380B746E640B716EEF08F
S2120E224014B761E100265E722776F6277687C3
S2120E224EB746CC000613B746CE275CB7646EB6
S2120E225C80E380B746CC00016B40F6277687EF
S2120E226AB746CC000613B746CE275DB7646E99
S2120E227880E380B746CC00006B40F6277687D4
S2120E2286B746CC000613B746CE2758B7646E82
S20E0E229480E3804AA4C5384AACC1A8
S2100E229E384AACF838200EEDF02F026D1A
S2110E22AAF02F8D0011182DFEDEEDF02F8D9D
S2120E22B70011182D01201AF02F18000000003E
S2120E22C5CC0137EDF02F13B746CE00066DF0A7
S2120E22D312F6277687B746B754136CF010CD6A
S2120E22E127586D80E3806C8EECF012CEDA007D
S2120E22EF6E80E380B746E640B716EE8EB761F9
S2120E22FDE100182600CCECF010CD27596D80AF
S2120E230BE3806C8CECF012CEDA016E80E3806E
S2120E2319B746E640B716EE8CB761E100182602
S2120E232700A6ECF010CD275A6D80E3806C8A6F
S2120E2335ECF012CEDA026E80E380B746E6407B
S2120E2343B716EE8AB761E10018260080ECF0A1
S2120E235110CD275B6D80E3806C88ECF012CE0C
S2120E235FDA036E80E380B746E640B716EE88C9
S2120E236DB761E1001826005AF6277687B746A7
S2120E237BCC0006136C86CD275D6D80E380B712
S2120E238946E640876C84EC86CE275C6E80E3BC
S2120E239780B746E64087B746EE84B7646E8083
S2120E23A5E380830001596C82EDF02FCC0137D9
S2120E23B313B746CEDB21B7646E80E380B746C6
S2120E23C1EC826D80E380B746ED401540200E90
S2120E23CFEDF02F026DF02F8D0011182DFEE88A
S2120E23DD1BF0310A1B9AF62776C100272873CE
S2120E23EB2776F6277687B746CC000613B7463B
S2110E23F9CE2758B7646E80E3804AA4C53820
S20B0E24064AACC1384AACF8DF
S2100E240D38182000A4F6277687B746CCB9
S2120E2419000613B746CE2758B7646E80E380D3
S2120E2427B746CC00006B40F6277687B746CC3D
S2120E2435000613B746CE2759B7646E80E380B6
S2120E2443B746CC00006B40F6277687B746CC21
S2120E2451000613B746CE275AB7646E80E38099
S2120E245FB746CC00006B40F6277687B746CC05
S2120E246D000613B746CE275BB7646E80E3807C
S2120E247BB746CC00006B401D290640CC000074
S20B0E24894AB2B4384AAFADAB
S2110E2490381800840001180B55003F180B7D
S2110E249DAA003F4A8B6D38876C82ED8402D4
S2110E24AA6D848D00082FE5180B01277F7935
S20D0E24B72A3A792A39792A387975
S2110E24C0277E1B860A3B1BF1C34A9DD638AD
S2110E24CD876CF0371AF0391800000000CCAE
S2120E24DA0137EDF03713B746CEDA04B7646E50
S2120E24E880E380B746ECF0396D80E380B74691
S2120E24F6E6406BF034ECF039CE29096E80E32A
S2120E250480B746E6F0346B40EDF039026DF00F
S2110E2512398D00142FC1F6277687B746CCFC
S2120E251F0006136CF02CCD275C6D80E380B7A3
S2110E252D46E640C10018230091ECF02CCDC0
S2120E253A275D6D80E380B746E640876CF02A7C
S2120E2548ECF02CCE275C6E80E380B746E640A5
S2120E255687B746EEF02AB7646E80E380B7466F
S2120E2564CC0015136CF028EDF037CC013713B3
S2120E2572B746CEDA04B7646E80E380B746EC4A
S2120E2580F0286D80E380B74602E640C12026A6
S2120E258E38F6277687B746CC000613B746CE2D
S2120E259C275CB7646E80E380B746CC00016BFA
S2120E25AA40F6277687B746CC000613B746CE09
S2120E25B8275DB7646E80E380B746CC00006BDE
S2120E25C640F6277687B746CC0006136CF02636
S2120E25D4CD275D6D80E3806CF024ECF026CEF5
S2120E25E2275C6E80E380B746E640B716EEF036
S2120E25F024B761EB00C10C2538F6277687B7A8
S2120E25FE46CC000613B746CE275CB7646E803A
S2120E260CE380B746CC00016B40F6277687B704
S2120E261A46CC000613B746CE275DB7646E801C
S2120E2628E380B746CC00006B40F6277687B7E9
S2120E263646CC000613B746CE275CB7646E8001
S2110E2644E380B746E640C109182600C8F62A
S2120E2651277687B746CC000613B746CE275D13
S2120E265FB7646E80E380B746E64087B746CC7B
S2110E266D001513C300BD6CF022EDF037CC47
S2120E267A013713B746CEDA04B7646E80E380DF
S2120E2688B746ECF0226D80E380B74602E640C1
S2120E2696C1202746F6277687B746CC000613D9
S2120E26A4B746CE275DB7646E80E380B7466DF0
S2120E26B2F020E6F30020B71602EEF020B76119
S2120E26C06B00F6277687B746CC000613B74695
S2120E26CECE275CB7646E80E380B746CC00085D
S2120E26DC6B402038F6277687B746CC000613DE
S2120E26EAB746CE275CB7646E80E380B746CC4C
S2120E26F800016B40F6277687B746CC00061319
S2120E2706B746CE275DB7646E80E380B746CC2E
S2120E271400006B40F6277687B746CC000613FD
S2120E2722B746CE275CB7646E80E380B746E6F9
S2120E273040C10018260146F6277687B746CC1F
S2120E273E000613B746CE275DB7646E80E380A6
S2120E274CB746E640C1002748F6277687B74602
S2120E275ACC000613B746CE275DB7646E80E33E
S2120E276880B7466DF01EE6F3001EB71603EEA3
S2110E2776F01EB7616B00F6277687B746CCCF
S2120E2783000613B746CE275CB7646E80E38062
S2120E2791B746CC00016B40182000E11AF03B54
S2120E279F180000000BCC0015EDF03B13B746ED
S2120E27ADCE01376DF01CEDF037B754136CF0FE
S2120E27BB1ACDDA046D80E380B746ECF01C6D86
S2120E27C980E380B74602E640C120271DECF0E6
S2120E27D71ACDDA046D80E380B746ECF01C6D6A
S2120E27E580E380B746E640C1202602200CEDAB
S2120E27F3F03B036DF03B8D00002EA6EDF03B86
S2120E28018D00082F3EF6277687B746CC0006CB
S2120E280F13B746CE275CB7646E80E380B746DE
S2120E281DCC00086B40F6277687B746CC000632
S2120E282B13B746CE275DB7646E80E380B746C1
S2120E2839ECF03B830008876B402039F62776BE
S2120E284787B746CC000613B746CE275CB7649E
S2110E28556E80E380B746ECF03B876B40F6D6
S2120E2862277687B746CC000613B746CE275D00
S2120E2870B7646E80E380B746CC00006B401A4D
S2110E287EF03B18000000011AF0391800009B
S2120E288B0000F6277687B746CC000613B74633
S2120E2899CE275DB7646E80E380B746E64087B6
S2120E28A7B746ECF03B6D80E380B746CC0015CE
S2120E28B5136CF018EDF037CC013713B746CE85
S2120E28C3DA04B7646E80E380B746ECF0186D4C
S2120E28D180E380B746ECF0396D80E380B746A4
S2120E28DFE6406BF034EDF03BCC001513B7461A
S2120E28EDCE2909B7646E80E380B746ECF0394C
S2120E28FB6D80E380B746E6F0346B40EDF039A4
S2120E2909026DF0398D0014182FFF79EDF03B9D
S2120E2917026DF03B8D0008182FFF631AF03B82
S2120E29251800000001F6277687B746CC00068F
S2120E293313B746CE275DB7646E80E380B746B8
S2120E2941E64087B746ECF03B6D80E380B74667
S2120E294F036DF016EDF037CC013713B746CEFB
S2120E295DDB00B7646E80E380B746ECF0166DB6
S2120E296B80E380B746E640C10018270337F615
S2120E2979277687B746CC000613B746CE275DE8
S2120E2987B7646E80E380B746E64087B746EC30
S2120E2995F03B6D80E380830001596CF014ED6C
S2120E29A3F037CC013713B746CEDB0BB7646E9B
S2120E29B180E380B746ECF0146D80E380B746E8
S2120E29BF1AF033180240001AF0301808000105
S2120E29CD1AF03118000000011AF0391800003A
S2120E29DB00001AF02E1800000000182002153C
S2120E29E9F62A38C100182600A5F62A3AC100B6
S2120E29F71827009CF6277687B746CC000613E8
S2120E2A05B746CE275CB7646E80E380B746E613
S2110E2A134087ACF03B1826007BEDF02E8DB4
S2110E2A20000018260071F6277687B746CC04
S2120E2A2D000613B746CE275DB7646E80E380B4
S2120E2A3BB746E64087B746ECF03B6D80E3806C
S2120E2A49B746036DF012EDF037CC013713B71B
S2120E2A5746CEDB00B7646E80E380B746ECF02A
S2120E2A65126D80E380B746E64087B746036DD7
S2120E2A73F010EDF03BCC001513B746CE290939
S2120E2A81B7646E80E380B746ECF0106D80E30F
S2120E2A8F80B746CC003E6B40F62A3887ACF079
S2120E2A9D311826009BF6277687B746CC000625
S2120E2AAB13B746CE275CB7646E80E380B74640
S2120E2AB9E64087ACF03B1826007AEDF02E8D28
S2110E2AC7000018260070F6277687B746CC5E
S2120E2AD4000613B746CE275DB7646E80E3800D
S2120E2AE2B746E64087B746ECF03B6D80E380C5
S2120E2AF0B746036D8EEDF037CC013713B746A2
S2120E2AFECEDB00B7646E80E380B746EC8E6DBE
S2120E2B0C80E380B746E64087E3F039B746030F
S2120E2B1A6D8CEDF03BCC001513B746CE290998
S2120E2B28B7646E80E380B746EC8C6D80E3805B
S2120E2B36B746CC003E6B40ECF033C30011B732
S2110E2B4446E640C1002D07ECF0334A9AD04D
S2110E2B5138ECF033C30012B746ECF02E6DD4
S2120E2B5E80E380B746E640C1001827009DF6BD
S2120E2B6C277687B746CC000613B746CE275DF3
S2120E2B7AB7646E80E380B746E64087B746EC3B
S2120E2B88F03B6D80E380B746036D8AEDF037A6
S2120E2B96CC013713B746CEDB00B7646E80E375
S2120E2BA480B746EC8A6D80E380B746E6408723
S2120E2BB2E3F0396C88EDF03BCC001513B746F9
S2120E2BC0CE2909B7646E80E380B746EC886DAA
S2120E2BCE80E380B7466D86ECF033C30012B778
S2120E2BDC45ECF02E6E80E380B746E640B71648
S2120E2BEAEE86B7616B00EDF039026DF039ED38
S2120E2BF8F02E026DF02EEDF0398D0014182F13
S2110E2C06FDE1ECF033C30020B746ED408D27
S2120E2C1300001827008AEDF03319E8201AF09C
S2120E2C213318024000F6277687B746CC00061C
S2120E2C2F13B746CE275DB7646E80E380B746B9
S2120E2C3DE64087B746ECF03B6D80E380B74668
S2110E2C4B036D84EDF037CC013713B746CE7F
S2120E2C58DB00B7646E80E380B746EC846D80BA
S2120E2C66E380B746E64087E3F0396C82EDF069
S2120E2C743BCC001513B746CE2909B7646E800A
S2110E2C82E380B746EC826D80E380B746CC4B
S2120E2C8F00206B40EDF039026DF039EDF0319D
S2120E2C9D026DF031200369F030E6F030C10013
S2120E2CAB1826FD2EEDF03B026DF03B8D000858
S2120E2CB9182FFC6D1BF03F0A1B9EF627768723
S2120E2CC7B746CC000613B746CE275CB7646E33
S2120E2CD580E380B746E64087B746CC00151360
S2120E2CE3B746CE2909B7646E80E380B746CC9E
S2110E2CF1003E6B401B820A1B954AAF5A38F8
S2120E2CFE180303102A4B180B082A4D792A4F7E
S2110E2D0C180B022A50180B4D2A51180B6595
S2120E2D192A52180B6E2A53180B752A54180BD6
S20E0E2D273A2A55792A56CC2A4B4A52
S2100E2D3192DB3887C1002607CC88014ACA
S20E0E2D3D8FF138180300002904FD7C
S2120E2D4729048D000026F818008500001803DB
S2110E2D5503102A4B180B072A4D792A4F79CA
S2120E2D622A551800870000180B55003F180B58
S2120E2D70AA003F1800890000CC0015ED851352
S2120E2D7EB746CE2909B7646E80E380B746ECE2
S2120E2D8C87E3896D80E380B746E6406B82ECE7
S2120E2D9A89CE2A506E80E380B746E6826B40E6
S2120E2DA8ED89026D898D00042FC6CC2A4B4A8B
S2100E2DB692DB3887C1002607CC88014A45
S20E0E2DC28FF138180300042904FDF3
S2110E2DCC29048D000026F84A8B6D38876CA2
S2110E2DD983EC87C300056C878C000F182F47
S2100E2DE6FF814A8B6D38ED85026D858DE1
S2120E2DF20008182FFF5B180303102A4B180B51
S2100E2E00032A4D792A4F180B032A50792E
S20C0E2E0C2A51CC2A4B4A92DB38
S2100E2E143887C1002607CC88014A8FF1D3
S2110E2E2038180300002904FD29048D00005B
S2090E2E2D26F81B8B0ABF
S2120E2E323B1B9C180303102A4B180B082A4D48
S2120E2E40180B482A4F180B022A5018030000D3
S2120E2E4E2A5AFC2A5ACD2A516D80E380B746CA
S2120E2E5CFC2A5AE384B745E6006B40FD2A5A60
S2110E2E6A027D2A5AFD2A5A8D00052FDACC5D
S2100E2E772A4B4A92DB3887C1002607CC97
S2110E2E8388014A8FF138180300002904FD5F
S2120E2E9029048D000026F8180B482A4F18034A
S2120E2E9E00062A5A2069FD2A5A8D001B2D04A6
S2120E2EAC1820006E180300002A5CFC2A5CCD6F
S2120E2EBA2A506D80E380B746FC2A5AF32A5C37
S2110E2EC8E384B745E6006B40FD2A5C027DF4
S2120E2ED52A5CFD2A5C8D00062FD7CC2A4B4AAF
S2100E2EE392DB3887C1002607CC88014A17
S20E0E2EEF8FF138180300042904FDC5
S2100E2EF929048D000026F84A8B6D38FC6C
S2110E2F052A5AC300077C2A5AEC844ABBD910
S2110E2F12396C82FD2A5AAD821825FF8618EE
S2110E2F1F0303102A4B180B032A4D180B48FF
S20F0E2F2C2A4F180B032A50792A51CCAE
S2100E2F372A4B4A92DB3887C1002607CCD6
S2110E2F4388014A8FF138180300002904FD9E
S2120E2F5029048D000026F81B860A18030310AF
S2110E2F5E2A4B180B082A4D792A4F180B0225
S2120E2F6B2A50180B482A51180B6F2A52180BB4
S2120E2F796D2A53180B652A54180B3A2A551853
S20E0E2F870B032A56CC2A4B4A92DBA7
S2100E2F913887C1002607CC88014A8FF155
S2110E2F9D38180300002904FD29048D0000DD
S2120E2FAA26F80A1B9019846D821800840310F8
S2120E2FB81808860869881808890218088A43C1
S2120E2FC618088B6C18088C7218088D3A1808AE
S2110E2FD48E03698F1984B7644A92DB388726
S2110E2FE1C1002607CC88014A8FF138180370
S2120E2FEE00002904FD29048D000026F81BF0B5
S2120E2FFC100A1B97F628AEB714B710F628ADBF
S2110E300ABC2907270DF628AEB714B710F632
S2120E301728AD7C29071F28AC010220041820C5
S2110E302500F9F62906C540182600F018031F
S2100E303201E828F61D28AC01792776F67A
S2120E303E277687B746CC000613B746CE275821
S2120E304CB7646E80E380B746CC00006B40F68D
S2120E305A277687B746CC000613B746CE275904
S2120E3068B7646E80E380B746CC00006B40F671
S2120E3076277687B746CC000613B746CE275AE7
S2120E3084B7646E80E380B746CC00006B40F655
S2120E3092277687B746CC000613B746CE275BCA
S2120E30A0B7646E80E380B746CC00006B40F639
S2120E30AE277687B746CC000613B746CE275CAD
S2120E30BCB7646E80E380B746CC00016B40F61C
S2120E30CA277687B746CC000613B746CE275D90
S2120E30D8B7646E80E380B746CC00006B401CDB
S2120E30E6290640F6277687B746CC000613B7A7
S2110E30F446CE2758B7646E80E3804AA4C50A
S20C0E3101384AACC138180B0168
S20D0E31092A4A792A5F792A6279B6
S2110E31122A61180BFF2A60CC00014AB2B4E9
S2110E311F38F62A5FC10018270090FC29071D
S2120E312C8400C4018C0000270EF62A62C10035
S2120E313A2607180B012A622016F62A62C1FF1F
S2120E3148260FFC29078400C4018C0000260307
S2120E3156792A62FC29078400C4028C0000272A
S2120E31640EF62A61C1002607180B012A6120FE
S2120E317216F62A61C1FF260FFC29078400C43C
S2120E3180028C00002603792A61FC29078400C3
S2120E318EC4048C0000270EF62A60C100260729
S2120E319C180B012A602016F62A60C1FF260FB9
S2110E31AAFC29078400C4048C00002603795F
S2110E31B72A60FD28F68D0000182600E1F6B1
S2120E31C42A5EC100270C1800824418180084DC
S2120E31D28000200A1800824374180084000045
S2120E31E0EC843BEC843B164DB67C28F6180BA2
S2120E31EE012A5F1F2906400220041820006BDF
S2110E31FCF62A62C1002709180BFF2A624A48
S2110E3209989738F62A61C1002709180BFFAA
S20B0E32162A614A982A38F6D9
S2120E321D2A60C1012612180301E828F6180BC7
S20D0E322BFF2A60792A5F4AA0BE54
S2110E323438F62A4AC100272BF6277687B7F4
S2120E324146CC000613B746CE2758B7646E80EE
S2110E324FE3804AA4C538F62A3AC1002604CC
S20B0E325C4AACC1384AACF87B
S2100E326338792A4AF62A4AC10027361F80
S2120E326F2906402AF6277687B746CC000613A9
S2120E327DB746CE2758B7646E80E3804AA4C5C7
S20F0E328B38F62A3AC10026044AACC1F1
S20C0E3296384AACF83820044A51
S20B0E329EAFAD38792A4A1F76
S2120E32A529064005CC00012003CC00001B8934
S2120E32B30A3B180302002A4B180B012A4D1870
S20E0E32C10D812A4FCC2A4B4A92DBF1
S2100E32CB3887C1002607CC88014A8FF118
S2080E32D7381B820A01
S1114D2D252A73252E2A6600252A7325232E97
S1104D3B2A66002000252A732573002C0031
S10460AE01EC
S2120E32DB3B1BF1EEECF012C30018B7461802BD
S2120E32E942AE180240AEECF01D3BECF01D3B64
S2120E32F71653303A6CF0103A6CF010ECF012E3
S2120E3305C300046C80B746EE80180202AE18A7
S2120E33130200AEECF01D3BECF01D3B16517F9B
S2120E3321306E40306E42ECF012C30004B7461B
S2120E332F180242AE180240AEECF016C3000CAA
S2120E333DB746180242AE180240AE16522D2F9C
S2110E334B3CECF012C30008B746ECF012C3BF
S2120E33580004B745180202AE180200AE306E24
S2120E336640306E42ECF012C30004B746ECF098
S2120E337412C3000CB745180202AE180200AEC9
S2120E3382306E40306E42ECF012C30004B746BA
S2120E3390180242AE180240AEECF016C3001045
S2120E339EB746180242AE180240AE16522D2C3E
S2110E33AC3CECF012C30008B746ECF012C35E
S2120E33B90004B745180202AE180200AE306EC3
S2120E33C740306E42ECF012C30004B746ECF037
S2120E33D512C30010B745180202AE180200AE64
S2120E33E3306E40306E42ECF012C30014B74649
S2120E33F1180242AE180240AEECF016C30004F0
S2120E33FFB746180242AE180240AE1653303ACB
S2120E340D6C883A6C88ECF012C3001CB746189A
S2120E341B0242AE180240AEECF0213BECF02161
S2110E34293BEDF01A180242AE180240AE1629
S2120E343651781653303A6C8C3A6C8CEDF012C0
S2120E3444ECF01D3BECF01D3B306E40306E4241
S2120E3452ECF0103BECF0103BEC8C3BEC8C3BA5
S2120E346016517FECF0103BECF0103B16517838
S2110E346E3A6C843A6C84EC843BEC843BCCC8
S2090E347B001406516569
S10A4D484A8000394A806C27
S1094D4F394A8099394A3B
S1094D5580AD394A80CE56
S1094D5B394A812D394A9A
S1094D6181BA384A80000B
S10B4D673810EF4A8145394A76
S1094D6F83CD394A8433B0
S1094D75394A8466394A44
S1094D7B814E394A84F95F
S1104D8139180B47003C200E180B55003F5D
S10F4D8E180BAA003F4A852A3920F03D8A
S1114D9A286E756C6C207074722070617373D7
S1074DA86564290011
S2120E34803B1BF1C51AF0311800000000182094
S2120E348E077CE6F30040C1252715E6F3004046
S2120E349C87EDF03B1540EDF031026DF0311865
S2120E34AA20075819F033180040000019F02FB6
S2120E34B8180040FFFF19F0371800400000CD38
S2120E34C62A856DF02C19F02E18084020EDF019
S2120E34D440026DF0401AF0391800000000E6B7
S2120E34E2F30040876CF0228C00202757EDF08A
S2120E34F0228D00232724EDF0228D0020182DAD
S2120E34FE0064EDF0228D002B272AEDF0228DB5
S2120E350C002D2716EDF0228D00302740204AA7
S2120E351AECF0378A00CA016CF0372046ECF053
S2120E3528378A00CA046CF037203AECF0378A69
S2120E353600CA086CF0371AF02E1808002B206C
S2120E354427ECF0378A00CA086CF0371AF02E05
S2120E3552180800202014ECF0378A00CA106C01
S2120E3560F03720081AF0391800000001EDF0C2
S2120E356E398D00002702200BEDF040026DF0A6
S2110E357C401820FF60E6F30040874ABF812E
S2100E3589388C00002723ECF0404ABC1DD6
S2110E3595386CF0332007EDF040026DF0406C
S2110E35A2E6F30040874ABF81388C000026F5
S2120E35AFEB2024E6F30040C12A261CECF04268
S2120E35BDC300026CF042C3FFFEB7461AF03390
S2110E35CB18024000EDF040026DF040E6F3F1
S2120E35D80040C12E265CEDF040026DF040E67F
S2110E35E6F30040874ABF81388C0000272373
S2110E35F3ECF0404ABC1D386CF02F2007EDA2
S2120E3600F040026DF040E6F30040874ABF81B0
S2110E360E388C000026EB2024E6F30040C1A9
S2110E361B2A261CECF042C300026CF042C3DF
S2120E3628FFFEB7461AF02F18024000EDF040D7
S2120E3636026DF040E6F30040C16C2611EDF07A
S2120E364440026DF040ECF0378A00CA026CF0C1
S2120E365237E6F30040876CF0228C00581827DF
S2120E36600109EDF0228D00582E16EDF0228D8B
S2120E366E0045182704F1EDF0228D00471827B0
S2120E367C0505206CEDF0228D00631827030B5B
S2120E368AEDF0228D0064276FEDF0228D0065A8
S2120E3698182704BFEDF0228D0066182704C911
S2120E36A6EDF0228D0067182704C9EDF0228D78
S2120E36B400692749EDF0228D006F182700A939
S2120E36C2EDF0228D00701827009FEDF0228D81
S2120E36D0007318270303EDF0228D00751827E1
S2120E36DE008BEDF0228D00781827008120005C
S2120E36ECE6F3004087EDF03B1540EDF03102A0
S2120E36FA6DF03118200504ECF0378400C40283
S2120E37088C00002734ECF042C300046CF04236
S2120E3716C3FFFCB7461AF02418024000180235
S2120E37244202CD000A6D841AF02418020080B0
S2110E373218020282ECF02C4ABDE338182077
S2120E373F0212ECF042C300026CF042C3FFFE14
S2120E374DB7461AF02A18024000CD000A6D820A
S2110E375BEDF02A6D80ECF02C4ABCA7381855
S2120E37682001E8ECF0378400C4028C00002727
S2120E377620ECF042C300046CF042C3FFFCB71A
S2120E378446180242AE180240AE3A6CF0263AD6
S2120E37926CF0262015ECF042C300026CF042DE
S2120E37A0C3FFFEB7461AF02A18024000E6F3E4
S2120E37AE0040C175263FECF0378400C4028C36
S2120E37BC0000271ECD000A6D84ECF0263BECB6
S2110E37CAF0263B306E82306E82ECF02C4AFC
S2110E37D7AB133918200175CD000A6D82ED7A
S2110E37E4F02A6D80ECF02C4AABF739182059
S2120E37F10160E6F30040C16F18260066ECF08D
S2120E37FF378400C4018C0000271B19F02C1A0C
S2120E380DF01A18024000EDF01A026DF02CCDE7
S2120E381B0030EEF01AB7616B00ECF03784004A
S2120E3829C4028C0000271ECD00086D84ECF045
S2120E3837263BECF0263B306E82306E82ECF0B6
S2110E38452C4AAB133918200105CD00086D76
S2110E385282EDF02A6D80ECF02C4AABF739B3
S2120E385F182000F0E6F30040C170263819F06F
S2120E386D2C1AF01818024000EDF018026DF03E
S2120E387B2CCD0030EEF018B7616B0019F02C55
S2120E38891AF01618024000EDF016026DF02C26
S2120E3897CD0078EEF016B7616B002045ECF013
S2120E38A5378400C4018C0000273919F02C1A47
S2120E38B3F01418024000EDF014026DF02CCD4D
S2120E38C10030EEF014B7616B0019F02C1AF002
S2120E38CF1218024000EDF012026DF02CE6F319
S2120E38DD0040B716EEF012B7616B00ECF03737
S2120E38EB8400C4028C0000271CCD00106D84D5
S2120E38F9ECF0263BECF0263B306E82306E82F4
S2110E3907ECF02C4AAB13392011CD00106DDC
S2110E391482EDF02A6D80ECF02C4AABF739F0
S2120E3921E6F30040C158262ACD2A856DF035F5
S2110E392F201AE6F30035874ABFC93887B761
S2120E393C46EEF035B7616B00EDF035026DF01D
S2120E394A35E6F30035C10026DECD2A856DF07B
S2120E395835EDF02F8DFFFF26081AF02F180003
S2120E3966000000EDF02F8D000018270086CC16
S2110E39742A854ABBD9396CF02AEDF02FAD2E
S2120E3981F02A182C00721AF02A19F02F1802CF
S2120E398F004018200064ECF042C300026CF0FC
S2120E399D42C3FFFEB746E6416BF028EDF03350
S2120E39AB8D00012F1519F0331AF02F1802405A
S2120E39B90069F02919F0286DF0352034E6F07E
S2120E39C72887EDF03B1540EDF031026DF03125
S2120E39D51820022CECF042C300026CF042B733
S2120E39E3461AF03518025E00EDF0358D000027
S2120E39F12606CD4D9A6DF035EDF02F8DFFFFAC
S2120E39FF26081AF02F1800000000EDF0338D8B
S2110E3A0D00002715ECF0354ABBD939B74539
S2120E3A1A6EF010ECF033A3F0106CF033EDF0FF
S2110E3A282F8D0000260AECF0354ABBD9396A
S2120E3A356CF02FEDF0338D00002713ECF037FB
S2120E3A438400C4088C00002707EDF033036DD8
S2120E3A51F033ECF0378400C4108C0000274CC7
S2120E3A5FECF0378400C4088C00002710E6F04A
S2120E3A6D2E87EDF03B1540EDF031026DF03178
S2120E3A7BECF0378400C4048C0000182600847D
S2120E3A892016CC0030EDF03B1540EDF031026D
S2120E3A976DF031EDF033036DF033EDF0338D40
S2120E3AA500002EE22062ECF0378400C4048C83
S2120E3AB3000026202016CC0020EDF03B15401D
S2120E3AC1EDF031026DF031EDF033036DF033A3
S2120E3ACFEDF0338D00002EE2ECF0378400C4CE
S2120E3ADD088C0000272AE6F02E87EDF03B152B
S2120E3AEB40EDF031026DF0312018E6F3003596
S2120E3AF987EDF03B1540EDF031026DF031ED2D
S2120E3B07F035026DF035E6F30035C1002714DA
S2120E3B1519F02F1802408EED8E036DF02FED78
S2120E3B238E8D000026CCECF0378400C4048C89
S2120E3B310000182700CE2016CC0020EDF03B2C
S2120E3B3F1540EDF031026DF031EDF033036DF2
S2120E3B4DF033EDF0338D00002EE2182000AAA5
S2120E3B5B1AF020180000000120261AF020187E
S2120E3B6900000002201C1AF0201800000000BB
S2120E3B7720121AF020180000000320081AF084
S2120E3B85201800000004ECF042C300046CF0A2
S2120E3B9342C3FFFCB7461AF01C18024000187C
S2120E3BA1024202EDF02F8DFFFF26081AF02FBF
S2120E3BAF1800000006EDF02F6D8AEDF0336D57
S2120E3BBD88EDF0376D8619F01C18024082183F
S2120E3BCB024284EDF0206D80CC2A854AB03C76
S2110E3BD9396CF035201E19F0351802408CA0
S2120E3BE6ED8C026DF035E6F3000C87EDF03B2D
S2120E3BF41540EDF031026DF031E6F30035C1EE
S2120E3C020026DAEDF040026DF040E6F30040CC
S2110E3C10C1001826F87AECF0311BF03D0AC4
S10D4DAC8E00002704590435FC3D75
S1114DB6EC8418028084180282806C82070547
S1114DC4EC821B843D1B9EEC842604EC8627A7
S1114DD258EC8459807F6A812B52180A848021
S1114DE0811F2252EC8487CA806C84A68181D4
S1114DEE172212408B17271A64846685668686
S1114DFC66870430F5200D801768876586658C
S1114E0A8565840430F5E7802A17618461858C
S1114E1861866187EC86C300016C86EC84C958
S1114E260089006C841B823D87C76C846C86F7
S1114E3420F5CCFFFF6C846C86E7802BEAB679
S1094E42007F6A8420E3F6
S1114E48180280AC1B9E698469856C86270D58
S1114E56972A40180884FF180885FF20361B91
S1114E64823D180280AC1B9E698469856C86B1
S1114E72270220231B823D1B9EEC842607ECA6
S1114E808626031B823D18088100202C1B9EF1
S1114E8EEC842607EC8626031B823D180A845A
S1114E9C81E7842A176184618561866187EC51
S1114EAA86C300016C86EC84C90089006C8408
S1114EB818088017EC848C01002509496686D1
S1114EC66687628020F2D72B0A6887658655BE
S1114ED445638020F3A6808B7F58496C84E7E9
S10C4EE2812A030C84801B823D2B
S1114EEBEC86A3822612EC88AC84270CEC889B
S1114EF9A384EC86E283A28210FB1802808858
S1064F071B883DC3
S1114F0AEC88E3846C88EC86E983A9826C86CB
S1114F18180280841B843DEC88A3846C88EC12
S1114F2686E283A2826C86180280841B843D7E
S1114F34EC88E485A4846C88EC86E483A48273
S1114F426C86180280841B843DEC88EA85AAE4
S1114F50846C88EC86EA83AA826C8618028040
S1114F5E841B843DEC88E885A8846C88EC866E
S1114F6CE883A8826C86180280841B843D6151
S10B4F7A826183618461853DBD
S1114F82972603D7270B6885658465836582AF
S1114F900434F53D972603D7270B678266830A
S1114F9E668466850434F53D972603D7270BF9
S10F4FAC64826683668466850434F53DE7
S1114FB81808AFFF0741EC8C1BF0123B3D18AC
S1114FC608AF01073420F11808AFFF200418CB
S1114FD408AF010726EC816CF012EC836CF040
S1114FE21420D91808AFFF071420061808AFD2
S1114FF001070CEC816C8EEC836CF0101B8CB2
S1114FFE3D1B976988ECF014260FECF0122688
S111500C0A6C806C826B8405FA012CECF010A7
S111501A2615EC8E26116C816C83CC7FFF6C06
S1115028F012CCFFFF6CF0143DA6F0126A8665
S1115036A88E6A85E78B2A47E78B2A43E7F0AA
S1115044122A1F61F01261F01361F01461F082
S111505215ECF014C300016CF014ECF012C95C
S11150600089006CF012E78E2A1B618E618FAE
S111506E61F01061F011ECF010C300016CF061
S111507C10EC8EC90089006C8E18088720CCB9
S111508A00006C806C826B8468F01565F01475
S111509865F01365F012658465836582658199
S11150A66580B720E7882704B70225196288C1
S11150B4EC83A3F0106C83EC81E28FA28E6C6F
S11150C281E680C2006B802015EC83E3F010C1
S11150D06C83EC81E98FA98E6C81E680C900A7
S11150DE6B802B08A6F0158A016AF015638713
S11150EC26A4E7802A0FEC83E3F0106C83EC1B
S11150FA81E98FA98E6C81E78B2A3EE7862A16
S1115108176181618261836184EC83C30001BD
S11151166C83EC81C90089006C81E7852A1F37
S111512461F01261F01361F01461F015ECF00B
S111513214C300016CF014ECF012C9008900E3
S10A51406CF012EC893B3D09
S1115147180280AC6C8469826983E7842A04B0
S1085155618261833D4D
S10E515A30311BF63A3534B7460540EF
S111516530311BF61B9C18028480180A8682C7
S10851736E836D850A46
S1115178341A841654B33034351B951AF011D2
S110518616540227791AF015165402182742
S111519300801AF011198616542D1AF0151901
S11151A18116542DE681E0862728372A015016
S11151AFC118332C5BD72B0D67876688668981
S11151BD668A0431F5200F6782668366846675
S11151CB8504B1F5E6866B81EC89E3846C847F
S11051D9EC87E983A9826C826A802A10CCDD
S11151E60000A3846C84CC0000E283A2826CDF
S11151F4821A8116546E272719F015A680160C
S111520254461B8B3130180280841B843DE619
S111521081E1862CEFECF0116CF015ECF0133C
S111521E6CF01720E1EC826CF0156CF0172098
S104522CD7A6
S111522D343510F01A8A19860E0080060F40E0
S111523B800C201E0E40800414092016B7D6E5
S1115249EC00A340260EEC02A3422708EC0062
S1115257E241A24010FB3130180280881B880F
S10452653D07
S111526634351B901AF01A19821654091827B1
S111527400891AF016198B1654091827009594
S1115282E6F016E8F01A6B8187C76C876C891A
S11152906484668566866687668818088018BA
S111529E688A65896588658765866585658487
S11152AC65832510EC85A38E6C85EC83E28D62
S11152BAA28C6C83200EEC85E38E6C85EC8355
S11152C8E98DA98C6C832B030C8A016380266C
S11152D6C7E682E08B6B82292CE7872634E73B
S11152E4882B0A688A65896588658763821A43
S11152F286A681E6826B0019F01A1654461B3C
S1115300F0103130180280841B843D2B0A8784
S111530EC76CF01A6CF01C20E8CC7FFF6AF02C
S111531C1A6AF01B6BF01C6BF01DE7812AD59A
S109532A1C001A8020CFD4
S111533034351BF1EC1AF01E198216540918BC
S111533E2700901AF01A198F1654092610EC45
S110534CF01A6CF01EECF01C6CF020182020
S11153590076ED83ECF010136D876C89ED8502
S1115367ECF012136D8B6C8DED83ECF01213D1
S1115375E38B6C8BB764E98AA9896C892407E1
S1115383EC87C300016C87ED85ECF01013E39A
S11153918B6C8BB764E98AA9896C892407ECBC
S111539F87C300016C87E68FEB82526B8F2967
S11153AD2FE7892B0E688B658A6589658863F6
S11153BB8F291F20EE1A87180A8F0019F01E82
S11153C9A6F01AA8401654461BF014313018F2
S11153D70280841B843D2A19CC7FFF6AF01EDD
S11153E56AF01F6BF0206BF021E7812ADF0CC9
S11153F3F01E8020D987C76CF01E6CF02020BD
S1045401CFD7
S1115402EC002602EC023D07F72715EC0059DA
S1115410807F6A4054CA806B426941EC026C92
S111541E4310FB3D694069416942694369449A
S111542C3D07DAE7002A10CC0000A3436C43CE
S111543ACC0000E242A2416C41A6003D36ECDB
S1115448016C402608EC036C422602323DEC57
S1115456036C42E602A6008B7F58496C40327C
S1115464972A06A6408A806A403DEC01260481
S1115472EC032726E701270E64016602660399
S11154806604620028F0201FE7022B0E680469
S111548E650365026501630028F020038601B2
S111549C3D690169026903690420F56901860E
S11154AAFF6A026A036A0420E9165402270608
S11154B8A60088806A003D341A8407EF303D58
S10854C61D0016073D66
S2120E3C1D3B1B982005ED88026D88E6F3000826
S2110E3C2B874ABFB1388C000026ED180084C5
S2110E3C380000E6F30008C12D260C180084CF
S2120E3C450001ED88026D88200DE6F30008C122
S2120E3C532B2605ED88026D88180086000020D0
S2110E3C612318028882ED82026D88ED86CC57
S2120E3C6E000A13B746E6F3000287B745B764A2
S2120E3C7C6E80E3808300306C86E6F3000887C9
S2100E3C8A4ABF81388C000026CFED848DDA
S2120E3C9600002708EC86405082002002EC86C6
S2070E3CA41B8A0A5B
S2120E3CA73B1BF1EB19F01A1AF0111802400032
S2120E3CB5EDF01A8D0000261CCD0030EEF01538
S2120E3CC3B7616B00CD0000EEF01508B7616B12
S2120E3CD100ECF01518200106EDF01A8D00001E
S2120E3CDF2C19EDF01C8D000A261118088E0109
S2120E3CEDECF0114151B746026DF0112002693F
S2120E3CFB8E1AF01519F01318020040EEF01C8B
S2120E3D09ECF01118106C8C8C00092E1D19F0A3
S2120E3D17131802408AED8A026DF013EC8CC370
S2120E3D25003087B746EE8AB7616B00201B197A
S2120E3D33F01318024088ED88026DF013EC8C2B
S2120E3D41C3005787B746EE88B7616B00EEF0EC
S2110E3D4F1CECF01118106EF011EDF0118D39
S2120E3D5C00001826FFA4E68EC100271619F0EA
S2120E3D6A1318024086ED86026DF013CD002D66
S2120E3D78EE86B7616B0019F01318024084EC4D
S2120E3D8684C3FFFF6CF013CD0000EE84B76111
S2120E3D946B001AF0151802008F2036ED8F18F1
S2120E3DA20A408E18028F82ED82026D8FE6F3B7
S2120E3DB00013B716EE82B7616B0019F01318EB
S2120E3DBE024080EC80C3FFFFB7466DF013E6A2
S2120E3DCC8EB716EE80B7616B00ED8FADF0135E
S20D0E3DDA25C3ECF0151BF0170AC8
S2120E3DE33B1BF1E9ECF01E3BECF01E3B3A6C7F
S2120E3DF1F0133A6CF013ECF01E3BECF01E3B9B
S2120E3DFF1800AE00001800AE0000164EEB26A2
S2120E3E0D1CCD0030EEF017B7616B00CD000036
S2110E3E1BEEF01708B7616B00ECF0171820DC
S2110E3E280153ECF01E3BECF01E3B1800AEF6
S2120E3E3500001800AE0000164EEB2C2EEDF020
S2120E3E43208D000A262618088E01ECF0133B82
S2120E3E51ECF0133B164F791800AE0001180069
S2120E3E5FAE0000164F0A3A6CF0133A6CF013D3
S2120E3E6D2002698E1AF01719F0151802004082
S2120E3E7BECF0133BECF0133BECF02416514724
S2120E3E89164FD31B82316D8C8D00092E1D191F
S2120E3E97F0151802408AED8A026DF015EC8CBE
S2120E3EA5C3003087B746EE8AB7616B00201B4F
S2120E3EB319F01518024088ED88026DF015EC19
S2120E3EC18CC3005787B746EE88B7616B00ECD1
S2120E3ECFF0133BECF0133BECF02416514716A6
S2120E3EDD4FC53A6CF0133A6CF013ECF0133B34
S2120E3EEBECF0133B1800AE00001800AE000000
S2120E3EF9164EEB1826FF7BE68EC10027161916
S2110E3F07F01518024086ED86026DF015CD01
S2120E3F14002DEE86B7616B0019F015180240F0
S2120E3F2284EC84C3FFFF6CF015CD0000EE8419
S2120E3F30B7616B001AF0171802008F2036EDE0
S2120E3F3E8F180A408E18028F82ED82026D8F4B
S2120E3F4CE6F30015B716EE82B7616B0019F09D
S2120E3F5A1518024080EC80C3FFFFB7466DF0D0
S2120E3F6815E68EB716EE80B7616B00ED8FADC8
S20F0E3F76F01525C3ECF0171BF0190A1F
S2120E6B133B1BF1EF1AF0111802008FECF01873
S2120E6B213BECF0183BECF01E165147164FD309
S2120E6B2F1B82316D8A8D00092E1918028F8872
S2120E6B3DED88026D8FEC8AC3003087B746EEE9
S2120E6B4B88B7616B00201718028F86ED860243
S2120E6B596D8FEC8AC3005787B746EE86B7617F
S2120E6B676B00ECF0183BECF0183BECF01E1634
S2120E6B755147164FC53A6CF0183A6CF018ECF5
S2120E6B83F0183BECF0183B1800AE00001800A1
S2120E6B91AE0000164EEB1826FF8318028F84F9
S2120E6B9FEC84C3FFFF6C8FCD0000EE84B76152
S2120E6BAD6B001AF0111802008D2032ED8D18B6
S2120E6BBB0A408C18028D82ED82026D8DE6F376
S2120E6BC9000FB716EE82B7616B0018028F80B3
S2120E6BD7EC80C3FFFFB7466D8FE68CB716EE4A
S2120E6BE580B7616B00ED8DAD8F25C8ECF011FC
S2080E6BF31BF0130A63
S2120E6BF73B1BF1EF1AF0111802008FEEF0188D
S2120E6C05ECF01618106C8A8C00092E19180268
S2120E6C138F88ED88026D8FEC8AC3003087B72F
S2120E6C2146EE88B7616B00201718028F86EDC0
S2120E6C2F86026D8FEC8AC3005787B746EE8638
S2120E6C3DB7616B00EEF018ECF01618106EF045
S2120E6C4B16EDF0168D000026AE18028F84ECA5
S2120E6C5984C3FFFF6C8FCD0000EE84B7616B18
S2120E6C67001AF0111802008D2032ED8D180A5C
S2110E6C75408C18028D82ED82026D8DE6F3C6
S2120E6C82000FB716EE82B7616B0018028F80F9
S2120E6C90EC80C3FFFFB7466D8FE68CB716EE90
S2120E6C9E80B7616B00ED8DAD8F25C8ECF01142
S2080E6CAC1BF0130AA9
S2120E6CB01BF1D8CD0000EEF02F6D00ECF02D8F
S2110E6CBE3BECF02D3B1800AE00001800AEAB
S2110E6CCB000016522D2619CC2A9E180B30EE
S2110E6CD82A9E180B2E2A9F180B302AA07924
S2120E6CE52AA1182002FA19F02B1AF01E180219
S2120E6CF3400018024202ECF0203BECF0203B74
S2110E6D01CC0017164F941B8231B7648783A3
S2120E6D0E007FB7466DF01CECF0203BECF0203C
S2120E6D1C3B1800AEFFFF1800AE00FF164F34F9
S2120E6D2A1800AE00001800AE0080164F4B3A52
S2110E6D386CF0163A6CF01619F0221800409A
S2110E6D450000180042000019F0181800405B
S2120E6D5200001800420000EDF01C8D001F2DF4
S2120E6D600FCC0000CDFFFEEEF02F6D001820BB
S2120E6D6E0275EDF01C8DFFE92C0FCC0000CD4B
S2120E6D7CFFFFEEF02F6D001820025EEDF01CED
S2120E6D8A8D00172D1DECF0163BECF0163BECB4
S2120E6D98F020830017164F823A6CF01A3A6CF3
S2120E6DA6F01A18200073EDF01C8D00002D4123
S2120E6DB4ECF0163BECF0163BCC0017A3F020CE
S2120E6DC2164F943A6CF01A3A6CF01AECF01665
S2120E6DD03BECF0163BEDF02002B764164F8239
S2120E6DDE1800AEFFFF1800AE00FF164F343A38
S2120E6DEC6CF0243A6CF024202AECF0163BECE9
S2120E6DFAF0163B1800AEFFFF1800AE00FF1698
S2110E6E084F34EDF02002B7644050820016A5
S2120E6E154F943A6CF0243A6CF024CD2A9E6D03
S2110E6E23F026ECF0203BECF0203B1800AE05
S2120E6E3000001800AE0000164EEB2C1B19F0DC
S2120E6E3E261AF01018024000EDF010026DF04D
S2120E6E4C26CD002DEEF010B7616B00ECF01A9E
S2110E6E5A3BECF01A3B1800AE00001800AE20
S2120E6E670000164EEB261819F0261802408E66
S2120E6E75ED8E026DF026CD0030EE8EB7616B00
S2120E6E83002028CD000A6D841AF018180200A2
S2110E6E918018020282ECF0264ABDE338207F
S2120E6E9E07EDF026026DF026E6F30026C10084
S2120E6EAC26F119F0261802408CED8C026DF0C1
S2120E6EBA26CD002EEE8CB7616B00ECF0243B5E
S2120E6EC8ECF0243B1800AE00001800AE0000E2
S2120E6ED6164EEB261A19F0261802408AED8A82
S2120E6EE4026DF026CD0030EE8AB7616B0018F8
S2120E6EF22000E5CD2A9EECF0266D86A386B710
S2120E6F0046CC000F6D86A386B74603B7616BB0
S2120E6F0EF012C10723071AF0121808000769C2
S2120E6F1CF0131820007DECF0243BECF0243B26
S2120E6F2ACC0003164F82ECF0283BECF0283B12
S2120E6F38CC0001164F82164F0A3A6CF0243A21
S2120E6F466CF02419F02618024088ED88026DB5
S2120E6F54F026ECF0243BECF0243BCC00181696
S2110E6F624F941800AE00301800AE0000165A
S2120E6F6F4F0A1B8231B76487B746EE88B761AD
S2110E6F7D6B00ECF0243BECF0243B1800AE4D
S2120E6F8AFFFF1800AE00FF164F343A6CF024D0
S2120E6F983A6CF02462F013E6F013E1F01218D5
S2120E6FA625FF79ECF026C3FFFF6CF0262009BF
S2120E6FB4ECF026C3FFFF6CF026E6F30026C1B7
S2120E6FC230260EECF026C3FFFFB746E640C1A3
S2120E6FD02E26E1EDF026026DF026CC0000EE29
S20F0E6FDEF0266B00CC2A9E1BF0280A43
S2120E3F813B1B9ECD54CCEC826D80E380B74683
S20E0E3F8FE640878400C4041B840A73
S2120E3F993B1B9ECD54CCEC826D80E380B7466B
S20E0E3FA7E640878400C4021B840A5D
S2120E3FB13B1B9ECD54CCEC826D80E380B74653
S20E0E3FBFE640878400C4101B840A37
S11154CB0020202020202020202030303030EF
S11154D93020202020202020202020202020F1
S11154E7202020202090404040404040404083
S11154F5404040404040400C0C0C0C0C0C0C91
S11155030C0C0C40404040404040090909098E
S111551109090101010101010101010101016A
S111551F0101010101010101404040404040F2
S111552D0A0A0A0A0A0A020202020202020220
S111553B0202020202020202020202024040C6
S110554940402000000000000000000000B1
S1115556000000000000000000000000000043
S1115564000000000000000000000000000035
S1115572000000000000000000000000000027
S1115580000000000000000000000000000019
S111558E00000000000000000000000000000B
S111559C0000000000000000000000000000FD
S11155AA0000000000000000000000000000EF
S11155B80000000000000000000000000000E1
S10955C6000000000000DB
S2110E3FC93BEC804ABF99388C0000270AECAE
S2120E3FD680830061C300412002EC801B820A2D
S2110E3FE41B98198D6D866D82ED8B6D80CC51
S20F0E3FF148DB4AB480386C841B880A3C
S11155CC3B1B9E1801802AADED80027D2AADA6
S11055DAE683B716EE80B7616B001B843DBD
S2120E6FE91B9A1805892AAD198D6D846D82EDE2
S2110E6FF78B6D80CC55CC4AB48038CD000092
S2120E7004FE2AADB7616B00FC2AADA3891B8673
S2050E70120A60
S11155E766746F61206572726F723A206E7581
S11155F56D62657220746F6F206269670066D4
S1115603746F61206572726F723A206E756D5D
S111561162657220746F6F20736D616C6C00A3
S111561F66746F61206572726F723A20756E48
S111562D6578706563746564206572726F72CF
S104563B006A
S2120E70133B1B9EED878DFFFE2607CD55E76DC7
S2120E7021802013ED878DFFFF2607CD56026DDD
S2120E702F802005CD561F6D80EC801B840A3B1C
S2120E703D1BF1B119F02D180040FFFF19F04898
S2120E704B180040FFFF19F03E180040FFFF1918
S2110E7059F042180040FFFF19F02B18004003
S2120E7066FFFF19F03B180040FFFF19F0381818
S2120E70740040000019F02518004000FF19F02D
S2120E708229180040000019F0401800400000CB
S2120E709019F03A1808402019F035180840205E
S2120E709E19F02218084065EDF05C8D00142FD8
S2110E70AC081AF05C1800000014EDF05E8D62
S2120E70B900142F081AF05E1800000014EDF0FA
S2120E70C7548D0000182700F7EDF0548D0001D2
S2120E70D52723EDF0548D00022714EDF0548D97
S2120E70E300032726EDF0548D00042717182004
S2120E70F100D31AF022180800451AF0401800B8
S2120E70FF000001182000C01AF02218080045E6
S2120E710D1AF05619F01E180200401802024222
S2120E711BECF0583BECF0583B1800AE00001897
S2120E712900AE000016522D2C1D1800AE0000F3
S2120E71371800AEBF80ECF05C3BECF05C3B1636
S2120E714553303A6CF0203A6CF0201AF03118E7
S2120E715300003F8018000200001AF04D1800D3
S2110E716100000020241800AE00001800AE3E
S2120E716E4120ECF0373BECF0373B1653303A30
S2120E717C6CF0333A6CF033EDF04D026DF04DC4
S2120E718AEDF04DADF05E2DD4ECF0203BECF0AB
S2110E7198203B1800AEB7171800AE38D11603
S2120E71A5522D2D15ECF0203BECF0203BECF0BE
S2120E71B3373BECF0373B16522D2F081AF040E5
S2110E71C11800000001ECF05A8400C4108C7B
S2120E71CE000027071AF03A180800301AF03A9A
S2120E71DC19F03D180A0040ECF05A8400C40864
S2120E71EA8C000027071AF03D1808002BEDF05B
S2120E71F8408D0000271B19F0236D841AF056EA
S2110E720618020080180202824AACB0396CE5
S2120E7213F044182000A61AF0311800003F00B6
S2120E722118000200001AF04D180000000020A3
S2120E722F24ECF0333BECF0333B1800AE0000C0
S2120E723D1800AE41201652663A6CF0333A6CCC
S2120E724BF033EDF04D026DF04DEDF04DADF062
S2120E72595E2DD4ECF0583BECF0583B1800AE11
S2120E726700001800AE000016522D2C2719F04F
S2120E7275236D84ECF0583BECF0583BECF037F3
S2120E72833BECF0373B165178306E82306E8242
S2110E72914AACB0396CF044202519F0236D80
S2120E729E84ECF0583BECF0583BECF0373BEC33
S2110E72ACF0373B16517F306E82306E824AF0
S2110E72B9ACB0396CF044EDF0238D000027CC
S2110E72C610EDF0236D80ECF04F4AB013393A
S2120E72D3182007821AF04D1800000000EDF08D
S2120E72E1408D00002617EDF0488D00002D0F94
S2110E72EFECF04DA3F048ACF05E2F04182016
S2120E72FC00CBECF04DE3F044B7461AF04A18FD
S2120E730A0A4000E6F04AC13018250075E6F07F
S2120E73184AC1391822006C19F04D1AF02D18C5
S2120E7326024000E6F04AC1302312EDF02B8D29
S2120E733400002C0A1AF04D19F02B180200401D
S2120E7342EDF0488D00002C28EDF0428D000078
S2120E73502C11E6F04AC130230A1AF04D19F041
S2120E735E4218020040EDF0428D00002D07EDA5
S2120E736CF038026DF038EDF0488D00002D1151
S2120E737AE6F04AC130230A1AF04D19F03B1801
S2120E7388020040E6F04AC12E260A1AF04D19F3
S2120E7396F04818020040E6F04AC12D260F1AE7
S2120E73A4F02918000000011AF03D1808002D02
S2120E73B2E6F04AC1002602200EEDF04D026DEA
S2110E73C0F04D8D0014182DFF16EDF0488DC3
S2120E73CD00002C0DEDF02D026DF03E026DF060
S2120E73DB2F202219F0481AF03E18024000ED40
S2120E73E9F03B8D00002C09EDF03E026DF02FED
S2110E73F72007EDF03B026DF02FEDF0428DFD
S2120E740400002C07EDF03E036DF042EDF0405A
S2110E74128D0000182703DE19F04D180040FF
S2120E741F0000E6F03DE1F03A272219F04D1A75
S2120E742DF01C18024000EDF01C026DF04DE64D
S2120E743BF03DB716ECF01CE3F04FB745B76108
S2120E74496B0019F04D1AF01A18024000EDF006
S2120E74571A026DF04DECF02BE3F044B746E64D
S2120E746540B716ECF01AE3F04FB745B7616B62
S2120E747300ECF04DE3F04FB745C62E6B00ED65
S2120E7481F05E8D00002F07EDF04D026DF04D03
S2110E748FEDF02B026DF04B1AF046180000C3
S2120E749C00001820007CEDF04BADF03E1827D9
S2120E74AA006BEDF04BADF02F2C2B19F04D1A9B
S2120E74B8F01818024000EDF018026DF04DECC4
S2120E74C6F04BE3F044B746E640B716ECF0186F
S2120E74D4E3F04FB745B7616B002031ECF05A6F
S2110E74E28400C4018C00002608EDF0468DD7
S2120E74EF0000263D19F04D1AF0161802400049
S2120E74FDEDF016026DF04DECF016E3F04FB704
S2120E750B45C6306B00EDF046026DF046EDF014
S2120E75194B026DF04BEDF046ADF05E2C0AED1B
S2120E7527F04D8D000E182DFF72EDF04D036D1B
S2120E7535F046EDF05E8D0000260A1AF04D1997
S2120E7543F04618020040ECF03EA3F02BB746C2
S2120E7551036DF025EDF04BADF02F2C15ECF083
S2120E755F4BE3F044B746E640C12E2607EDF08D
S2110E756D4B026DF04BEDF04BADF02F182CD1
S2120E757A00EFECF04BE3F044B746E640876CAD
S2110E7588F0148C0035182D00DAEDF0148D81
S2120E75950039182E00D0182000C2ECF046E387
S2120E75A3F04FB746E640876CF0128C00302D87
S2120E75B125EDF0128D00382E1DECF046E3F0A0
S2120E75BF4FB7466DF010E6F30010B71602EE4C
S2120E75CDF010B7616B0018200094ECF046E349
S2120E75DBF04FB746E640C12E265BEDF0460397
S2120E75E96DF046B764E3F04FB746E640876C8B
S2120E75F78E8C00302D20ED8E8D00382E19EC69
S2120E7605F046E3F04FB7466D8CE6F3000CB77A
S2120E76131602EE8CB7616B00204EECF046E3CE
S2120E7621F04FB746E640C1392615ECF046E3AC
S2120E762FF04FB745C6316B00EDF025026DF03C
S2120E763D25202BECF046E3F04FB746E640C194
S2120E764B39260CECF046E3F04FB745C6306B12
S2120E765900EDF046036DF046EDF0468D000097
S2120E7667182CFF3419F04D1802408AED8A02D8
S2120E76756DF04DE6F022B716EC8AE3F04FB736
S2120E768345B7616B00EDF0258D00002C20192A
S2120E7691F04D18024088ED88026DF04DEC8824
S2120E769FE3F04FB745C62D6B00ECF0254151BB
S2120E76AD6CF025CD000A6D82EDF0256D80EC9A
S2110E76BBF04DE3F04F4ABCA7381AF04D18FC
S2120E76C800000000ECF04DE3F04FB746E64033
S2120E76D6C100260C1AF04D19F03618020040B0
S2120E76E4200CEDF04D026DF04D8D00142DDADB
S2120E76F2ECF05A8400C4048C0000274CEDF019
S2120E770036ADF05C182C034E1AF03619F04B10
S2120E770E180200402018E6F035B716ECF04BC9
S2120E771CE3F04FB745B7616B00EDF04B026D14
S2120E772AF04BEDF04BADF05C2DE0CD0000EE1A
S2120E7738F05C09B754E3F04FB745B7616B002F
S2120E77461820030CEDF036ADF05C182C030286
S2120E77541AF03619F04B180200402025ECF005
S2120E77624BE3F04FB746E640B716ECF04BE39F
S2120E7770F05CA3F036E3F04FB745B7616B0042
S2120E777EEDF04B036DF04BEDF04B8D00002C36
S2120E778CD3ECF05CA3F036B746036DF04B2040
S2120E779A18E6F03AB716ECF04BE3F04FB74594
S2120E77A8B7616B00EDF04B036DF04BEDF04B42
S2110E77B68D00002CE0ECF05A8400C4108C00
S2120E77C300001827028DE6F03DE1F03A18277A
S2120E77D10283E6F03DB716EEF04FB7616B0082
S2120E77DFE6F03AB716ECF05CA3F036E3F04F89
S2120E77EDB745B7616B001820025FECF05A84A9
S2120E77FB00C4018C00002719ECF03EE3F05E91
S2120E7809ACF02F2D21ECF03EE3F05EB74602FB
S2120E78176DF02F2013EDF03E02ADF02F260A78
S2120E78251AF03E19F02F18020040EDF02F8DCF
S2120E783300142F081AF02F1800000014ECF0A8
S2120E78412FA3F042B7466DF036E6F03DE1F0AE
S2120E784F3A2707EDF036026DF036EDF05CAD22
S2120E785DF0362C0A1AF03619F05C18020040AF
S2120E786BEDF05C8D00142F081AF05C1800006D
S2120E78790014EDF0368D00142F081AF0361897
S2120E788700000014ECF05A8400C4048C0000BE
S2120E78952608EDF05CADF036262A19F0271800
S2120E78A300400000E6F03DE1F03A18270085A2
S2120E78B1E6F03DB716EEF04FB7616B001AF01C
S2120E78BF2718000000011820006DECF05CA3E8
S2120E78CDF0366CF0271AF04B18000000002064
S2120E78DB18E6F03AB716ECF04BE3F04FB74552
S2120E78E9B7616B00EDF04B026DF04BEDF04B01
S2120E78F7ADF0272FE0E6F03DE1F03A2732EC3A
S2120E7905F05A8400C4108C0000270EE6F03DEB
S2120E7913B716EEF04FB7616B002011E6F03D92
S2120E7921B716ECF027E3F04FB745B7616B00D4
S2120E792FEDF027026DF02719F0271AF04B1810
S2120E793D024000EDF0388D00002613ECF04BE5
S2120E794BE3F04FB745C6306B00EDF04B026D05
S2120E7959F04B1AF04D1800000000202FECF038
S2120E79674DE3F044B746ECF0426D86E386B76D
S2120E797546E640B716ECF04BE3F04FB745B7BC
S2120E7983616B00EDF04B026DF04BEDF04D0219
S2120E79916DF04DEDF04DADF0382DC9EDF02F2A
S2120E799FADF03E2F13ECF04BE3F04FB745C69F
S2120E79AD2E6B00EDF04B026DF04B1AF04D18DF
S2120E79BB000000002055ECF03BA3F048ACF0A8
S2120E79C94D2F24ECF04DE3F044B746ECF0489C
S2120E79D76D86E386B74602E640B716ECF04B1A
S2120E79E5E3F04FB745B7616B002018ECF05A72
S2120E79F38400C4018C00002746ECF04BE3F037
S2120E7A014FB745C6306B00EDF04B026DF04BE6
S2120E7A0FEDF04D026DF04DEDF04DADF05E2C2F
S2120E7A1D0AEDF04B8D0014182DFF992018E67A
S2120E7A2BF035B716ECF04BE3F04FB745B761EB
S2120E7A396B00EDF04B026DF04BEDF04BADF02A
S2120E7A475C2DE0ECF04BE3F04FB745C6006B3F
S20C0E7A5500ECF04F1BF0510A85
S2120E7A5D3B1B9EED828D00002D0618028280C9
S2120E7A6B2008EC82405082006C80EC801B845B
S2050E7A790AEF
S10560AF0001EA
S2110E7A7A3B18058027811B820AFD2781CC54
S2110E7A874E6D13C33039847FC4FFB746FE24
S20C0E7A9427817D2781B7540AF5
S2120E7A9C3B1B9A1802868418028B82200AED77
S2120E7AAA84026D84ED82026D8218028D80EDD0
S2110E7AB880036D8DED808D0000270AE6F32D
S2120E7AC50004E1F3000227DCED8D028D0000BA
S2110E7AD3270AE6F30004E1F300022605CCB8
S2120E7AE000002012E6F30004E1F30002240577
S20F0E7AEECCFFFF2003CC00011B880A13
S2120E7AF93B1B9618028A8818028F86201E18CF
S2120E7B07028884ED84026D8818028682ED8256
S2120E7B15026D86E6F30002B716EE84B7616BBD
S2120E7B230019F01118024080ED80036DF0116F
S2100E7B31ED808D000026CEEC8A1B8C0A20
S2120E7B3D3B1B9C200AED84026D84ED89026DC2
S2120E7B4B89E6F30004876C828C00002712E693
S2120E7B59F30009876C808C00002706ED82ADC7
S2120E7B678027D8E6F30004E1F300092605CCCD
S2120E7B7500002012E6F30004E1F300092405DA
S20F0E7B83CCFFFF2003CC00011B860A7F
S2110E7B8E3B1B9C180080000020341800825F
S2120E7B9B00002017EC82E389B746E6F30004DE
S2120E7BA9E1402604EC802025ED82026D82EC73
S2120E7BB782E389B746E640C10026DDED840265
S2120E7BC56D84ED80026D80E6F30004C100268E
S20A0E7BD3C4EC801B860ABE
S2120E7BD93B1B9C18008200002005ED82026DFC
S2120E7BE78218028480ED80026D84E6F30000A4
S20D0E7BF5C10026EAEC821B860A8A
S2120E7BFE3B1B9618028A88202518028A86EDF2
S2120E7C0C86026D8A18028F84ED84026D8FE656
S2120E7C1AF30004B716EE86B7616B00EDF011A0
S2120E7C28036DF011E6F3000FC1002708EDF015
S2120E7C36118D000026CB201218028A82ED82D7
S2120E7C44026D8ACD0000EE82B7616B0019F05D
S2120E7C521118024080ED80036DF011ED808D4E
S20D0E7C60000026DAEC881B8C0AE3
S2110E7C693B1B9CED896D80EC844ABB8E396A
S2120E7C76B7456E82B754E384B746E640C100AB
S2120E7C842706EC82E3842003CC00001B860A43
S2110E7C923B1B9C1800800000204718008247
S2120E7C9F00002019EC82E389B746EC80E384E1
S2120E7CADB745E600E14026022011ED82026D7C
S2120E7CBB82EC82E389B746E640C10026DBEC7B
S2120E7CC982E389B746EC80E384B745E600E119
S2120E7CD7402704EC802015ED80026D80EC80B8
S2120E7CE5E384B746E640C1001826FFABEC80DF
S2070E7CF31B860AD0
S2120E7CF63B1B96ED8A8D0000270618028A8428
S2120E7D0420051801842AB118028488ED888D99
S2120E7D1200002605CC0000204FED8F6D80EC95
S2110E7D20884ABC9239E388B7466D88E6F3B4
S2120E7D2D0008C1002605CC00002032ED8F6D3A
S2110E7D3B80EC884ABC69396C868C000027E7
S2120E7D481AE6F30006C100271218028682ED18
S2120E7D5682026D86CD0000EE82B7616B0018BD
S20D0E7D6405862AB1EC881B8C0A78
S111563C3B1BF1DE1AF01E18000000001800DF
S111564A0200001AF01A1800003DCC180002ED
S1115658CCCD1AF017180800201AF016180806
S111566600201AF01818000000002007EDF0D4
S111567422026DF022E6F30022871658FC8C09
S1115682000026ECE6F30022C12D261A19F0D2
S1115690221802408CED8C026DF022ED8C1A73
S111569EF017180A400018200055E6F3002209
S11156ACC12B1826004BEDF022026DF02220D7
S11156BA4219F0221802408AED8A026DF02295
S11156C81800AE00001800AE4120ECF0243BA8
S11056D6ECF0243B165330E6F3000E87166B
S11056E34E4816517F1800AE00001800AEAE
S11156F042401651783A6CF0203A6CF020E6F5
S11156FEF30022871658CC8C00001826FFAF4C
S111570CE6F30022C12E1826005EEDF0220204
S111571A6DF0221820005319F0221802408866
S1115728ED88026DF022ECF0203BECF0203B0B
S1115736E6F3000C87830030164E48ECF02496
S11157443BECF0243B16533016517F3A6CF0C8
S1115752203A6CF020ECF01C3BECF01C3B18F1
S111576000AE00001800AE41201652663A6CEE
S111576EF01C3A6CF01CE6F30022871658CCAF
S110577C8C00001826FF9EE6F3002287161D
S111578959148C0045182600D3EDF022026D51
S1115797F022E6F30022C12D261819F0221884
S11157A5024086ED86026DF022ED861AF016A3
S11157B3180A4000203AE6F30022C12B2632E9
S11157C1EDF022026DF022202919F0221802C8
S11157CF4084ED84026DF022EDF018CC000A47
S11157DD13B746E6F3000487B745B7646E823F
S11157EBE3828300306CF018E6F30022871688
S11157F958CC8C000026CAE6F016C12D2630CE
S1115807EDF0186D80CC000A16588D3A6CF046
S1115815143A6CF014ECF0203BECF0203BEC69
S1115823F0183BECF0183B1652663A6CF0207D
S11158313A6CF020202EEDF0186D80CC000AA9
S111583F16588D3A6CF0103A6CF010ECF02014
S111584D3BECF0203BECF0143BECF0143B166B
S111585B53303A6CF0203A6CF020E6F017C19E
S11158692D2613ECF0203BECF0203B1654BF30
S11158773A6CF0203A6CF020ECF0203BECF0A0
S1115885203BCC002406515A3B1B9A1800808D
S11158933F80180082000018008400002019D5
S11158A1EC823BEC823BEC8A164E48165330E8
S11158AF3A6C823A6C82ED84026D84ED84AD15
S11058BD8A2DE1EC823BEC823BCC00080616
S10558CA515A2D
S11158CC3B1B9ECD54CCEC826D80E380B7462E
S10D58DAE640878400C4041B843DEB
S11158E43B1B9ECD54CCEC826D80E380B74616
S10D58F2E640878400C4021B843DD5
S11158FC3B1B9ECD54CCEC826D80E380B746FE
S10D590AE640878400C4101B843DAE
S11159143BEC801658E48C0000270AEC8083DC
S10F59220061C300412002EC801B823DA8
S9034000BC
