                        .module Subroutines1.c
                        .area text
 0000                   .dbfile ..\..\REV3~1.25\SOURCE~1\Subroutines1.c
                        .area data
 0000                   .dbfile ..\..\REV3~1.25\SOURCE~1\Subroutines1.c
 0000           _UpdateArrayVar::
 0000                   .blkb 1
                        .area idata
 0000 00                .byte 0
                        .area data
 0001                   .dbfile ..\..\REV3~1.25\SOURCE~1\Subroutines1.c
 0001                   .dbfile C:\Users\vbenton.crtsglobal\Desktop\temp\REV3~1.25\SOURCE~1\Subroutines1.c
 0001                   .dbsym e UpdateArrayVar _UpdateArrayVar c
 0001           _StoreFlag::
 0001                   .blkb 1
                        .area idata
 0001 00                .byte 0
                        .area data
 0002                   .dbfile C:\Users\vbenton.crtsglobal\Desktop\temp\REV3~1.25\SOURCE~1\Subroutines1.c
 0002                   .dbsym e StoreFlag _StoreFlag c
                        .area text
 0000                   .dbfile C:\Users\vbenton.crtsglobal\Desktop\temp\REV3~1.25\SOURCE~1\Subroutines1.c
 0000                   .dbfunc e NullFunction _NullFunction fI
 0000           _NullFunction::
 0000                   .dbline -1
 0000                   .dbline 55
 0000           ; #include <stdio.h>
 0000           ; #include <string.h>
 0000           ; #include <stdlib.h>
 0000           ; #include <math.h>
 0000           ; 
 0000           ; #include "nodecfg.h"
 0000           ; #include "Subroutines.h"
 0000           ; #include "mc9s12a128.h"
 0000           ; #include "Interrupts.h"
 0000           ; #include "mco.h"
 0000           ; #include "mcohw.h"
 0000           ; #include "EEProm.h"
 0000           ; 
 0000           ; 
 0000           ; extern char Variable_flag;
 0000           ; extern char String_Var_ptr;
 0000           ; extern char Multi_Var_ptr;
 0000           ; extern struct MenuStack MenuStackc[];
 0000           ; extern char StackPointer;
 0000           ; extern char Menu[12][21];
 0000           ; extern char MaxLADist[];
 0000           ; extern char Gen_Flags;
 0000           ; extern char State;
 0000           ; 
 0000           ; extern unsigned char TrigCam4;
 0000           ; extern unsigned char TrigCam5;
 0000           ; 
 0000           ; extern unsigned char ActCam4;
 0000           ; extern unsigned char ActCam5;
 0000           ; 
 0000           ; char UpdateArrayVar=0;
 0000           ; 
 0000           ; extern UNSIGNED8 gProcImg[];
 0000           ; 
 0000           ; 
 0000           ; extern CAN_MSG gTxMsg;
 0000           ; extern unsigned int Timer1;
 0000           ; 
 0000           ; extern unsigned int MenuTimer;
 0000           ; extern char UpdateMenu;
 0000           ; extern unsigned int TC0_RCVD_Data;
 0000           ; 
 0000           ; extern char fast_inc;
 0000           ; extern unsigned int IncSpeedUpTimer;
 0000           ; 
 0000           ; unsigned char StoreFlag = 0;
 0000           ; 
 0000           ; char CursorDownFlag;
 0000           ; char CursorUpFlag;
 0000           ; char SelectFlag;
 0000           ; char AcceptKeys;
 0000           ; char InProcess;
 0000           ; 
 0000           ; int NullFunction ( void )
 0000           ; {
 0000                   .dbline 56
 0000           ;     return 0;
 0000 CC0000            ldd #0
 0003                   .dbline -2
 0003           L5:
 0003                   .dbline 0 ; func end
 0003 3D                rts
 0004                   .dbend
                        .area extcode(paged)
 0000                   .dbfile C:\Users\vbenton.crtsglobal\Desktop\temp\REV3~1.25\SOURCE~1\Subroutines1.c
 0000                   .dbstruct 0 34 menu_var
 0000                   .dbfield 0 value D
 0000                   .dbfield 4 inc D
 0000                   .dbfield 8 min D
 0000                   .dbfield 12 max D
 0000                   .dbfield 16 dec_pos c
 0000                   .dbfield 17 len_str C
 0000                   .dbfield 18 str_value A[12:12]c
 0000                   .dbfield 30 str_enum pc
 0000                   .dbfield 32 next_var pS[menu_var]
 0000                   .dbend
 0000                   .dbfunc e getVariable _getVariable fpS[menu_var]
 0000           ;              k -> 8,SP
 0000           ;              j -> 10,SP
 0000           ;            var -> 12,SP
 0000           $_getVariable::
 0000 1B92              leas -14,S
 0002                   .dbline -1
 0002                   .dbline 61
 0002           ; }
 0002           ; 
 0002           ; //This gets the variable pointed to by the Menu/Cursor/Multi_Var_ptr
 0002           ; struct menu_var *getVariable( void ) 
 0002           ; {
 0002                   .dbline 63
 0002           ;      int k;
 0002           ;        int j=1;
 0002 18008A0001        movw #1,10,S
 0007                   .dbline 66
 0007           ;        struct menu_var *var; 
 0007           ;        
 0007           ;        k = FindMenu();
 0007 4A089595          xcall $_FindMenu
 000B 87                clra
 000C B746              tfr D,Y
 000E 6D88              sty 8,S
 0010                   .dbline 67
 0010           ;        var = Menuc[k].VarPntr[MenuStackc[StackPointer].CursorPos+MenuStackc[StackPointer].FirstLine-1];
 0010 F60000            ldab _StackPointer
 0013 87                clra
 0014 B746              tfr D,Y
 0016 CC0006            ldd #6
 0019 13                emul
 001A 6C86              std 6,S
 001C CD0005            ldy #_MenuStackc+5
 001F 6D80              sty 0,S
 0021 E380              addd 0,S
 0023 B746              tfr D,Y
 0025 E640              ldab 0,Y
 0027 87                clra
 0028 6C84              std 4,S
 002A EC86              ldd 6,S
 002C CE0004            ldx #_MenuStackc+4
 002F 6E80              stx 0,S
 0031 E380              addd 0,S
 0033 B746              tfr D,Y
 0035 E640              ldab 0,Y
 0037 87                clra
 0038 B746              tfr D,Y
 003A EE84              ldx 4,S
 003C B764              tfr Y,D
 003E 6E80              stx 0,S
 0040 E380              addd 0,S
 0042 830001            subd #1
 0045 59                lsld
 0046 6C82              std 2,S
 0048 ED88              ldy 8,S
 004A CC0137            ldd #311
 004D 13                emul
 004E B746              tfr D,Y
 0050 CE010B            ldx #_Menuc+267
 0053 B764              tfr Y,D
 0055 6E80              stx 0,S
 0057 E380              addd 0,S
 0059 B746              tfr D,Y
 005B EC82              ldd 2,S
 005D 6D80              sty 0,S
 005F E380              addd 0,S
 0061 B746              tfr D,Y
 0063 1802408C          movw 0,Y,12,S
 0067 200E              bra L11
 0069           L10:
 0069                   .dbline 69
 0069           ;        while(j<Multi_Var_ptr)
 0069           ;        {
 0069                   .dbline 70
 0069           ;            var = var->next_var;
 0069 ED8C              ldy 12,S
 006B 19E820            leay 32,Y
 006E 1802408C          movw 0,y,12,S
 0072                   .dbline 71
 0072           ;                j++;
 0072 ED8A              ldy 10,S
 0074 02                iny
 0075 6D8A              sty 10,S
 0077                   .dbline 72
 0077           ;        }
 0077           L11:
 0077                   .dbline 68
 0077 F60000            ldab _Multi_Var_ptr
 007A 87                clra
 007B AC8A              cpd 10,S
 007D 2EEA              bgt L10
 007F                   .dbline 73
 007F           ;      return var;
 007F EC8C              ldd 12,S
 0081                   .dbline -2
 0081           L6:
 0081                   .dbline 0 ; func end
 0081 1B8E              leas 14,S
 0083 0A                rtc
 0084                   .dbsym l k 8 I
 0084                   .dbsym l j 10 I
 0084                   .dbsym l var 12 pS[menu_var]
 0084                   .dbend
 0084                   .dbfunc e StdVarFunc_String _StdVarFunc_String fV
 0084           ;      old_value -> 4,SP
 0084           ;            var -> 8,SP
 0084           $_StdVarFunc_String::
 0084 3B                pshd
 0085 1B98              leas -8,S
 0087                   .dbline -1
 0087                   .dbline 78
 0087           ; }
 0087           ; 
 0087           ; //This displays the "String Type" variable with a '-' in the current "String_Var_ptr" location
 0087           ; void StdVarFunc_String ( struct menu_var *var ) 
 0087           ; {
 0087                   .dbline 81
 0087           ;       float old_value; 
 0087           ;       
 0087           ;     getvalue(var,String_Var_ptr-1);
 0087 F60000            ldab _String_Var_ptr
 008A B716              tfr B,Y
 008C 03                dey
 008D B764              tfr Y,D
 008F 87                clra
 0090 6C80              std 0,S
 0092 EC88              ldd 8,S
 0094 4A03C3C3          xcall $_getvalue
 0098 1B84              leas 4,S
 009A                   .dbline 82
 009A           ;     old_value = var->value;
 009A ED88              ldy 8,S
 009C 18024084          movw 0,Y,4,S
 00A0 18024286          movw 2,Y,6,S
 00A4                   .dbline 83
 00A4           ;     var->value = var->max+1;   //the last char in the enum list is used as a cursor
 00A4 EC88              ldd 8,S
 00A6 C3000C            addd #12
 00A9 B745              tfr D,X
 00AB ED88              ldy 8,S
 00AD 180202AE          movw 2,X,2,-S
 00B1 180200AE          movw 0,X,2,-S
 00B5 1800AE0000        movw #0,2,-S
 00BA 1800AE3F80        movw #16256,2,-S
 00BF 160000            jsr addf4
 00C2 30                pulx
 00C3 6E40              stx 0,Y
 00C5 30                pulx
 00C6 6E42              stx 2,Y
 00C8                   .dbline 84
 00C8           ;     getstrval(var);                            //put it in the string temporarily   
 00C8 EC88              ldd 8,S
 00CA 4A058F8F          xcall $_getstrval
 00CE                   .dbline 85
 00CE           ;     LoadMenu ( MenuStackc[StackPointer].Index );
 00CE F60000            ldab _StackPointer
 00D1 87                clra
 00D2 B746              tfr D,Y
 00D4 CC0006            ldd #6
 00D7 13                emul
 00D8 B746              tfr D,Y
 00DA CE0000            ldx #_MenuStackc
 00DD B764              tfr Y,D
 00DF 6E82              stx 2,S
 00E1 E382              addd 2,S
 00E3 4A0F8484          xcall $_LoadMenu
 00E7                   .dbline 86
 00E7           ;     var->value = old_value;
 00E7 ED88              ldy 8,S
 00E9 EC86              ldd 6,S
 00EB 3B                pshd
 00EC EC86              ldd 6,S
 00EE 3B                pshd
 00EF 30                pulx
 00F0 6E40              stx 0,Y
 00F2 30                pulx
 00F3 6E42              stx 2,Y
 00F5                   .dbline 87
 00F5           ;     getstrval(var);
 00F5 EC88              ldd 8,S
 00F7 4A058F8F          xcall $_getstrval
 00FB                   .dbline -2
 00FB           L13:
 00FB                   .dbline 0 ; func end
 00FB 1B8A              leas 10,S
 00FD 0A                rtc
 00FE                   .dbsym l old_value 4 D
 00FE                   .dbsym l var 8 pS[menu_var]
 00FE                   .dbend
 00FE                   .dbfunc e next_variable _next_variable fV
 00FE           ;            var -> 2,SP
 00FE           $_next_variable::
 00FE 3B                pshd
 00FF 1B9E              leas -2,S
 0101                   .dbline -1
 0101                   .dbline 92
 0101           ; }
 0101           ; 
 0101           ; // This puts the next variable in the Menu and updates the pointers "Multi_Var_ptr", "String_Var_ptr", "Variable_flag"
 0101           ; void next_variable ( struct menu_var *var )
 0101           ; {
 0101                   .dbline 93
 0101           ;     if (var->next_var) // See if more linked variables
 0101 EC82              ldd 2,S
 0103 C30020            addd #32
 0106 B746              tfr D,Y
 0108 ED40              ldy 0,Y
 010A 8D0000            cpy #0
 010D 2755              beq L15
 010F                   .dbline 94
 010F           ;     {
 010F                   .dbline 95
 010F           ;         Multi_Var_ptr++;
 010F 720000            inc _Multi_Var_ptr
 0112                   .dbline 96
 0112           ;         var = getVariable(); // Get the variable pointed to by Multi_Var_ptr
 0112 4A000000          xcall $_getVariable
 0116 B745              tfr D,X
 0118 6E82              stx 2,S
 011A                   .dbline 97
 011A           ;         if (var->len_str < 0)  // See if "String Type"
 011A B754              tfr X,D
 011C C30011            addd #17
 011F B746              tfr D,Y
 0121 E640              ldab 0,Y
 0123 C100              cmpb #0
 0125 2C0D              bge L17
 0127                   .dbline 98
 0127           ;         {
 0127                   .dbline 99
 0127           ;             String_Var_ptr = 1;
 0127 180B010000        movb #1,_String_Var_ptr
 012C                   .dbline 100
 012C           ;             StdVarFunc_String(var); //Display "String Type"   ">-xxx"
 012C EC82              ldd 2,S
 012E 4A008484          xcall $_StdVarFunc_String
 0132                   .dbline 101
 0132           ;         }
 0132 2059              bra L16
 0134           L17:
 0134                   .dbline 103
 0134           ;       else //"Standard" numeric or enum variable here
 0134           ;       {
 0134                   .dbline 104
 0134           ;             if (!Multi_Var_ptr)
 0134 F60000            ldab _Multi_Var_ptr
 0137 C100              cmpb #0
 0139 2603              bne L19
 013B                   .dbline 105
 013B           ;                 Variable_flag = 0; //This removes Variable Cursor when the menu is loaded
 013B 790000            clr _Variable_flag
 013E           L19:
 013E                   .dbline 107
 013E           ;                       
 013E           ;               LoadMenu ( MenuStackc[StackPointer].Index );
 013E F60000            ldab _StackPointer
 0141 87                clra
 0142 B746              tfr D,Y
 0144 CC0006            ldd #6
 0147 13                emul
 0148 B746              tfr D,Y
 014A CE0000            ldx #_MenuStackc
 014D B764              tfr Y,D
 014F 6E80              stx 0,S
 0151 E380              addd 0,S
 0153 4A0F8484          xcall $_LoadMenu
 0157                   .dbline 108
 0157           ;               if (!Multi_Var_ptr)
 0157 F60000            ldab _Multi_Var_ptr
 015A C100              cmpb #0
 015C 262F              bne L16
 015E                   .dbline 109
 015E           ;                 InsertCursor ();
 015E 4A178080          xcall $_InsertCursor
 0162                   .dbline 110
 0162           ;         }
 0162                   .dbline 112
 0162           ;       
 0162           ;     }
 0162 2029              bra L16
 0164           L15:
 0164                   .dbline 114
 0164           ;       else // No more linked variables, cursor back to beginning of line
 0164           ;       {
 0164                   .dbline 115
 0164           ;           Variable_flag = 0;
 0164 790000            clr _Variable_flag
 0167                   .dbline 116
 0167           ;               Multi_Var_ptr = 0;
 0167 790000            clr _Multi_Var_ptr
 016A                   .dbline 117
 016A           ;               String_Var_ptr = 0;
 016A 790000            clr _String_Var_ptr
 016D                   .dbline 118
 016D           ;               UpdateArrayVar = 0;
 016D 790000            clr _UpdateArrayVar
 0170                   .dbline 119
 0170           ;               LoadMenu ( MenuStackc[StackPointer].Index );
 0170 F60000            ldab _StackPointer
 0173 87                clra
 0174 B746              tfr D,Y
 0176 CC0006            ldd #6
 0179 13                emul
 017A B746              tfr D,Y
 017C CE0000            ldx #_MenuStackc
 017F B764              tfr Y,D
 0181 6E80              stx 0,S
 0183 E380              addd 0,S
 0185 4A0F8484          xcall $_LoadMenu
 0189                   .dbline 120
 0189           ;               InsertCursor ();
 0189 4A178080          xcall $_InsertCursor
 018D                   .dbline 121
 018D           ;       }
 018D           L16:
 018D                   .dbline -2
 018D           L14:
 018D                   .dbline 0 ; func end
 018D 1B84              leas 4,S
 018F 0A                rtc
 0190                   .dbsym l var 2 pS[menu_var]
 0190                   .dbend
 0190                   .dbfunc e Next_Char_In_String_Var _Next_Char_In_String_Var fV
 0190           ;              i -> 3,SP
 0190           ;            var -> 5,SP
 0190           $_Next_Char_In_String_Var::
 0190 3B                pshd
 0191 1B9B              leas -5,S
 0193                   .dbline -1
 0193                   .dbline 127
 0193           ;     
 0193           ; }
 0193           ; 
 0193           ; // This points to the next char in "String Type" variables and puts in Menu, or goes to next variable
 0193           ; void Next_Char_In_String_Var ( struct menu_var *var ) 
 0193           ; {
 0193                   .dbline 130
 0193           ;     int i;
 0193           ;       
 0193           ;     if (++String_Var_ptr > abs(var->len_str)) //End of "String Type" variable here
 0193 F60000            ldab _String_Var_ptr
 0196 B716              tfr B,Y
 0198 02                iny
 0199 B761              tfr Y,B
 019B 6B82              stab 2,S
 019D EC85              ldd 5,S
 019F C30011            addd #17
 01A2 B746              tfr D,Y
 01A4 E640              ldab 0,Y
 01A6 B714              tfr B,D
 01A8 180D820000        movb 2,S,_String_Var_ptr
 01AD 4A000000          xcall $_abs
 01B1 B745              tfr D,X
 01B3 6E80              stx 0,S
 01B5 E682              ldab 2,S
 01B7 87                clra
 01B8 AC80              cpd 0,S
 01BA 2F08              ble L24
 01BC                   .dbline 131
 01BC           ;     {
 01BC                   .dbline 132
 01BC           ;           next_variable (var);
 01BC EC85              ldd 5,S
 01BE 4A00FEFE          xcall $_next_variable
 01C2                   .dbline 133
 01C2           ;     }
 01C2 2006              bra L25
 01C4           L24:
 01C4                   .dbline 135
 01C4           ;     else
 01C4           ;     {
 01C4                   .dbline 136
 01C4           ;           StdVarFunc_String(var);
 01C4 EC85              ldd 5,S
 01C6 4A008484          xcall $_StdVarFunc_String
 01CA                   .dbline 137
 01CA           ;     }
 01CA           L25:
 01CA                   .dbline -2
 01CA           L23:
 01CA                   .dbline 0 ; func end
 01CA 1B87              leas 7,S
 01CC 0A                rtc
 01CD                   .dbsym l i 3 I
 01CD                   .dbsym l var 5 pS[menu_var]
 01CD                   .dbend
 01CD                   .dbfunc e ArrayVarFunction _ArrayVarFunction fI
 01CD           $_ArrayVarFunction::
 01CD                   .dbline -1
 01CD                   .dbline 144
 01CD           ; 
 01CD           ; }
 01CD           ; 
 01CD           ; //When a menu item is first select, this sets the UpdateArrayVar to cause 
 01CD           ; //a variable array to be update
 01CD           ; int ArrayVarFunction ( void )
 01CD           ; {
 01CD                   .dbline 145
 01CD           ;     UpdateArrayVar = 8;
 01CD 180B080000        movb #8,_UpdateArrayVar
 01D2                   .dbline 146
 01D2           ;       return StdVarFunction();
 01D2 160004            jsr _StdVarFunction
 01D5                   .dbline -2
 01D5           L26:
 01D5                   .dbline 0 ; func end
 01D5 0A                rtc
 01D6                   .dbend
 01D6                   .dbfunc e UpdateArrayVariables _UpdateArrayVariables fV
 01D6           ;              i -> 8,SP
 01D6           ;        tempstr -> 10,SP
 01D6           ;            num -> 28,SP
 01D6           ;            var -> 22,SP
 01D6           $_UpdateArrayVariables::
 01D6 3B                pshd
 01D7 1BF1EA            leas -22,S
 01DA                   .dbline -1
 01DA                   .dbline 150
 01DA           ; }
 01DA           ; 
 01DA           ; void UpdateArrayVariables ( struct menu_var *var, char num )
 01DA           ; {
 01DA                   .dbline 152
 01DA           ;     char tempstr[12];
 01DA           ;     int i=0;
 01DA 1800880000        movw #0,8,S
 01DF                   .dbline 154
 01DF           ;     
 01DF           ;       if (num)
 01DF E6F01C            ldab 28,S
 01E2 C100              cmpb #0
 01E4 18270081          lbeq L28
 01E8                   .dbline 155
 01E8           ;       {
 01E8                   .dbline 156
 01E8           ;         var = getVariable();
 01E8 4A000000          xcall $_getVariable
 01EC B745              tfr D,X
 01EE 6EF016            stx 22,S
 01F1                   .dbline 157
 01F1           ;         strncpy (tempstr,&var->str_value[0],sizeof(tempstr));
 01F1 CD000C            ldy #12
 01F4 6D82              sty 2,S
 01F6 ECF016            ldd 22,S
 01F9 C30012            addd #18
 01FC 6C80              std 0,S
 01FE 198A              leay 10,S
 0200 B764              tfr Y,D
 0202 4A000000          xcall $_strncpy
 0206 2030              bra L31
 0208           L30:
 0208                   .dbline 159
 0208           ;         while (i++ < num-1)
 0208           ;         {
 0208                   .dbline 160
 0208           ;             var++;
 0208 ECF016            ldd 22,S
 020B C30022            addd #34
 020E 6CF016            std 22,S
 0211                   .dbline 161
 0211           ;               strncpy (&var->str_value[0],tempstr,var->len_str);
 0211 C30011            addd #17
 0214 B746              tfr D,Y
 0216 E640              ldab 0,Y
 0218 B716              tfr B,Y
 021A 6D82              sty 2,S
 021C 198A              leay 10,S
 021E 6D80              sty 0,S
 0220 ECF016            ldd 22,S
 0223 C30012            addd #18
 0226 4A000000          xcall $_strncpy
 022A                   .dbline 162
 022A           ;               getvalue(var,0);
 022A CD0000            ldy #0
 022D 6D80              sty 0,S
 022F ECF016            ldd 22,S
 0232 4A03C3C3          xcall $_getvalue
 0236 1B84              leas 4,S
 0238                   .dbline 163
 0238           ;         }
 0238           L31:
 0238                   .dbline 158
 0238 18028886          movw 8,S,6,S
 023C ED86              ldy 6,S
 023E 02                iny
 023F 6D88              sty 8,S
 0241 E6F01C            ldab 28,S
 0244 87                clra
 0245 B746              tfr D,Y
 0247 03                dey
 0248 AD86              cpy 6,S
 024A 2EBC              bgt L30
 024C                   .dbline 164
 024C           ;               LoadMenu ( MenuStackc[StackPointer].Index );
 024C F60000            ldab _StackPointer
 024F 87                clra
 0250 B746              tfr D,Y
 0252 CC0006            ldd #6
 0255 13                emul
 0256 B746              tfr D,Y
 0258 CE0000            ldx #_MenuStackc
 025B B764              tfr Y,D
 025D 6E84              stx 4,S
 025F E384              addd 4,S
 0261 4A0F8484          xcall $_LoadMenu
 0265                   .dbline 165
 0265           ;               DisplayTitler ();
 0265 4A17B7B7          xcall $_DisplayTitler
 0269                   .dbline 166
 0269           ;       }
 0269           L28:
 0269                   .dbline -2
 0269           L27:
 0269                   .dbline 0 ; func end
 0269 1BF018            leas 24,S
 026C 0A                rtc
 026D                   .dbsym l i 8 I
 026D                   .dbsym l tempstr 10 A[12:12]c
 026D                   .dbsym l num 28 c
 026D                   .dbsym l var 22 pS[menu_var]
 026D                   .dbend
 026D                   .dbfunc e SkipVarFunction _SkipVarFunction fI
 026D           ;            var -> 8,SP
 026D           ;              i -> 10,SP
 026D           $_SkipVarFunction::
 026D 1B94              leas -12,S
 026F                   .dbline -1
 026F                   .dbline 172
 026F           ; }
 026F           ; 
 026F           ; //When a menu item is first select, this skips the first variable on the line (multi-variable)
 026F           ; //The first variable can be used to display info such as temperature
 026F           ; int SkipVarFunction ( void )
 026F           ; {
 026F                   .dbline 176
 026F           ;     int i;
 026F           ;       struct menu_var *var;
 026F           ;       
 026F           ;       if ( !Variable_flag ) //Here the first time select is pushed
 026F F60000            ldab _Variable_flag
 0272 C100              cmpb #0
 0274 1826006B          lbne L34
 0278                   .dbline 177
 0278           ;       {
 0278                   .dbline 178
 0278           ;           i = FindMenu(); 
 0278 4A089595          xcall $_FindMenu
 027C 87                clra
 027D B746              tfr D,Y
 027F 6D8A              sty 10,S
 0281                   .dbline 179
 0281           ;           var = Menuc[i].VarPntr[MenuStackc[StackPointer].CursorPos+MenuStackc[StackPointer].FirstLine-1];
 0281 F60000            ldab _StackPointer
 0284 87                clra
 0285 B746              tfr D,Y
 0287 CC0006            ldd #6
 028A 13                emul
 028B 6C86              std 6,S
 028D CD0005            ldy #_MenuStackc+5
 0290 6D80              sty 0,S
 0292 E380              addd 0,S
 0294 B746              tfr D,Y
 0296 E640              ldab 0,Y
 0298 87                clra
 0299 6C84              std 4,S
 029B EC86              ldd 6,S
 029D CE0004            ldx #_MenuStackc+4
 02A0 6E80              stx 0,S
 02A2 E380              addd 0,S
 02A4 B746              tfr D,Y
 02A6 E640              ldab 0,Y
 02A8 87                clra
 02A9 B746              tfr D,Y
 02AB EE84              ldx 4,S
 02AD B764              tfr Y,D
 02AF 6E80              stx 0,S
 02B1 E380              addd 0,S
 02B3 830001            subd #1
 02B6 59                lsld
 02B7 6C82              std 2,S
 02B9 ED8A              ldy 10,S
 02BB CC0137            ldd #311
 02BE 13                emul
 02BF B746              tfr D,Y
 02C1 CE010B            ldx #_Menuc+267
 02C4 B764              tfr Y,D
 02C6 6E80              stx 0,S
 02C8 E380              addd 0,S
 02CA B746              tfr D,Y
 02CC EC82              ldd 2,S
 02CE 6D80              sty 0,S
 02D0 E380              addd 0,S
 02D2 B746              tfr D,Y
 02D4 18024088          movw 0,Y,8,S
 02D8                   .dbline 181
 02D8           ;           //var is the 1st variable pointed to in the menu
 02D8           ;               next_variable( var );
 02D8 EC88              ldd 8,S
 02DA 4A00FEFE          xcall $_next_variable
 02DE                   .dbline 183
 02DE           ;               
 02DE           ;               Variable_flag = 1;
 02DE 180B010000        movb #1,_Variable_flag
 02E3                   .dbline 184
 02E3           ;       }
 02E3           L34:
 02E3                   .dbline 186
 02E3           ;     
 02E3           ;       return StdVarFunction();
 02E3 160004            jsr _StdVarFunction
 02E6                   .dbline -2
 02E6           L33:
 02E6                   .dbline 0 ; func end
 02E6 1B8C              leas 12,S
 02E8 0A                rtc
 02E9                   .dbsym l var 8 pS[menu_var]
 02E9                   .dbsym l i 10 I
 02E9                   .dbend
                        .area text
 0004                   .dbfile C:\Users\vbenton.crtsglobal\Desktop\temp\REV3~1.25\SOURCE~1\Subroutines1.c
 0004                   .dbfunc e StdVarFunction _StdVarFunction fI
 0004           ;      old_value -> 8,SP
 0004           ;              i -> 12,SP
 0004           ;            var -> 14,SP
 0004           _StdVarFunction::
 0004 1B90              leas -16,S
 0006                   .dbline -1
 0006                   .dbline 191
 0006           ; }
 0006           ; 
 0006           ; //When a menu item is first select, this sets the Variable
 0006           ; int StdVarFunction ( void )
 0006           ; {
 0006                   .dbline 196
 0006           ;     int i;
 0006           ;       struct menu_var *var;
 0006           ;       float old_value; 
 0006           ;       
 0006           ;       i = FindMenu(); 
 0006 4A089595          xcall $_FindMenu
 000A 87                clra
 000B B746              tfr D,Y
 000D 6D8C              sty 12,S
 000F                   .dbline 197
 000F           ;       var = Menuc[i].VarPntr[MenuStackc[StackPointer].CursorPos+MenuStackc[StackPointer].FirstLine-1];
 000F F60000            ldab _StackPointer
 0012 87                clra
 0013 B746              tfr D,Y
 0015 CC0006            ldd #6
 0018 13                emul
 0019 6C86              std 6,S
 001B CD0005            ldy #_MenuStackc+5
 001E 6D80              sty 0,S
 0020 E380              addd 0,S
 0022 B746              tfr D,Y
 0024 E640              ldab 0,Y
 0026 87                clra
 0027 6C84              std 4,S
 0029 EC86              ldd 6,S
 002B CE0004            ldx #_MenuStackc+4
 002E 6E80              stx 0,S
 0030 E380              addd 0,S
 0032 B746              tfr D,Y
 0034 E640              ldab 0,Y
 0036 87                clra
 0037 B746              tfr D,Y
 0039 EE84              ldx 4,S
 003B B764              tfr Y,D
 003D 6E80              stx 0,S
 003F E380              addd 0,S
 0041 830001            subd #1
 0044 59                lsld
 0045 6C82              std 2,S
 0047 ED8C              ldy 12,S
 0049 CC0137            ldd #311
 004C 13                emul
 004D B746              tfr D,Y
 004F CE010B            ldx #_Menuc+267
 0052 B764              tfr Y,D
 0054 6E80              stx 0,S
 0056 E380              addd 0,S
 0058 B746              tfr D,Y
 005A EC82              ldd 2,S
 005C 6D80              sty 0,S
 005E E380              addd 0,S
 0060 B746              tfr D,Y
 0062 1802408E          movw 0,Y,14,S
 0066                   .dbline 201
 0066           ;           //var is the 1st variable pointed to in the menu
 0066           ;       
 0066           ;       
 0066           ;       if ( !Variable_flag ) //Here the first time select is pushed
 0066 F60000            ldab _Variable_flag
 0069 C100              cmpb #0
 006B 2653              bne L43
 006D                   .dbline 202
 006D           ;     {
 006D                   .dbline 203
 006D           ;               Variable_flag = 1;
 006D 180B010000        movb #1,_Variable_flag
 0072                   .dbline 204
 0072           ;               Multi_Var_ptr = 0;
 0072 790000            clr _Multi_Var_ptr
 0075                   .dbline 205
 0075           ;               String_Var_ptr = 0;
 0075 790000            clr _String_Var_ptr
 0078                   .dbline 207
 0078           ;               
 0078           ;         if (var->next_var)
 0078 EC8E              ldd 14,S
 007A C30020            addd #32
 007D B746              tfr D,Y
 007F ED40              ldy 0,Y
 0081 8D0000            cpy #0
 0084 2705              beq L45
 0086                   .dbline 208
 0086           ;                   Multi_Var_ptr = 1;
 0086 180B010000        movb #1,_Multi_Var_ptr
 008B           L45:
 008B                   .dbline 210
 008B           ;                       
 008B           ;               if ( var->len_str < 0 ) //puts a cursor char in "String type" variables <<<<<<<<<<<<<<<<<<
 008B EC8E              ldd 14,S
 008D C30011            addd #17
 0090 B746              tfr D,Y
 0092 E640              ldab 0,Y
 0094 C100              cmpb #0
 0096 2C0D              bge L47
 0098                   .dbline 211
 0098           ;               {
 0098                   .dbline 212
 0098           ;               String_Var_ptr = 1;
 0098 180B010000        movb #1,_String_Var_ptr
 009D                   .dbline 213
 009D           ;                       StdVarFunc_String(var);
 009D EC8E              ldd 14,S
 009F 4A008484          xcall $_StdVarFunc_String
 00A3                   .dbline 214
 00A3           ;               }
 00A3 203E              bra L44
 00A5           L47:
 00A5                   .dbline 216
 00A5           ;               else                       //non "String type" variables
 00A5           ;               {
 00A5                   .dbline 217
 00A5           ;             LoadMenu ( MenuStackc[StackPointer].Index );
 00A5 F60000            ldab _StackPointer
 00A8 87                clra
 00A9 B746              tfr D,Y
 00AB CC0006            ldd #6
 00AE 13                emul
 00AF B746              tfr D,Y
 00B1 CE0000            ldx #_MenuStackc
 00B4 B764              tfr Y,D
 00B6 6E80              stx 0,S
 00B8 E380              addd 0,S
 00BA 4A0F8484          xcall $_LoadMenu
 00BE                   .dbline 218
 00BE           ;               }
 00BE                   .dbline 219
 00BE           ;     }
 00BE 2023              bra L44
 00C0           L43:
 00C0                   .dbline 221
 00C0           ;     else //Here if select had already been pushed, see if more variables or string variable, or end if needed
 00C0           ;     {
 00C0                   .dbline 223
 00C0           ; 
 00C0           ;           var = getVariable();// Get the variable pointed to by Multi_Var_ptr
 00C0 4A000000          xcall $_getVariable
 00C4 B745              tfr D,X
 00C6 6E8E              stx 14,S
 00C8                   .dbline 226
 00C8           ;                
 00C8           ;               //see if "String type" before going to next multi var
 00C8           ;               if (var->len_str < 0) //"String type"
 00C8 B754              tfr X,D
 00CA C30011            addd #17
 00CD B746              tfr D,Y
 00CF E640              ldab 0,Y
 00D1 C100              cmpb #0
 00D3 2C08              bge L49
 00D5                   .dbline 227
 00D5           ;               {
 00D5                   .dbline 228
 00D5           ;                   Next_Char_In_String_Var( var );  
 00D5 EC8E              ldd 14,S
 00D7 4A019090          xcall $_Next_Char_In_String_Var
 00DB                   .dbline 229
 00DB           ;               }
 00DB 2006              bra L50
 00DD           L49:
 00DD                   .dbline 231
 00DD           ;               else
 00DD           ;               {
 00DD                   .dbline 232
 00DD           ;                   next_variable( var );
 00DD EC8E              ldd 14,S
 00DF 4A00FEFE          xcall $_next_variable
 00E3                   .dbline 233
 00E3           ;               }
 00E3           L50:
 00E3                   .dbline 234
 00E3           ;     }
 00E3           L44:
 00E3                   .dbline 237
 00E3           ; 
 00E3           ; 
 00E3           ;     DisplayTitler ();
 00E3 4A17B7B7          xcall $_DisplayTitler
 00E7                   .dbline 238
 00E7           ;     return 0;
 00E7 CC0000            ldd #0
 00EA                   .dbline -2
 00EA           L39:
 00EA                   .dbline 0 ; func end
 00EA 1BF010            leas 16,S
 00ED 3D                rts
 00EE                   .dbsym l old_value 8 D
 00EE                   .dbsym l i 12 I
 00EE                   .dbsym l var 14 pS[menu_var]
 00EE                   .dbend
 00EE                   .dbfunc e ExitMenu _ExitMenu fI
 00EE           _ExitMenu::
 00EE                   .dbline -1
 00EE                   .dbline 242
 00EE           ; }
 00EE           ; 
 00EE           ; int ExitMenu ( void )
 00EE           ; {
 00EE                   .dbline 243
 00EE           ;     DeSelect ();
 00EE 4A0EA0A0          xcall $_DeSelect
 00F2                   .dbline 244
 00F2           ;       return 0;
 00F2 CC0000            ldd #0
 00F5                   .dbline -2
 00F5           L51:
 00F5                   .dbline 0 ; func end
 00F5 3D                rts
 00F6                   .dbend
                        .area extcode(paged)
 02E9                   .dbfile C:\Users\vbenton.crtsglobal\Desktop\temp\REV3~1.25\SOURCE~1\Subroutines1.c
 02E9                   .dbfunc e CursorUp _CursorUp fV
 02E9           $_CursorUp::
 02E9 1B98              leas -8,S
 02EB                   .dbline -1
 02EB                   .dbline 248
 02EB           ; }
 02EB           ; 
 02EB           ; void CursorUp( void )
 02EB           ; {
 02EB                   .dbline 249
 02EB           ;     if ( Variable_flag )
 02EB F60000            ldab _Variable_flag
 02EE C100              cmpb #0
 02F0 271A              beq L53
 02F2                   .dbline 250
 02F2           ;     {
 02F2                   .dbline 251
 02F2           ;          IncVariable ();
 02F2 4A095151          xcall $_IncVariable
 02F6                   .dbline 252
 02F6           ;                UpdateArrayVariables (getVariable(),UpdateArrayVar);
 02F6 4A000000          xcall $_getVariable
 02FA B745              tfr D,X
 02FC 6E86              stx 6,S
 02FE F60000            ldab _UpdateArrayVar
 0301 87                clra
 0302 6C80              std 0,S
 0304 EC86              ldd 6,S
 0306 4A01D6D6          xcall $_UpdateArrayVariables
 030A                   .dbline 253
 030A           ;     }
 030A 2047              bra L54
 030C           L53:
 030C                   .dbline 255
 030C           ;     else
 030C           ;     {
 030C                   .dbline 256
 030C           ;        MenuStackc[StackPointer].CursorPos--;
 030C F60000            ldab _StackPointer
 030F 87                clra
 0310 B746              tfr D,Y
 0312 CC0006            ldd #6
 0315 13                emul
 0316 B746              tfr D,Y
 0318 CE0004            ldx #_MenuStackc+4
 031B B764              tfr Y,D
 031D 6E82              stx 2,S
 031F E382              addd 2,S
 0321 B746              tfr D,Y
 0323 6D84              sty 4,S
 0325 E6F30004          ldab [4,S]
 0329 B716              tfr B,Y
 032B 03                dey
 032C EE84              ldx 4,S
 032E B761              tfr Y,B
 0330 6B00              stab 0,X
 0332                   .dbline 257
 0332           ;        LoadMenu ( MenuStackc[StackPointer].Index );
 0332 F60000            ldab _StackPointer
 0335 87                clra
 0336 B746              tfr D,Y
 0338 CC0006            ldd #6
 033B 13                emul
 033C B746              tfr D,Y
 033E CE0000            ldx #_MenuStackc
 0341 B764              tfr Y,D
 0343 6E82              stx 2,S
 0345 E382              addd 2,S
 0347 4A0F8484          xcall $_LoadMenu
 034B                   .dbline 258
 034B           ;        InsertCursor ();
 034B 4A178080          xcall $_InsertCursor
 034F                   .dbline 259
 034F           ;        DisplayTitler ();
 034F 4A17B7B7          xcall $_DisplayTitler
 0353                   .dbline 260
 0353           ;     }
 0353           L54:
 0353                   .dbline -2
 0353           L52:
 0353                   .dbline 0 ; func end
 0353 1B88              leas 8,S
 0355 0A                rtc
 0356                   .dbend
 0356                   .dbfunc e CursorDown _CursorDown fV
 0356           $_CursorDown::
 0356 1B98              leas -8,S
 0358                   .dbline -1
 0358                   .dbline 264
 0358           ; }
 0358           ; 
 0358           ; void CursorDown( void )
 0358           ; {
 0358                   .dbline 265
 0358           ;     if ( Variable_flag )
 0358 F60000            ldab _Variable_flag
 035B C100              cmpb #0
 035D 271A              beq L57
 035F                   .dbline 266
 035F           ;     {
 035F                   .dbline 267
 035F           ;          DecVariable ();
 035F 4A0A6767          xcall $_DecVariable
 0363                   .dbline 268
 0363           ;                UpdateArrayVariables (getVariable(),UpdateArrayVar);
 0363 4A000000          xcall $_getVariable
 0367 B745              tfr D,X
 0369 6E86              stx 6,S
 036B F60000            ldab _UpdateArrayVar
 036E 87                clra
 036F 6C80              std 0,S
 0371 EC86              ldd 6,S
 0373 4A01D6D6          xcall $_UpdateArrayVariables
 0377                   .dbline 269
 0377           ;     }
 0377 2047              bra L58
 0379           L57:
 0379                   .dbline 271
 0379           ;     else
 0379           ;     {
 0379                   .dbline 272
 0379           ;        MenuStackc[StackPointer].CursorPos++;
 0379 F60000            ldab _StackPointer
 037C 87                clra
 037D B746              tfr D,Y
 037F CC0006            ldd #6
 0382 13                emul
 0383 B746              tfr D,Y
 0385 CE0004            ldx #_MenuStackc+4
 0388 B764              tfr Y,D
 038A 6E82              stx 2,S
 038C E382              addd 2,S
 038E B746              tfr D,Y
 0390 6D84              sty 4,S
 0392 E6F30004          ldab [4,S]
 0396 B716              tfr B,Y
 0398 02                iny
 0399 EE84              ldx 4,S
 039B B761              tfr Y,B
 039D 6B00              stab 0,X
 039F                   .dbline 273
 039F           ;        LoadMenu ( MenuStackc[StackPointer].Index );
 039F F60000            ldab _StackPointer
 03A2 87                clra
 03A3 B746              tfr D,Y
 03A5 CC0006            ldd #6
 03A8 13                emul
 03A9 B746              tfr D,Y
 03AB CE0000            ldx #_MenuStackc
 03AE B764              tfr Y,D
 03B0 6E82              stx 2,S
 03B2 E382              addd 2,S
 03B4 4A0F8484          xcall $_LoadMenu
 03B8                   .dbline 274
 03B8           ;        InsertCursor ();
 03B8 4A178080          xcall $_InsertCursor
 03BC                   .dbline 275
 03BC           ;        DisplayTitler ();
 03BC 4A17B7B7          xcall $_DisplayTitler
 03C0                   .dbline 276
 03C0           ;     }
 03C0           L58:
 03C0                   .dbline -2
 03C0           L56:
 03C0                   .dbline 0 ; func end
 03C0 1B88              leas 8,S
 03C2 0A                rtc
 03C3                   .dbend
 03C3                   .dbfunc e getvalue _getvalue fD
 03C3           ;        tempstr -> 10,SP
 03C3           ;          token -> 130,SP
 03C3           ;              i -> 132,SP
 03C3           ;          index -> 140,SP
 03C3           ;            var -> 134,SP
 03C3           $_getvalue::
 03C3 3B                pshd
 03C4 1BF17A            leas -134,S
 03C7                   .dbline -1
 03C7                   .dbline 283
 03C7           ; }
 03C7           ; 
 03C7           ; //Gets the value member corresponding to the str_value member
 03C7           ; //-OR- gets the enum number corresponding to the str_value member
 03C7           ; //-OR- gets the enum number of the char pointed to by index for "String type" variables
 03C7           ; float getvalue (struct menu_var* var, char index)
 03C7           ; {
 03C7                   .dbline 288
 03C7           ;     char tempstr[120];
 03C7           ;     char *token;
 03C7           ;     int i;
 03C7           ; 
 03C7           ;     if (strlen(var->str_enum) && var->len_str >= 0) //regular enum list
 03C7 ECF086            ldd 134,S
 03CA C3001E            addd #30
 03CD B746              tfr D,Y
 03CF EC40              ldd 0,Y
 03D1 4A000000          xcall $_strlen
 03D5 8C0000            cpd #0
 03D8 182700AB          lbeq L61
 03DC ECF086            ldd 134,S
 03DF C30011            addd #17
 03E2 B746              tfr D,Y
 03E4 E640              ldab 0,Y
 03E6 C100              cmpb #0
 03E8 182D009B          lblt L61
 03EC                   .dbline 289
 03EC           ;     {
 03EC                   .dbline 290
 03EC           ;         strncpy(tempstr,var->str_enum,sizeof(tempstr));
 03EC CD0078            ldy #120
 03EF 6D82              sty 2,S
 03F1 ECF086            ldd 134,S
 03F4 C3001E            addd #30
 03F7 B746              tfr D,Y
 03F9 ED40              ldy 0,Y
 03FB 6D80              sty 0,S
 03FD 198A              leay 10,S
 03FF B764              tfr Y,D
 0401 4A000000          xcall $_strncpy
 0405                   .dbline 292
 0405           ; 
 0405           ;         for (i=1;i<=var->max;i++)
 0405 1AF084            leax 132,S
 0408 1800000001        movw #1,0,x
 040D 2057              bra L66
 040F           L63:
 040F                   .dbline 293
 040F           ;         {
 040F                   .dbline 294
 040F           ;             if (i==1)
 040F EDF084            ldy 132,S
 0412 8D0001            cpy #1
 0415 2612              bne L67
 0417                   .dbline 295
 0417           ;                 token = strtok(tempstr, ",");
 0417 CD010F            ldy #L69
 041A 6D80              sty 0,S
 041C 198A              leay 10,S
 041E B764              tfr Y,D
 0420 4A000000          xcall $_strtok
 0424 6CF082            std 130,S
 0427 200F              bra L68
 0429           L67:
 0429                   .dbline 297
 0429           ;             else
 0429           ;                 token = strtok(NULL, ",");
 0429 CD010F            ldy #L69
 042C 6D80              sty 0,S
 042E CC0000            ldd #0
 0431 4A000000          xcall $_strtok
 0435 6CF082            std 130,S
 0438           L68:
 0438                   .dbline 299
 0438           ; 
 0438           ;                       if ( !strcmp(var->str_value,token) )
 0438 EDF082            ldy 130,S
 043B 6D80              sty 0,S
 043D ECF086            ldd 134,S
 0440 C30012            addd #18
 0443 4A000000          xcall $_strcmp
 0447 8C0000            cpd #0
 044A 2613              bne L70
 044C                   .dbline 300
 044C           ;                       {
 044C                   .dbline 301
 044C           ;                           var->value = i;
 044C ECF084            ldd 132,S
 044F EDF086            ldy 134,S
 0452 160000            jsr int2fp
 0455 30                pulx
 0456 6E40              stx 0,Y
 0458 30                pulx
 0459 6E42              stx 2,Y
 045B                   .dbline 302
 045B           ;                               break;
 045B 1820011F          lbra L62
 045F           L70:
 045F                   .dbline 304
 045F           ;                       }
 045F           ;         }
 045F           L64:
 045F                   .dbline 292
 045F EDF084            ldy 132,S
 0462 02                iny
 0463 6DF084            sty 132,S
 0466           L66:
 0466                   .dbline 292
 0466 ECF084            ldd 132,S
 0469 160000            jsr int2fp
 046C ECF08A            ldd 138,S
 046F C3000C            addd #12
 0472 B746              tfr D,Y
 0474 180242AE          movw 2,Y,2,-S
 0478 180240AE          movw 0,Y,2,-S
 047C 160000            jsr cmpf4
 047F 182FFF8C          lble L63
 0483                   .dbline 305
 0483           ;       }
 0483 182000F7          lbra L62
 0487           L61:
 0487                   .dbline 306
 0487           ;       else if (strlen(var->str_enum) && var->len_str < 0) //"String type" enum list
 0487 ECF086            ldd 134,S
 048A C3001E            addd #30
 048D B746              tfr D,Y
 048F EC40              ldd 0,Y
 0491 4A000000          xcall $_strlen
 0495 8C0000            cpd #0
 0498 182700B1          lbeq L72
 049C ECF086            ldd 134,S
 049F C30011            addd #17
 04A2 B746              tfr D,Y
 04A4 E640              ldab 0,Y
 04A6 C100              cmpb #0
 04A8 182C00A1          lbge L72
 04AC                   .dbline 307
 04AC           ;       {
 04AC                   .dbline 308
 04AC           ;         strncpy(tempstr,var->str_enum,sizeof(tempstr));
 04AC CD0078            ldy #120
 04AF 6D82              sty 2,S
 04B1 ECF086            ldd 134,S
 04B4 C3001E            addd #30
 04B7 B746              tfr D,Y
 04B9 ED40              ldy 0,Y
 04BB 6D80              sty 0,S
 04BD 198A              leay 10,S
 04BF B764              tfr Y,D
 04C1 4A000000          xcall $_strncpy
 04C5                   .dbline 310
 04C5           ; 
 04C5           ;         for (i=1;i<=var->max;i++)
 04C5 1AF084            leax 132,S
 04C8 1800000001        movw #1,0,x
 04CD 1820005D          lbra L77
 04D1           L74:
 04D1                   .dbline 311
 04D1           ;         {
 04D1                   .dbline 312
 04D1           ;             if (i==1)
 04D1 EDF084            ldy 132,S
 04D4 8D0001            cpy #1
 04D7 2612              bne L78
 04D9                   .dbline 313
 04D9           ;                 token = strtok(tempstr, ",");
 04D9 CD010F            ldy #L69
 04DC 6D80              sty 0,S
 04DE 198A              leay 10,S
 04E0 B764              tfr Y,D
 04E2 4A000000          xcall $_strtok
 04E6 6CF082            std 130,S
 04E9 200F              bra L79
 04EB           L78:
 04EB                   .dbline 315
 04EB           ;             else
 04EB           ;                 token = strtok(NULL, ",");
 04EB CD010F            ldy #L69
 04EE 6D80              sty 0,S
 04F0 CC0000            ldd #0
 04F3 4A000000          xcall $_strtok
 04F7 6CF082            std 130,S
 04FA           L79:
 04FA                   .dbline 317
 04FA           ; 
 04FA           ;                       if ( *(var->str_value+index) == *token )
 04FA ECF086            ldd 134,S
 04FD C30012            addd #18
 0500 B746              tfr D,Y
 0502 E6F08C            ldab 140,S
 0505 87                clra
 0506 6D84              sty 4,S
 0508 E384              addd 4,S
 050A B746              tfr D,Y
 050C E640              ldab 0,Y
 050E E1F30082          cmpb [130,S]
 0512 2613              bne L80
 0514                   .dbline 318
 0514           ;                       {
 0514                   .dbline 319
 0514           ;                           var->value = i;
 0514 ECF084            ldd 132,S
 0517 EDF086            ldy 134,S
 051A 160000            jsr int2fp
 051D 30                pulx
 051E 6E40              stx 0,Y
 0520 30                pulx
 0521 6E42              stx 2,Y
 0523                   .dbline 320
 0523           ;                               break;
 0523 18200057          lbra L73
 0527           L80:
 0527                   .dbline 322
 0527           ;                       }
 0527           ;         }
 0527           L75:
 0527                   .dbline 310
 0527 EDF084            ldy 132,S
 052A 02                iny
 052B 6DF084            sty 132,S
 052E           L77:
 052E                   .dbline 310
 052E ECF084            ldd 132,S
 0531 160000            jsr int2fp
 0534 ECF08A            ldd 138,S
 0537 C3000C            addd #12
 053A B746              tfr D,Y
 053C 180242AE          movw 2,Y,2,-S
 0540 180240AE          movw 0,Y,2,-S
 0544 160000            jsr cmpf4
 0547 182FFF86          lble L74
 054B                   .dbline 324
 054B           ; 
 054B           ;       }
 054B 2031              bra L73
 054D           L72:
 054D                   .dbline 325
 054D           ;       else if (strlen(var->str_enum) == 0) //"Numeric type" variable, get value of string
 054D ECF086            ldd 134,S
 0550 C3001E            addd #30
 0553 B746              tfr D,Y
 0555 EC40              ldd 0,Y
 0557 4A000000          xcall $_strlen
 055B 8C0000            cpd #0
 055E 261E              bne L82
 0560                   .dbline 326
 0560           ;     {
 0560                   .dbline 327
 0560           ;         var->value=atof(var->str_value);
 0560 ECF086            ldd 134,S
 0563 C30012            addd #18
 0566 160000            jsr _atof
 0569 3A                puld
 056A 6C88              std 8,S
 056C 3A                puld
 056D 6C88              std 8,S
 056F EDF086            ldy 134,S
 0572 EC88              ldd 8,S
 0574 3B                pshd
 0575 EC88              ldd 8,S
 0577 3B                pshd
 0578 30                pulx
 0579 6E40              stx 0,Y
 057B 30                pulx
 057C 6E42              stx 2,Y
 057E                   .dbline 328
 057E           ;     }
 057E           L82:
 057E           L73:
 057E           L62:
 057E                   .dbline 329
 057E           ;       return var->value;
 057E EDF086            ldy 134,S
 0581 180242AE          movw 2,Y,2,-S
 0585 180240AE          movw 0,Y,2,-S
 0589                   .dbline -2
 0589           L60:
 0589                   .dbline 0 ; func end
 0589 CC0088            ldd #136
 058C 060000            jmp lret_paged
 058F                   .dbsym l tempstr 10 A[120:120]c
 058F                   .dbsym l token 130 pc
 058F                   .dbsym l i 132 I
 058F                   .dbsym l index 140 c
 058F                   .dbsym l var 134 pS[menu_var]
 058F                   .dbend
 058F                   .dbfunc e getstrval _getstrval fpc
 058F           ;        tempstr -> 28,SP
 058F           ;          token -> 128,SP
 058F           ;              i -> 130,SP
 058F           ;            var -> 132,SP
 058F           $_getstrval::
 058F 3B                pshd
 0590 1BF17C            leas -132,S
 0593                   .dbline -1
 0593                   .dbline 336
 0593           ; }
 0593           ; 
 0593           ; //Creates a string from the value member or the enum member
 0593           ; //assigns the string to ->str_value, left pads with space so length = ->len_str
 0593           ; //also returns a pointer to the string
 0593           ; char * getstrval (struct menu_var* var)
 0593           ; {
 0593                   .dbline 341
 0593           ;     char tempstr[100];
 0593           ;     char *token;
 0593           ;     int i;
 0593           ; 
 0593           ;     if (strlen(var->str_enum) && var->len_str >= 0) //"Enum Type" variable here
 0593 ECF084            ldd 132,S
 0596 C3001E            addd #30
 0599 B746              tfr D,Y
 059B EC40              ldd 0,Y
 059D 4A000000          xcall $_strlen
 05A1 8C0000            cpd #0
 05A4 18270109          lbeq L85
 05A8 ECF084            ldd 132,S
 05AB C30011            addd #17
 05AE B746              tfr D,Y
 05B0 E640              ldab 0,Y
 05B2 C100              cmpb #0
 05B4 182D00F9          lblt L85
 05B8                   .dbline 342
 05B8           ;     {
 05B8                   .dbline 343
 05B8           ;         strncpy(tempstr,var->str_enum,sizeof(tempstr));
 05B8 CD0064            ldy #100
 05BB 6D82              sty 2,S
 05BD ECF084            ldd 132,S
 05C0 C3001E            addd #30
 05C3 B746              tfr D,Y
 05C5 ED40              ldy 0,Y
 05C7 6D80              sty 0,S
 05C9 19F01C            leay 28,S
 05CC B764              tfr Y,D
 05CE 4A000000          xcall $_strncpy
 05D2                   .dbline 344
 05D2           ;         token = strtok(tempstr, ",");
 05D2 CD010F            ldy #L69
 05D5 6D80              sty 0,S
 05D7 19F01C            leay 28,S
 05DA B764              tfr Y,D
 05DC 4A000000          xcall $_strtok
 05E0 6CF080            std 128,S
 05E3                   .dbline 345
 05E3           ;         for (i=0;i<var->value-1;i++)
 05E3 1AF082            leax 130,S
 05E6 1800000000        movw #0,0,x
 05EB 2016              bra L90
 05ED           L87:
 05ED                   .dbline 346
 05ED           ;         {
 05ED                   .dbline 347
 05ED           ;             token = strtok(NULL, ",");
 05ED CD010F            ldy #L69
 05F0 6D80              sty 0,S
 05F2 CC0000            ldd #0
 05F5 4A000000          xcall $_strtok
 05F9 6CF080            std 128,S
 05FC                   .dbline 348
 05FC           ;         }
 05FC           L88:
 05FC                   .dbline 345
 05FC EDF082            ldy 130,S
 05FF 02                iny
 0600 6DF082            sty 130,S
 0603           L90:
 0603                   .dbline 345
 0603 ECF082            ldd 130,S
 0606 160000            jsr int2fp
 0609 EDF088            ldy 136,S
 060C 180242AE          movw 2,Y,2,-S
 0610 180240AE          movw 0,Y,2,-S
 0614 1800AE0000        movw #0,2,-S
 0619 1800AE3F80        movw #16256,2,-S
 061E 160000            jsr subf4
 0621 160000            jsr cmpf4
 0624 2DC7              blt L87
 0626                   .dbline 349
 0626           ;         strncpy(var->str_value,token,var->len_str); //The enum string without leading spaces should be shorter than len(var->str_value)
 0626 ECF084            ldd 132,S
 0629 C30011            addd #17
 062C B746              tfr D,Y
 062E E640              ldab 0,Y
 0630 B716              tfr B,Y
 0632 6D82              sty 2,S
 0634 EDF080            ldy 128,S
 0637 6D80              sty 0,S
 0639 ECF084            ldd 132,S
 063C C30012            addd #18
 063F 4A000000          xcall $_strncpy
 0643                   .dbline 350
 0643           ;               sprintf(tempstr,"%*s%s",10," ",var->str_value); //Use tempstr to pad with leading spaces
 0643 ECF084            ldd 132,S
 0646 C30012            addd #18
 0649 6C88              std 8,S
 064B CD0107            ldy #L92
 064E 6D86              sty 6,S
 0650 CD000A            ldy #10
 0653 6D84              sty 4,S
 0655 CD0109            ldy #L91
 0658 6D82              sty 2,S
 065A 19F01C            leay 28,S
 065D 6D80              sty 0,S
 065F 4A000000          xcall $_sprintf
 0663                   .dbline 351
 0663           ;               strncpy(var->str_value,tempstr+strlen(tempstr)-abs(var->len_str),var->len_str); //put back in var->str_value
 0663 19F01C            leay 28,S
 0666 B764              tfr Y,D
 0668 4A000000          xcall $_strlen
 066C B745              tfr D,X
 066E 6EF016            stx 22,S
 0671 ECF084            ldd 132,S
 0674 C30011            addd #17
 0677 B746              tfr D,Y
 0679 E640              ldab 0,Y
 067B B714              tfr B,D
 067D 4A000000          xcall $_abs
 0681 B745              tfr D,X
 0683 6EF014            stx 20,S
 0686 ECF084            ldd 132,S
 0689 C30011            addd #17
 068C B746              tfr D,Y
 068E E640              ldab 0,Y
 0690 B716              tfr B,Y
 0692 6D82              sty 2,S
 0694 ECF016            ldd 22,S
 0697 19F01C            leay 28,S
 069A 6D8E              sty 14,S
 069C E38E              addd 14,S
 069E A3F014            subd 20,S
 06A1 6C80              std 0,S
 06A3 ECF084            ldd 132,S
 06A6 C30012            addd #18
 06A9 4A000000          xcall $_strncpy
 06AD                   .dbline 352
 06AD           ;     }
 06AD 182001DA          lbra L86
 06B1           L85:
 06B1                   .dbline 353
 06B1           ;     else if ( strlen(var->str_enum) && var->len_str < 0 ) //"String Type" variables here, get char (using value) from enum and put in string location indicated by String_Var_ptr 
 06B1 ECF084            ldd 132,S
 06B4 C3001E            addd #30
 06B7 B746              tfr D,Y
 06B9 EC40              ldd 0,Y
 06BB 4A000000          xcall $_strlen
 06BF 8C0000            cpd #0
 06C2 1827009A          lbeq L93
 06C6 ECF084            ldd 132,S
 06C9 C30011            addd #17
 06CC B746              tfr D,Y
 06CE E640              ldab 0,Y
 06D0 C100              cmpb #0
 06D2 182C008A          lbge L93
 06D6                   .dbline 354
 06D6           ;       {
 06D6                   .dbline 357
 06D6           ;           
 06D6           ;               
 06D6           ;               strncpy(tempstr,var->str_enum,sizeof(tempstr)); 
 06D6 CD0064            ldy #100
 06D9 6D82              sty 2,S
 06DB ECF084            ldd 132,S
 06DE C3001E            addd #30
 06E1 B746              tfr D,Y
 06E3 ED40              ldy 0,Y
 06E5 6D80              sty 0,S
 06E7 19F01C            leay 28,S
 06EA B764              tfr Y,D
 06EC 4A000000          xcall $_strncpy
 06F0                   .dbline 359
 06F0           ;                                                                          
 06F0           ;         for (i=0;i<var->value;i++)   
 06F0 1AF082            leax 130,S
 06F3 1800000000        movw #0,0,x
 06F8 2031              bra L98
 06FA           L95:
 06FA                   .dbline 360
 06FA           ;         {                                                        
 06FA                   .dbline 361
 06FA           ;             if (i==0)
 06FA EDF082            ldy 130,S
 06FD 8D0000            cpy #0
 0700 2613              bne L99
 0702                   .dbline 362
 0702           ;                          token = strtok(tempstr, ",");
 0702 CD010F            ldy #L69
 0705 6D80              sty 0,S
 0707 19F01C            leay 28,S
 070A B764              tfr Y,D
 070C 4A000000          xcall $_strtok
 0710 6CF080            std 128,S
 0713 200F              bra L100
 0715           L99:
 0715                   .dbline 364
 0715           ;                       else
 0715           ;                          token = strtok(NULL, ","); 
 0715 CD010F            ldy #L69
 0718 6D80              sty 0,S
 071A CC0000            ldd #0
 071D 4A000000          xcall $_strtok
 0721 6CF080            std 128,S
 0724           L100:
 0724                   .dbline 365
 0724           ;         }
 0724           L96:
 0724                   .dbline 359
 0724 EDF082            ldy 130,S
 0727 02                iny
 0728 6DF082            sty 130,S
 072B           L98:
 072B                   .dbline 359
 072B ECF082            ldd 130,S
 072E 160000            jsr int2fp
 0731 EDF088            ldy 136,S
 0734 180242AE          movw 2,Y,2,-S
 0738 180240AE          movw 0,Y,2,-S
 073C 160000            jsr cmpf4
 073F 2DB9              blt L95
 0741                   .dbline 366
 0741           ;         var->str_value[String_Var_ptr-1]=*token;
 0741 ECF084            ldd 132,S
 0744 C30012            addd #18
 0747 B746              tfr D,Y
 0749 F60000            ldab _String_Var_ptr
 074C 87                clra
 074D 830001            subd #1
 0750 6D8E              sty 14,S
 0752 E38E              addd 14,S
 0754 B746              tfr D,Y
 0756 E6F30080          ldab [128,S]
 075A 6B40              stab 0,Y
 075C                   .dbline 368
 075C           ;               //sprintf(var->str_value,"%*s%s",10," ",token);
 075C           ;       }
 075C 1820012B          lbra L94
 0760           L93:
 0760                   .dbline 370
 0760           ;       else //"Numeric Type" varaible
 0760           ;     {
 0760                   .dbline 371
 0760           ;         tempstr[0]=NULL;
 0760 69F01C            clr 28,S
 0763                   .dbline 372
 0763           ;               if (var->dec_pos)
 0763 ECF084            ldd 132,S
 0766 C30010            addd #16
 0769 B746              tfr D,Y
 076B E640              ldab 0,Y
 076D C100              cmpb #0
 076F 1827009E          lbeq L101
 0773                   .dbline 373
 0773           ;               {
 0773                   .dbline 374
 0773           ;                       sprintf(tempstr,"%*s%#.*f",10," ",var->dec_pos,var->value); //force decimal if float, us tempstr so it won't overflow var->str_value
 0773 EDF084            ldy 132,S
 0776 1802408A          movw 0,Y,10,S
 077A 1802428C          movw 2,Y,12,S
 077E ECF084            ldd 132,S
 0781 C30010            addd #16
 0784 B746              tfr D,Y
 0786 E640              ldab 0,Y
 0788 87                clra
 0789 6C88              std 8,S
 078B CD0107            ldy #L92
 078E 6D86              sty 6,S
 0790 CD000A            ldy #10
 0793 6D84              sty 4,S
 0795 CD00FE            ldy #L103
 0798 6D82              sty 2,S
 079A 19F01C            leay 28,S
 079D 6D80              sty 0,S
 079F 4A000000          xcall $_sprintf
 07A3                   .dbline 375
 07A3           ;                       if (atof(tempstr) == 0)// This gets rid of -0.0
 07A3 19F01C            leay 28,S
 07A6 B764              tfr Y,D
 07A8 160000            jsr _atof
 07AB 3A                puld
 07AC 6CF01A            std 26,S
 07AF 3A                puld
 07B0 6CF01A            std 26,S
 07B3 ECF01A            ldd 26,S
 07B6 3B                pshd
 07B7 ECF01A            ldd 26,S
 07BA 3B                pshd
 07BB 1800AE0000        movw #0,2,-S
 07C0 1800AE0000        movw #0,2,-S
 07C5 160000            jsr cmpf4
 07C8 18260075          lbne L102
 07CC                   .dbline 376
 07CC           ;                       {
 07CC                   .dbline 377
 07CC           ;                           var->value = 0;
 07CC EDF084            ldy 132,S
 07CF 1800AE0000        movw #0,2,-S
 07D4 1800AE0000        movw #0,2,-S
 07D9 30                pulx
 07DA 6E40              stx 0,Y
 07DC 30                pulx
 07DD 6E42              stx 2,Y
 07DF                   .dbline 378
 07DF           ;                               sprintf(tempstr,"%*s%#.*f",10," ",var->dec_pos,var->value);
 07DF EDF084            ldy 132,S
 07E2 1802408A          movw 0,Y,10,S
 07E6 1802428C          movw 2,Y,12,S
 07EA ECF084            ldd 132,S
 07ED C30010            addd #16
 07F0 B746              tfr D,Y
 07F2 E640              ldab 0,Y
 07F4 87                clra
 07F5 6C88              std 8,S
 07F7 CD0107            ldy #L92
 07FA 6D86              sty 6,S
 07FC CD000A            ldy #10
 07FF 6D84              sty 4,S
 0801 CD00FE            ldy #L103
 0804 6D82              sty 2,S
 0806 19F01C            leay 28,S
 0809 6D80              sty 0,S
 080B 4A000000          xcall $_sprintf
 080F                   .dbline 379
 080F           ;                       }
 080F                   .dbline 380
 080F           ;         }
 080F 2030              bra L102
 0811           L101:
 0811                   .dbline 382
 0811           ;               else
 0811           ;               {
 0811                   .dbline 383
 0811           ;                   sprintf(tempstr,"%*s%.*f",10," ",var->dec_pos,var->value); //don't force decimal on int, us tempstr so it won't overflow var->str_value
 0811 EDF084            ldy 132,S
 0814 1802408A          movw 0,Y,10,S
 0818 1802428C          movw 2,Y,12,S
 081C ECF084            ldd 132,S
 081F C30010            addd #16
 0822 B746              tfr D,Y
 0824 E640              ldab 0,Y
 0826 87                clra
 0827 6C88              std 8,S
 0829 CD0107            ldy #L92
 082C 6D86              sty 6,S
 082E CD000A            ldy #10
 0831 6D84              sty 4,S
 0833 CD00F6            ldy #L106
 0836 6D82              sty 2,S
 0838 19F01C            leay 28,S
 083B 6D80              sty 0,S
 083D 4A000000          xcall $_sprintf
 0841                   .dbline 384
 0841           ;               }
 0841           L102:
 0841                   .dbline 385
 0841           ;               strncpy(var->str_value,tempstr+strlen(tempstr)-abs(var->len_str),var->len_str); //Put back in var->str_value  //dld modified 6/6/2022, removed misleading indent
 0841 19F01C            leay 28,S
 0844 B764              tfr Y,D
 0846 4A000000          xcall $_strlen
 084A B745              tfr D,X
 084C 6EF012            stx 18,S
 084F ECF084            ldd 132,S
 0852 C30011            addd #17
 0855 B746              tfr D,Y
 0857 E640              ldab 0,Y
 0859 B714              tfr B,D
 085B 4A000000          xcall $_abs
 085F B745              tfr D,X
 0861 6EF010            stx 16,S
 0864 ECF084            ldd 132,S
 0867 C30011            addd #17
 086A B746              tfr D,Y
 086C E640              ldab 0,Y
 086E B716              tfr B,Y
 0870 6D82              sty 2,S
 0872 ECF012            ldd 18,S
 0875 19F01C            leay 28,S
 0878 6D8E              sty 14,S
 087A E38E              addd 14,S
 087C A3F010            subd 16,S
 087F 6C80              std 0,S
 0881 ECF084            ldd 132,S
 0884 C30012            addd #18
 0887 4A000000          xcall $_strncpy
 088B                   .dbline 386
 088B           ;     }
 088B           L94:
 088B           L86:
 088B                   .dbline 388
 088B           ;     
 088B           ;       return var->str_value;
 088B ECF084            ldd 132,S
 088E C30012            addd #18
 0891                   .dbline -2
 0891           L84:
 0891                   .dbline 0 ; func end
 0891 1BF086            leas 134,S
 0894 0A                rtc
 0895                   .dbsym l tempstr 28 A[100:100]c
 0895                   .dbsym l token 128 pc
 0895                   .dbsym l i 130 I
 0895                   .dbsym l var 132 pS[menu_var]
 0895                   .dbend
 0895                   .dbfunc e FindMenu _FindMenu fc
 0895           ;              k -> 14,SP
 0895           $_FindMenu::
 0895 1B90              leas -16,S
 0897                   .dbline -1
 0897                   .dbline 392
 0897           ; }
 0897           ; 
 0897           ; char FindMenu ( void )
 0897           ; {
 0897                   .dbline 396
 0897           ;      int k;
 0897           ;      
 0897           ;      //Find out which menu we are on
 0897           ;      for ( k=0;k<MenuSize;k++ )
 0897 18008E0000        movw #0,14,S
 089C           L108:
 089C                   .dbline 397
 089C           ;      {
 089C                   .dbline 398
 089C           ;         if ( Menuc[k].Index[0] == MenuStackc[StackPointer].Index[0] && Menuc[k].Index[1] == MenuStackc[StackPointer].Index[1] && 
 089C CC0137            ldd #311
 089F ED8E              ldy 14,S
 08A1 13                emul
 08A2 B746              tfr D,Y
 08A4 CE0006            ldx #6
 08A7 6D8C              sty 12,S
 08A9 F60000            ldab _StackPointer
 08AC 87                clra
 08AD B746              tfr D,Y
 08AF B754              tfr X,D
 08B1 13                emul
 08B2 6C8A              std 10,S
 08B4 CD0000            ldy #_MenuStackc
 08B7 6D80              sty 0,S
 08B9 E380              addd 0,S
 08BB 6C88              std 8,S
 08BD EC8C              ldd 12,S
 08BF CE0000            ldx #_Menuc
 08C2 6E80              stx 0,S
 08C4 E380              addd 0,S
 08C6 B746              tfr D,Y
 08C8 E640              ldab 0,Y
 08CA B716              tfr B,Y
 08CC EE88              ldx 8,S
 08CE B761              tfr Y,B
 08D0 E100              cmpb 0,X
 08D2 18260068          lbne L112
 08D6 EC8A              ldd 10,S
 08D8 CD0001            ldy #_MenuStackc+1
 08DB 6D80              sty 0,S
 08DD E380              addd 0,S
 08DF 6C86              std 6,S
 08E1 EC8C              ldd 12,S
 08E3 CE0001            ldx #_Menuc+1
 08E6 6E80              stx 0,S
 08E8 E380              addd 0,S
 08EA B746              tfr D,Y
 08EC E640              ldab 0,Y
 08EE B716              tfr B,Y
 08F0 EE86              ldx 6,S
 08F2 B761              tfr Y,B
 08F4 E100              cmpb 0,X
 08F6 2646              bne L112
 08F8 EC8A              ldd 10,S
 08FA CD0002            ldy #_MenuStackc+2
 08FD 6D80              sty 0,S
 08FF E380              addd 0,S
 0901 6C84              std 4,S
 0903 EC8C              ldd 12,S
 0905 CE0002            ldx #_Menuc+2
 0908 6E80              stx 0,S
 090A E380              addd 0,S
 090C B746              tfr D,Y
 090E E640              ldab 0,Y
 0910 B716              tfr B,Y
 0912 EE84              ldx 4,S
 0914 B761              tfr Y,B
 0916 E100              cmpb 0,X
 0918 2624              bne L112
 091A EC8A              ldd 10,S
 091C CD0003            ldy #_MenuStackc+3
 091F 6D80              sty 0,S
 0921 E380              addd 0,S
 0923 6C82              std 2,S
 0925 EC8C              ldd 12,S
 0927 CE0003            ldx #_Menuc+3
 092A 6E80              stx 0,S
 092C E380              addd 0,S
 092E B746              tfr D,Y
 0930 E640              ldab 0,Y
 0932 B716              tfr B,Y
 0934 EE82              ldx 2,S
 0936 B761              tfr Y,B
 0938 E100              cmpb 0,X
 093A 2602              bne L112
 093C                   .dbline 400
 093C           ;              Menuc[k].Index[2] == MenuStackc[StackPointer].Index[2] && Menuc[k].Index[3] == MenuStackc[StackPointer].Index[3] )
 093C           ;         {
 093C                   .dbline 401
 093C           ;                   break;
 093C 200C              bra L110
 093E           L112:
 093E                   .dbline 403
 093E           ;               }
 093E           ;        }
 093E           L109:
 093E                   .dbline 396
 093E ED8E              ldy 14,S
 0940 02                iny
 0941 6D8E              sty 14,S
 0943                   .dbline 396
 0943 8D0011            cpy #17
 0946 182DFF52          lblt L108
 094A           L110:
 094A                   .dbline 404
 094A           ;        return k;
 094A EC8E              ldd 14,S
 094C 87                clra
 094D                   .dbline -2
 094D           L107:
 094D                   .dbline 0 ; func end
 094D 1BF010            leas 16,S
 0950 0A                rtc
 0951                   .dbsym l k 14 I
 0951                   .dbend
 0951                   .dbfunc e IncVariable _IncVariable fV
 0951           $_IncVariable::
 0951 1B9E              leas -2,S
 0953                   .dbline -1
 0953                   .dbline 408
 0953           ; }
 0953           ; 
 0953           ; void IncVariable ( void )
 0953           ; {
 0953                   .dbline 409
 0953           ;        incvar(getVariable());
 0953 4A000000          xcall $_getVariable
 0957 4A097B7B          xcall $_incvar
 095B                   .dbline 410
 095B           ;      LoadMenu ( MenuStackc[StackPointer].Index );
 095B F60000            ldab _StackPointer
 095E 87                clra
 095F B746              tfr D,Y
 0961 CC0006            ldd #6
 0964 13                emul
 0965 B746              tfr D,Y
 0967 CE0000            ldx #_MenuStackc
 096A B764              tfr Y,D
 096C 6E80              stx 0,S
 096E E380              addd 0,S
 0970 4A0F8484          xcall $_LoadMenu
 0974                   .dbline 411
 0974           ;      DisplayTitler ();
 0974 4A17B7B7          xcall $_DisplayTitler
 0978                   .dbline -2
 0978           L120:
 0978                   .dbline 0 ; func end
 0978 1B82              leas 2,S
 097A 0A                rtc
 097B                   .dbend
 097B                   .dbfunc e incvar _incvar fpc
 097B           ;            var -> 2,SP
 097B           $_incvar::
 097B 3B                pshd
 097C 1B9E              leas -2,S
 097E                   .dbline -1
 097E                   .dbline 419
 097E           ; }
 097E           ; 
 097E           ; //Increments a variable using the inc member
 097E           ; //Wraps around to min value if max value is exceeded
 097E           ; //assigns the equivalent string to the str_value member
 097E           ; //also returns a pointer to the string
 097E           ; char *incvar ( struct menu_var *var )
 097E           ; {
 097E                   .dbline 420
 097E           ;       getvalue(var,String_Var_ptr-1);  // String_Var_ptr points to the char with in var>str_value that is being modified
 097E F60000            ldab _String_Var_ptr
 0981 B716              tfr B,Y
 0983 03                dey
 0984 B764              tfr Y,D
 0986 87                clra
 0987 6C80              std 0,S
 0989 EC82              ldd 2,S
 098B 4A03C3C3          xcall $_getvalue
 098F 1B84              leas 4,S
 0991                   .dbline 422
 0991           ;                                                                  // the enum value is retrieved and put in var->value so "incvar" and "decvar" can use it
 0991           ;     IncSpeedUpTimer = MenuTimer * 1.1;
 0991 1800AECCCD        movw #52429,2,-S
 0996 1800AE3F8C        movw #16268,2,-S
 099B FC0000            ldd _MenuTimer
 099E 160000            jsr uint2fp
 09A1 160000            jsr mulf4
 09A4 160000            jsr fp2int
 09A7 B746              tfr D,Y
 09A9 7D0000            sty _IncSpeedUpTimer
 09AC                   .dbline 424
 09AC           ;     
 09AC           ;     if ( fast_inc )
 09AC F60000            ldab _fast_inc
 09AF C100              cmpb #0
 09B1 2733              beq L122
 09B3                   .dbline 425
 09B3           ;         var->value = var->value + var->inc*10;
 09B3 ED82              ldy 2,S
 09B5 EE82              ldx 2,S
 09B7 180202AE          movw 2,X,2,-S
 09BB 180200AE          movw 0,X,2,-S
 09BF 1800AE0000        movw #0,2,-S
 09C4 1800AE4120        movw #16672,2,-S
 09C9 EC8A              ldd 10,S
 09CB C30004            addd #4
 09CE B745              tfr D,X
 09D0 180202AE          movw 2,X,2,-S
 09D4 180200AE          movw 0,X,2,-S
 09D8 160000            jsr mulf4
 09DB 160000            jsr addf4
 09DE 30                pulx
 09DF 6E40              stx 0,Y
 09E1 30                pulx
 09E2 6E42              stx 2,Y
 09E4 2024              bra L123
 09E6           L122:
 09E6                   .dbline 427
 09E6           ;       else
 09E6           ;         var->value = var->value + var->inc;
 09E6 ED82              ldy 2,S
 09E8 EE82              ldx 2,S
 09EA 180202AE          movw 2,X,2,-S
 09EE 180200AE          movw 0,X,2,-S
 09F2 EC86              ldd 6,S
 09F4 C30004            addd #4
 09F7 B745              tfr D,X
 09F9 180202AE          movw 2,X,2,-S
 09FD 180200AE          movw 0,X,2,-S
 0A01 160000            jsr addf4
 0A04 30                pulx
 0A05 6E40              stx 0,Y
 0A07 30                pulx
 0A08 6E42              stx 2,Y
 0A0A           L123:
 0A0A                   .dbline 429
 0A0A           ;               
 0A0A           ;     if(var->value>var->max+var->inc/10){
 0A0A ED82              ldy 2,S
 0A0C 180242AE          movw 2,Y,2,-S
 0A10 180240AE          movw 0,Y,2,-S
 0A14 EC86              ldd 6,S
 0A16 C3000C            addd #12
 0A19 B746              tfr D,Y
 0A1B 180242AE          movw 2,Y,2,-S
 0A1F 180240AE          movw 0,Y,2,-S
 0A23 EC8A              ldd 10,S
 0A25 C30004            addd #4
 0A28 B746              tfr D,Y
 0A2A 180242AE          movw 2,Y,2,-S
 0A2E 180240AE          movw 0,Y,2,-S
 0A32 1800AE0000        movw #0,2,-S
 0A37 1800AE4120        movw #16672,2,-S
 0A3C 160000            jsr divf4
 0A3F 160000            jsr addf4
 0A42 160000            jsr cmpf4
 0A45 2F17              ble L124
 0A47                   .dbline 429
 0A47                   .dbline 430
 0A47           ;         var->value=var->min;
 0A47 EC82              ldd 2,S
 0A49 C30008            addd #8
 0A4C B745              tfr D,X
 0A4E ED82              ldy 2,S
 0A50 180202AE          movw 2,X,2,-S
 0A54 180200AE          movw 0,X,2,-S
 0A58 30                pulx
 0A59 6E40              stx 0,Y
 0A5B 30                pulx
 0A5C 6E42              stx 2,Y
 0A5E                   .dbline 431
 0A5E           ;     }
 0A5E           L124:
 0A5E                   .dbline 432
 0A5E           ;     return getstrval(var);
 0A5E EC82              ldd 2,S
 0A60 4A058F8F          xcall $_getstrval
 0A64                   .dbline -2
 0A64           L121:
 0A64                   .dbline 0 ; func end
 0A64 1B84              leas 4,S
 0A66 0A                rtc
 0A67                   .dbsym l var 2 pS[menu_var]
 0A67                   .dbend
 0A67                   .dbfunc e DecVariable _DecVariable fV
 0A67           $_DecVariable::
 0A67 1B9E              leas -2,S
 0A69                   .dbline -1
 0A69                   .dbline 436
 0A69           ; }
 0A69           ; 
 0A69           ; void DecVariable ( void )
 0A69           ; {
 0A69                   .dbline 437
 0A69           ;        decvar(getVariable());
 0A69 4A000000          xcall $_getVariable
 0A6D 4A0A9191          xcall $_decvar
 0A71                   .dbline 438
 0A71           ;      LoadMenu ( MenuStackc[StackPointer].Index );
 0A71 F60000            ldab _StackPointer
 0A74 87                clra
 0A75 B746              tfr D,Y
 0A77 CC0006            ldd #6
 0A7A 13                emul
 0A7B B746              tfr D,Y
 0A7D CE0000            ldx #_MenuStackc
 0A80 B764              tfr Y,D
 0A82 6E80              stx 0,S
 0A84 E380              addd 0,S
 0A86 4A0F8484          xcall $_LoadMenu
 0A8A                   .dbline 439
 0A8A           ;      DisplayTitler ();
 0A8A 4A17B7B7          xcall $_DisplayTitler
 0A8E                   .dbline -2
 0A8E           L126:
 0A8E                   .dbline 0 ; func end
 0A8E 1B82              leas 2,S
 0A90 0A                rtc
 0A91                   .dbend
 0A91                   .dbfunc e decvar _decvar fpc
 0A91           ;            var -> 2,SP
 0A91           $_decvar::
 0A91 3B                pshd
 0A92 1B9E              leas -2,S
 0A94                   .dbline -1
 0A94                   .dbline 447
 0A94           ; }
 0A94           ; 
 0A94           ; //Decrements a variable using the inc member
 0A94           ; //Wraps around to max value if min value is exceeded
 0A94           ; //assigns the equivalent string to the str_value member
 0A94           ; //also returns a pointer to the string
 0A94           ; char *decvar ( struct menu_var *var )
 0A94           ; {
 0A94                   .dbline 448
 0A94           ;       getvalue(var,String_Var_ptr-1);  // String_Var_ptr points to the char with in var>str_value that is being modified
 0A94 F60000            ldab _String_Var_ptr
 0A97 B716              tfr B,Y
 0A99 03                dey
 0A9A B764              tfr Y,D
 0A9C 87                clra
 0A9D 6C80              std 0,S
 0A9F EC82              ldd 2,S
 0AA1 4A03C3C3          xcall $_getvalue
 0AA5 1B84              leas 4,S
 0AA7                   .dbline 451
 0AA7           ;                                                                  // the enum value is retrieved and put in var->value so "incvar" and "decvar" can use it
 0AA7           ; 
 0AA7           ;     IncSpeedUpTimer = MenuTimer * 1.1;
 0AA7 1800AECCCD        movw #52429,2,-S
 0AAC 1800AE3F8C        movw #16268,2,-S
 0AB1 FC0000            ldd _MenuTimer
 0AB4 160000            jsr uint2fp
 0AB7 160000            jsr mulf4
 0ABA 160000            jsr fp2int
 0ABD B746              tfr D,Y
 0ABF 7D0000            sty _IncSpeedUpTimer
 0AC2                   .dbline 453
 0AC2           ;     
 0AC2           ;     if ( fast_inc )
 0AC2 F60000            ldab _fast_inc
 0AC5 C100              cmpb #0
 0AC7 2733              beq L128
 0AC9                   .dbline 454
 0AC9           ;         var->value = var->value - var->inc*10;
 0AC9 ED82              ldy 2,S
 0ACB EE82              ldx 2,S
 0ACD 180202AE          movw 2,X,2,-S
 0AD1 180200AE          movw 0,X,2,-S
 0AD5 1800AE0000        movw #0,2,-S
 0ADA 1800AE4120        movw #16672,2,-S
 0ADF EC8A              ldd 10,S
 0AE1 C30004            addd #4
 0AE4 B745              tfr D,X
 0AE6 180202AE          movw 2,X,2,-S
 0AEA 180200AE          movw 0,X,2,-S
 0AEE 160000            jsr mulf4
 0AF1 160000            jsr subf4
 0AF4 30                pulx
 0AF5 6E40              stx 0,Y
 0AF7 30                pulx
 0AF8 6E42              stx 2,Y
 0AFA 2024              bra L129
 0AFC           L128:
 0AFC                   .dbline 456
 0AFC           ;       else
 0AFC           ;         var->value = var->value - var->inc;
 0AFC ED82              ldy 2,S
 0AFE EE82              ldx 2,S
 0B00 180202AE          movw 2,X,2,-S
 0B04 180200AE          movw 0,X,2,-S
 0B08 EC86              ldd 6,S
 0B0A C30004            addd #4
 0B0D B745              tfr D,X
 0B0F 180202AE          movw 2,X,2,-S
 0B13 180200AE          movw 0,X,2,-S
 0B17 160000            jsr subf4
 0B1A 30                pulx
 0B1B 6E40              stx 0,Y
 0B1D 30                pulx
 0B1E 6E42              stx 2,Y
 0B20           L129:
 0B20                   .dbline 458
 0B20           ;               
 0B20           ;     if(var->value<var->min-var->inc/10){
 0B20 ED82              ldy 2,S
 0B22 180242AE          movw 2,Y,2,-S
 0B26 180240AE          movw 0,Y,2,-S
 0B2A EC86              ldd 6,S
 0B2C C30008            addd #8
 0B2F B746              tfr D,Y
 0B31 180242AE          movw 2,Y,2,-S
 0B35 180240AE          movw 0,Y,2,-S
 0B39 EC8A              ldd 10,S
 0B3B C30004            addd #4
 0B3E B746              tfr D,Y
 0B40 180242AE          movw 2,Y,2,-S
 0B44 180240AE          movw 0,Y,2,-S
 0B48 1800AE0000        movw #0,2,-S
 0B4D 1800AE4120        movw #16672,2,-S
 0B52 160000            jsr divf4
 0B55 160000            jsr subf4
 0B58 160000            jsr cmpf4
 0B5B 2C17              bge L130
 0B5D                   .dbline 458
 0B5D                   .dbline 459
 0B5D           ;         var->value=var->max;
 0B5D EC82              ldd 2,S
 0B5F C3000C            addd #12
 0B62 B745              tfr D,X
 0B64 ED82              ldy 2,S
 0B66 180202AE          movw 2,X,2,-S
 0B6A 180200AE          movw 0,X,2,-S
 0B6E 30                pulx
 0B6F 6E40              stx 0,Y
 0B71 30                pulx
 0B72 6E42              stx 2,Y
 0B74                   .dbline 460
 0B74           ;     }
 0B74           L130:
 0B74                   .dbline 461
 0B74           ;     return getstrval(var);
 0B74 EC82              ldd 2,S
 0B76 4A058F8F          xcall $_getstrval
 0B7A                   .dbline -2
 0B7A           L127:
 0B7A                   .dbline 0 ; func end
 0B7A 1B84              leas 4,S
 0B7C 0A                rtc
 0B7D                   .dbsym l var 2 pS[menu_var]
 0B7D                   .dbend
 0B7D                   .dbfunc e Select _Select fV
 0B7D           ;              k -> 47,SP
 0B7D           $_Select::
 0B7D 1BF1CF            leas -49,S
 0B80                   .dbline -1
 0B80                   .dbline 466
 0B80           ; }
 0B80           ; 
 0B80           ; 
 0B80           ; void Select ( void )
 0B80           ; {
 0B80                   .dbline 470
 0B80           ;      int k;
 0B80           ;      
 0B80           ;      //Save current menu pointers
 0B80           ;      MenuStackc[StackPointer+1].Index[0]=MenuStackc[StackPointer].Index[1];
 0B80 F60000            ldab _StackPointer
 0B83 87                clra
 0B84 B746              tfr D,Y
 0B86 CC0006            ldd #6
 0B89 13                emul
 0B8A 6CF02A            std 42,S
 0B8D CD0001            ldy #_MenuStackc+1
 0B90 6D80              sty 0,S
 0B92 E380              addd 0,S
 0B94 B746              tfr D,Y
 0B96 E640              ldab 0,Y
 0B98 6BF02E            stab 46,S
 0B9B ECF02A            ldd 42,S
 0B9E CE0006            ldx #_MenuStackc+6
 0BA1 6E80              stx 0,S
 0BA3 E380              addd 0,S
 0BA5 B746              tfr D,Y
 0BA7 E6F02E            ldab 46,S
 0BAA 6B40              stab 0,Y
 0BAC                   .dbline 471
 0BAC           ;      MenuStackc[StackPointer+1].Index[1]=MenuStackc[StackPointer].Index[2];
 0BAC F60000            ldab _StackPointer
 0BAF 87                clra
 0BB0 B746              tfr D,Y
 0BB2 CC0006            ldd #6
 0BB5 13                emul
 0BB6 6CF028            std 40,S
 0BB9 CD0002            ldy #_MenuStackc+2
 0BBC 6D80              sty 0,S
 0BBE E380              addd 0,S
 0BC0 B746              tfr D,Y
 0BC2 E640              ldab 0,Y
 0BC4 6BF02D            stab 45,S
 0BC7 ECF028            ldd 40,S
 0BCA CE0007            ldx #_MenuStackc+6+1
 0BCD 6E80              stx 0,S
 0BCF E380              addd 0,S
 0BD1 B746              tfr D,Y
 0BD3 E6F02D            ldab 45,S
 0BD6 6B40              stab 0,Y
 0BD8                   .dbline 472
 0BD8           ;      MenuStackc[StackPointer+1].Index[2]=MenuStackc[StackPointer].Index[3];
 0BD8 F60000            ldab _StackPointer
 0BDB 87                clra
 0BDC B746              tfr D,Y
 0BDE CC0006            ldd #6
 0BE1 13                emul
 0BE2 6CF026            std 38,S
 0BE5 CD0003            ldy #_MenuStackc+3
 0BE8 6D80              sty 0,S
 0BEA E380              addd 0,S
 0BEC B746              tfr D,Y
 0BEE E640              ldab 0,Y
 0BF0 6BF02C            stab 44,S
 0BF3 ECF026            ldd 38,S
 0BF6 CE0008            ldx #_MenuStackc+6+2
 0BF9 6E80              stx 0,S
 0BFB E380              addd 0,S
 0BFD B746              tfr D,Y
 0BFF E6F02C            ldab 44,S
 0C02 6B40              stab 0,Y
 0C04                   .dbline 473
 0C04           ;      MenuStackc[StackPointer+1].Index[3] = MenuStackc[StackPointer].CursorPos + MenuStackc[StackPointer].FirstLine;
 0C04 F60000            ldab _StackPointer
 0C07 87                clra
 0C08 B746              tfr D,Y
 0C0A CC0006            ldd #6
 0C0D 13                emul
 0C0E 6CF024            std 36,S
 0C11 CD0005            ldy #_MenuStackc+5
 0C14 6D80              sty 0,S
 0C16 E380              addd 0,S
 0C18 6CF022            std 34,S
 0C1B ECF024            ldd 36,S
 0C1E CE0004            ldx #_MenuStackc+4
 0C21 6E80              stx 0,S
 0C23 E380              addd 0,S
 0C25 B746              tfr D,Y
 0C27 E640              ldab 0,Y
 0C29 B716              tfr B,Y
 0C2B EEF022            ldx 34,S
 0C2E B761              tfr Y,B
 0C30 EB00              addb 0,X
 0C32 B716              tfr B,Y
 0C34 6DF020            sty 32,S
 0C37 ECF024            ldd 36,S
 0C3A CE0009            ldx #_MenuStackc+6+3
 0C3D 6E80              stx 0,S
 0C3F E380              addd 0,S
 0C41 B746              tfr D,Y
 0C43 ECF020            ldd 32,S
 0C46 6B40              stab 0,Y
 0C48                   .dbline 476
 0C48           ;      
 0C48           ;      //look for selected menu 
 0C48           ;      for ( k=0;k<MenuSize;k++ )
 0C48 1AF02F            leax 47,S
 0C4B 1800000000        movw #0,0,x
 0C50           L145:
 0C50                   .dbline 477
 0C50           ;      {
 0C50                   .dbline 478
 0C50           ;         if ( Menuc[k].Index[0] == MenuStackc[StackPointer+1].Index[0] && Menuc[k].Index[1] == MenuStackc[StackPointer+1].Index[1] && 
 0C50 CC0137            ldd #311
 0C53 EDF02F            ldy 47,S
 0C56 13                emul
 0C57 B746              tfr D,Y
 0C59 CE0006            ldx #6
 0C5C 6DF01E            sty 30,S
 0C5F F60000            ldab _StackPointer
 0C62 87                clra
 0C63 B746              tfr D,Y
 0C65 B754              tfr X,D
 0C67 13                emul
 0C68 6CF01C            std 28,S
 0C6B CD0006            ldy #_MenuStackc+6
 0C6E 6D80              sty 0,S
 0C70 E380              addd 0,S
 0C72 6CF01A            std 26,S
 0C75 ECF01E            ldd 30,S
 0C78 CE0000            ldx #_Menuc
 0C7B 6E80              stx 0,S
 0C7D E380              addd 0,S
 0C7F B746              tfr D,Y
 0C81 E640              ldab 0,Y
 0C83 B716              tfr B,Y
 0C85 EEF01A            ldx 26,S
 0C88 B761              tfr Y,B
 0C8A E100              cmpb 0,X
 0C8C 182600D4          lbne L149
 0C90 ECF01C            ldd 28,S
 0C93 CD0007            ldy #_MenuStackc+6+1
 0C96 6D80              sty 0,S
 0C98 E380              addd 0,S
 0C9A 6CF018            std 24,S
 0C9D ECF01E            ldd 30,S
 0CA0 CE0001            ldx #_Menuc+1
 0CA3 6E80              stx 0,S
 0CA5 E380              addd 0,S
 0CA7 B746              tfr D,Y
 0CA9 E640              ldab 0,Y
 0CAB B716              tfr B,Y
 0CAD EEF018            ldx 24,S
 0CB0 B761              tfr Y,B
 0CB2 E100              cmpb 0,X
 0CB4 182600AC          lbne L149
 0CB8 ECF01C            ldd 28,S
 0CBB CD0008            ldy #_MenuStackc+6+2
 0CBE 6D80              sty 0,S
 0CC0 E380              addd 0,S
 0CC2 6CF016            std 22,S
 0CC5 ECF01E            ldd 30,S
 0CC8 CE0002            ldx #_Menuc+2
 0CCB 6E80              stx 0,S
 0CCD E380              addd 0,S
 0CCF B746              tfr D,Y
 0CD1 E640              ldab 0,Y
 0CD3 B716              tfr B,Y
 0CD5 EEF016            ldx 22,S
 0CD8 B761              tfr Y,B
 0CDA E100              cmpb 0,X
 0CDC 18260084          lbne L149
 0CE0 ECF01C            ldd 28,S
 0CE3 CD0009            ldy #_MenuStackc+6+3
 0CE6 6D80              sty 0,S
 0CE8 E380              addd 0,S
 0CEA 6CF014            std 20,S
 0CED ECF01E            ldd 30,S
 0CF0 CE0003            ldx #_Menuc+3
 0CF3 6E80              stx 0,S
 0CF5 E380              addd 0,S
 0CF7 B746              tfr D,Y
 0CF9 E640              ldab 0,Y
 0CFB B716              tfr B,Y
 0CFD EEF014            ldx 20,S
 0D00 B761              tfr Y,B
 0D02 E100              cmpb 0,X
 0D04 265E              bne L149
 0D06                   .dbline 480
 0D06           ;              Menuc[k].Index[2] == MenuStackc[StackPointer+1].Index[2] && Menuc[k].Index[3] == MenuStackc[StackPointer+1].Index[3] )
 0D06           ;         {
 0D06                   .dbline 482
 0D06           ;              //If found increment stackpointer and initialize cursor
 0D06           ;              StackPointer++;
 0D06 720000            inc _StackPointer
 0D09                   .dbline 484
 0D09           ;              //Cursor to menu entry 1
 0D09           ;              MenuStackc[StackPointer].CursorPos = 1;
 0D09 F60000            ldab _StackPointer
 0D0C 87                clra
 0D0D B746              tfr D,Y
 0D0F CC0006            ldd #6
 0D12 13                emul
 0D13 B746              tfr D,Y
 0D15 CE0004            ldx #_MenuStackc+4
 0D18 B764              tfr Y,D
 0D1A 6E80              stx 0,S
 0D1C E380              addd 0,S
 0D1E B746              tfr D,Y
 0D20 CC0001            ldd #1
 0D23 6B40              stab 0,Y
 0D25                   .dbline 485
 0D25           ;              MenuStackc[StackPointer].FirstLine = 0;
 0D25 F60000            ldab _StackPointer
 0D28 87                clra
 0D29 B746              tfr D,Y
 0D2B CC0006            ldd #6
 0D2E 13                emul
 0D2F B746              tfr D,Y
 0D31 CE0005            ldx #_MenuStackc+5
 0D34 B764              tfr Y,D
 0D36 6E80              stx 0,S
 0D38 E380              addd 0,S
 0D3A B746              tfr D,Y
 0D3C CC0000            ldd #0
 0D3F 6B40              stab 0,Y
 0D41                   .dbline 486
 0D41           ;              LoadMenu ( MenuStackc[StackPointer].Index );
 0D41 F60000            ldab _StackPointer
 0D44 87                clra
 0D45 B746              tfr D,Y
 0D47 CC0006            ldd #6
 0D4A 13                emul
 0D4B B746              tfr D,Y
 0D4D CE0000            ldx #_MenuStackc
 0D50 B764              tfr Y,D
 0D52 6E80              stx 0,S
 0D54 E380              addd 0,S
 0D56 4A0F8484          xcall $_LoadMenu
 0D5A                   .dbline 487
 0D5A           ;              InsertCursor ();
 0D5A 4A178080          xcall $_InsertCursor
 0D5E                   .dbline 488
 0D5E           ;              DisplayTitler ();
 0D5E 4A17B7B7          xcall $_DisplayTitler
 0D62                   .dbline 489
 0D62           ;              break;
 0D62 200E              bra L147
 0D64           L149:
 0D64                   .dbline 491
 0D64           ;         }
 0D64           ;      } 
 0D64           L146:
 0D64                   .dbline 476
 0D64 EDF02F            ldy 47,S
 0D67 02                iny
 0D68 6DF02F            sty 47,S
 0D6B                   .dbline 476
 0D6B 8D0011            cpy #17
 0D6E 182DFEDE          lblt L145
 0D72           L147:
 0D72                   .dbline 493
 0D72           ; 
 0D72           ;      if ( k >= MenuSize )
 0D72 EDF02F            ldy 47,S
 0D75 8D0011            cpy #17
 0D78 182D0120          lblt L163
 0D7C                   .dbline 494
 0D7C           ;      {
 0D7C                   .dbline 496
 0D7C           ;          //Find out which menu we are on
 0D7C           ;          for ( k=0;k<MenuSize;k++ )
 0D7C 1AF02F            leax 47,S
 0D7F 1800000000        movw #0,0,x
 0D84           L165:
 0D84                   .dbline 497
 0D84           ;          {
 0D84                   .dbline 498
 0D84           ;             if ( Menuc[k].Index[0] == MenuStackc[StackPointer].Index[0] && Menuc[k].Index[1] == MenuStackc[StackPointer].Index[1] && 
 0D84 CC0137            ldd #311
 0D87 EDF02F            ldy 47,S
 0D8A 13                emul
 0D8B B746              tfr D,Y
 0D8D CE0006            ldx #6
 0D90 6DF012            sty 18,S
 0D93 F60000            ldab _StackPointer
 0D96 87                clra
 0D97 B746              tfr D,Y
 0D99 B754              tfr X,D
 0D9B 13                emul
 0D9C 6CF010            std 16,S
 0D9F CD0000            ldy #_MenuStackc
 0DA2 6D80              sty 0,S
 0DA4 E380              addd 0,S
 0DA6 6C8E              std 14,S
 0DA8 ECF012            ldd 18,S
 0DAB CE0000            ldx #_Menuc
 0DAE 6E80              stx 0,S
 0DB0 E380              addd 0,S
 0DB2 B746              tfr D,Y
 0DB4 E640              ldab 0,Y
 0DB6 B716              tfr B,Y
 0DB8 EE8E              ldx 14,S
 0DBA B761              tfr Y,B
 0DBC E100              cmpb 0,X
 0DBE 182600CC          lbne L169
 0DC2 ECF010            ldd 16,S
 0DC5 CD0001            ldy #_MenuStackc+1
 0DC8 6D80              sty 0,S
 0DCA E380              addd 0,S
 0DCC 6C8C              std 12,S
 0DCE ECF012            ldd 18,S
 0DD1 CE0001            ldx #_Menuc+1
 0DD4 6E80              stx 0,S
 0DD6 E380              addd 0,S
 0DD8 B746              tfr D,Y
 0DDA E640              ldab 0,Y
 0DDC B716              tfr B,Y
 0DDE EE8C              ldx 12,S
 0DE0 B761              tfr Y,B
 0DE2 E100              cmpb 0,X
 0DE4 182600A6          lbne L169
 0DE8 ECF010            ldd 16,S
 0DEB CD0002            ldy #_MenuStackc+2
 0DEE 6D80              sty 0,S
 0DF0 E380              addd 0,S
 0DF2 6C8A              std 10,S
 0DF4 ECF012            ldd 18,S
 0DF7 CE0002            ldx #_Menuc+2
 0DFA 6E80              stx 0,S
 0DFC E380              addd 0,S
 0DFE B746              tfr D,Y
 0E00 E640              ldab 0,Y
 0E02 B716              tfr B,Y
 0E04 EE8A              ldx 10,S
 0E06 B761              tfr Y,B
 0E08 E100              cmpb 0,X
 0E0A 18260080          lbne L169
 0E0E ECF010            ldd 16,S
 0E11 CD0003            ldy #_MenuStackc+3
 0E14 6D80              sty 0,S
 0E16 E380              addd 0,S
 0E18 6C88              std 8,S
 0E1A ECF012            ldd 18,S
 0E1D CE0003            ldx #_Menuc+3
 0E20 6E80              stx 0,S
 0E22 E380              addd 0,S
 0E24 B746              tfr D,Y
 0E26 E640              ldab 0,Y
 0E28 B716              tfr B,Y
 0E2A EE88              ldx 8,S
 0E2C B761              tfr Y,B
 0E2E E100              cmpb 0,X
 0E30 1826005A          lbne L169
 0E34                   .dbline 500
 0E34           ;                  Menuc[k].Index[2] == MenuStackc[StackPointer].Index[2] && Menuc[k].Index[3] == MenuStackc[StackPointer].Index[3] )
 0E34           ;             {
 0E34                   .dbline 502
 0E34           ;                  //Execute function for that entry 
 0E34           ;                  Menuc[k].FunctPtr[(MenuStackc[StackPointer].CursorPos + MenuStackc[StackPointer].FirstLine)-1]();
 0E34 F60000            ldab _StackPointer
 0E37 87                clra
 0E38 B746              tfr D,Y
 0E3A CC0006            ldd #6
 0E3D 13                emul
 0E3E 6C86              std 6,S
 0E40 CD0005            ldy #_MenuStackc+5
 0E43 6D80              sty 0,S
 0E45 E380              addd 0,S
 0E47 B746              tfr D,Y
 0E49 E640              ldab 0,Y
 0E4B 87                clra
 0E4C 6C84              std 4,S
 0E4E EC86              ldd 6,S
 0E50 CE0004            ldx #_MenuStackc+4
 0E53 6E80              stx 0,S
 0E55 E380              addd 0,S
 0E57 B746              tfr D,Y
 0E59 E640              ldab 0,Y
 0E5B 87                clra
 0E5C B746              tfr D,Y
 0E5E EE84              ldx 4,S
 0E60 B764              tfr Y,D
 0E62 6E80              stx 0,S
 0E64 E380              addd 0,S
 0E66 830001            subd #1
 0E69 59                lsld
 0E6A 6C82              std 2,S
 0E6C EDF02F            ldy 47,S
 0E6F CC0137            ldd #311
 0E72 13                emul
 0E73 B746              tfr D,Y
 0E75 CE0121            ldx #_Menuc+289
 0E78 B764              tfr Y,D
 0E7A 6E80              stx 0,S
 0E7C E380              addd 0,S
 0E7E B746              tfr D,Y
 0E80 EC82              ldd 2,S
 0E82 6D80              sty 0,S
 0E84 E380              addd 0,S
 0E86 B746              tfr D,Y
 0E88 ED40              ldy 0,Y
 0E8A 1540              jsr 0,Y
 0E8C                   .dbline 505
 0E8C           ;                  //LoadMenu ( MenuStackc[StackPointer].Index );
 0E8C           ;                  //DisplayMenu ();
 0E8C           ;                  break;
 0E8C 200E              bra L167
 0E8E           L169:
 0E8E                   .dbline 507
 0E8E           ;             }
 0E8E           ;         }
 0E8E           L166:
 0E8E                   .dbline 496
 0E8E EDF02F            ldy 47,S
 0E91 02                iny
 0E92 6DF02F            sty 47,S
 0E95                   .dbline 496
 0E95 8D0011            cpy #17
 0E98 182DFEE8          lblt L165
 0E9C           L167:
 0E9C                   .dbline 508
 0E9C           ;    }
 0E9C           L163:
 0E9C                   .dbline -2
 0E9C           L132:
 0E9C                   .dbline 0 ; func end
 0E9C 1BF031            leas 49,S
 0E9F 0A                rtc
 0EA0                   .dbsym l k 47 I
 0EA0                   .dbend
 0EA0                   .dbfunc e DeSelect _DeSelect fV
 0EA0           ;              i -> 2,SP
 0EA0           ;              j -> 4,SP
 0EA0           $_DeSelect::
 0EA0 1B9A              leas -6,S
 0EA2                   .dbline -1
 0EA2                   .dbline 512
 0EA2           ; }
 0EA2           ; 
 0EA2           ; void DeSelect ( void )
 0EA2           ; {
 0EA2                   .dbline 514
 0EA2           ;      int i,j;
 0EA2           ;      if (StackPointer )
 0EA2 F60000            ldab _StackPointer
 0EA5 C100              cmpb #0
 0EA7 2728              beq L181
 0EA9                   .dbline 515
 0EA9           ;      {
 0EA9                   .dbline 516
 0EA9           ;         StackPointer--;
 0EA9 730000            dec _StackPointer
 0EAC                   .dbline 517
 0EAC           ;         LoadMenu ( MenuStackc[StackPointer].Index );
 0EAC F60000            ldab _StackPointer
 0EAF 87                clra
 0EB0 B746              tfr D,Y
 0EB2 CC0006            ldd #6
 0EB5 13                emul
 0EB6 B746              tfr D,Y
 0EB8 CE0000            ldx #_MenuStackc
 0EBB B764              tfr Y,D
 0EBD 6E80              stx 0,S
 0EBF E380              addd 0,S
 0EC1 4A0F8484          xcall $_LoadMenu
 0EC5                   .dbline 518
 0EC5           ;         InsertCursor ();
 0EC5 4A178080          xcall $_InsertCursor
 0EC9                   .dbline 519
 0EC9           ;         DisplayTitler ();
 0EC9 4A17B7B7          xcall $_DisplayTitler
 0ECD                   .dbline 520
 0ECD           ;      }
 0ECD 182000A4          lbra L182
 0ED1           L181:
 0ED1                   .dbline 522
 0ED1           ;      else
 0ED1           ;      {
 0ED1                   .dbline 523
 0ED1           ;         MenuStackc[StackPointer].Index[0] = 0;
 0ED1 F60000            ldab _StackPointer
 0ED4 87                clra
 0ED5 B746              tfr D,Y
 0ED7 CC0006            ldd #6
 0EDA 13                emul
 0EDB B746              tfr D,Y
 0EDD CE0000            ldx #_MenuStackc
 0EE0 B764              tfr Y,D
 0EE2 6E80              stx 0,S
 0EE4 E380              addd 0,S
 0EE6 B746              tfr D,Y
 0EE8 CC0000            ldd #0
 0EEB 6B40              stab 0,Y
 0EED                   .dbline 524
 0EED           ;         MenuStackc[StackPointer].Index[1] = 0;
 0EED F60000            ldab _StackPointer
 0EF0 87                clra
 0EF1 B746              tfr D,Y
 0EF3 CC0006            ldd #6
 0EF6 13                emul
 0EF7 B746              tfr D,Y
 0EF9 CE0001            ldx #_MenuStackc+1
 0EFC B764              tfr Y,D
 0EFE 6E80              stx 0,S
 0F00 E380              addd 0,S
 0F02 B746              tfr D,Y
 0F04 CC0000            ldd #0
 0F07 6B40              stab 0,Y
 0F09                   .dbline 525
 0F09           ;         MenuStackc[StackPointer].Index[2] = 0;
 0F09 F60000            ldab _StackPointer
 0F0C 87                clra
 0F0D B746              tfr D,Y
 0F0F CC0006            ldd #6
 0F12 13                emul
 0F13 B746              tfr D,Y
 0F15 CE0002            ldx #_MenuStackc+2
 0F18 B764              tfr Y,D
 0F1A 6E80              stx 0,S
 0F1C E380              addd 0,S
 0F1E B746              tfr D,Y
 0F20 CC0000            ldd #0
 0F23 6B40              stab 0,Y
 0F25                   .dbline 526
 0F25           ;         MenuStackc[StackPointer].Index[3] = 0;
 0F25 F60000            ldab _StackPointer
 0F28 87                clra
 0F29 B746              tfr D,Y
 0F2B CC0006            ldd #6
 0F2E 13                emul
 0F2F B746              tfr D,Y
 0F31 CE0003            ldx #_MenuStackc+3
 0F34 B764              tfr Y,D
 0F36 6E80              stx 0,S
 0F38 E380              addd 0,S
 0F3A B746              tfr D,Y
 0F3C CC0000            ldd #0
 0F3F 6B40              stab 0,Y
 0F41                   .dbline 527
 0F41           ;         Gen_Flags &= ~Gen_Flags_Menu_Active;
 0F41 1D000040          bclr _Gen_Flags,#64
 0F45                   .dbline 529
 0F45           ; //            gProcImg[IN_digi_0] &= ~0x01;
 0F45           ;               Send_Menu_Status (0x00);
 0F45 CC0000            ldd #0
 0F48 4A1D7373          xcall $_Send_Menu_Status
 0F4C                   .dbline 531
 0F4C           ; 
 0F4C           ;         ClearTitler ();
 0F4C 4A1A6C6C          xcall $_ClearTitler
 0F50                   .dbline 532
 0F50           ;               for (j=1;j<=NR_OF_TPDOS;j++)
 0F50 1800840001        movw #1,4,S
 0F55           L186:
 0F55                   .dbline 533
 0F55           ;               {
 0F55                   .dbline 534
 0F55           ;                   ARMCOP = 0x55;
 0F55 180B55003F        movb #85,0x3f
 0F5A                   .dbline 535
 0F5A           ;                       ARMCOP = 0xAA;
 0F5A 180BAA003F        movb #170,0x3f
 0F5F                   .dbline 536
 0F5F           ;                       i = MCO_ProcessStack();
 0F5F 4A000000          xcall $_MCO_ProcessStack
 0F63 87                clra
 0F64 6C82              std 2,S
 0F66                   .dbline 537
 0F66           ;               }
 0F66           L187:
 0F66                   .dbline 532
 0F66 ED84              ldy 4,S
 0F68 02                iny
 0F69 6D84              sty 4,S
 0F6B                   .dbline 532
 0F6B 8D0008            cpy #8
 0F6E 2FE5              ble L186
 0F70                   .dbline 538
 0F70           ;       StoreFlag = 1;//Save_Variables ();
 0F70 180B010001        movb #1,_StoreFlag
 0F75                   .dbline 539
 0F75           ;      }
 0F75           L182:
 0F75                   .dbline 540
 0F75           ;        Variable_flag = 0;
 0F75 790000            clr _Variable_flag
 0F78                   .dbline 541
 0F78           ;        String_Var_ptr = 0;
 0F78 790000            clr _String_Var_ptr
 0F7B                   .dbline 542
 0F7B           ;        Multi_Var_ptr = 0;
 0F7B 790000            clr _Multi_Var_ptr
 0F7E                   .dbline 543
 0F7E           ;        UpdateArrayVar = 0;
 0F7E 790000            clr _UpdateArrayVar
 0F81                   .dbline -2
 0F81           L180:
 0F81                   .dbline 0 ; func end
 0F81 1B86              leas 6,S
 0F83 0A                rtc
 0F84                   .dbsym l i 2 I
 0F84                   .dbsym l j 4 I
 0F84                   .dbend
 0F84                   .dbfunc e LoadMenu _LoadMenu fV
 0F84           ;              l -> 46,SP
 0F84           ;      next_flag -> 48,SP
 0F84           ;       var_cntr -> 49,SP
 0F84           ;            var -> 51,SP
 0F84           ;              l -> 53,SP
 0F84           ;              k -> 55,SP
 0F84           ;              j -> 57,SP
 0F84           ;              i -> 59,SP
 0F84           ;          Index -> 61,SP
 0F84           $_LoadMenu::
 0F84 3B                pshd
 0F85 1BF1C3            leas -61,S
 0F88                   .dbline -1
 0F88                   .dbline 547
 0F88           ; }
 0F88           ; 
 0F88           ; void LoadMenu ( char Index[] )
 0F88           ; {
 0F88                   .dbline 551
 0F88           ;     int i,j,k,l;
 0F88           ; 
 0F88           ;     //find menu
 0F88           ;       k = FindMenu();
 0F88 4A089595          xcall $_FindMenu
 0F8C 87                clra
 0F8D 6CF037            std 55,S
 0F90                   .dbline 561
 0F90           ;     /*for ( k=0;k<MenuSize;k++ )
 0F90           ;     {
 0F90           ;         if ( Menuc[k].Index[0] == Index[0] && Menuc[k].Index[1] == Index[1] && 
 0F90           ;              Menuc[k].Index[2] == Index[2] && Menuc[k].Index[3] == Index[3] )
 0F90           ;              break;
 0F90           ;     }*/ 
 0F90           ;       
 0F90           ;       
 0F90           ;     //Get Menu Title
 0F90           ;     for ( j=0;j<=20;j++ )
 0F90 1AF039            leax 57,S
 0F93 1800000000        movw #0,0,x
 0F98           L191:
 0F98                   .dbline 562
 0F98           ;       {
 0F98                   .dbline 563
 0F98           ;         Menu[0][j] = Menuc[k].Entry[0][j];
 0F98 CC0137            ldd #311
 0F9B EDF037            ldy 55,S
 0F9E 13                emul
 0F9F B746              tfr D,Y
 0FA1 CE0004            ldx #_Menuc+4
 0FA4 B764              tfr Y,D
 0FA6 6E80              stx 0,S
 0FA8 E380              addd 0,S
 0FAA B746              tfr D,Y
 0FAC ECF039            ldd 57,S
 0FAF 6D80              sty 0,S
 0FB1 E380              addd 0,S
 0FB3 B746              tfr D,Y
 0FB5 E640              ldab 0,Y
 0FB7 6BF034            stab 52,S
 0FBA ECF039            ldd 57,S
 0FBD CE0000            ldx #_Menu
 0FC0 6E80              stx 0,S
 0FC2 E380              addd 0,S
 0FC4 B746              tfr D,Y
 0FC6 E6F034            ldab 52,S
 0FC9 6B40              stab 0,Y
 0FCB                   .dbline 564
 0FCB           ;       }
 0FCB           L192:
 0FCB                   .dbline 561
 0FCB EDF039            ldy 57,S
 0FCE 02                iny
 0FCF 6DF039            sty 57,S
 0FD2                   .dbline 561
 0FD2 8D0014            cpy #20
 0FD5 2FC1              ble L191
 0FD7                   .dbline 567
 0FD7           ;        
 0FD7           ;     //See if this entry is a valid menu entry, if not start cursor back at top
 0FD7           ;     if ( MenuStackc[StackPointer].CursorPos > 0 && Menuc[k].Entry[MenuStackc[StackPointer].CursorPos + MenuStackc[StackPointer].FirstLine][1] == ' ' )
 0FD7 F60000            ldab _StackPointer
 0FDA 87                clra
 0FDB B746              tfr D,Y
 0FDD CC0006            ldd #6
 0FE0 13                emul
 0FE1 6CF02C            std 44,S
 0FE4 CD0004            ldy #_MenuStackc+4
 0FE7 6D80              sty 0,S
 0FE9 E380              addd 0,S
 0FEB B746              tfr D,Y
 0FED E640              ldab 0,Y
 0FEF C100              cmpb #0
 0FF1 18230091          lbls L196
 0FF5 ECF02C            ldd 44,S
 0FF8 CD0005            ldy #_MenuStackc+5
 0FFB 6D80              sty 0,S
 0FFD E380              addd 0,S
 0FFF B746              tfr D,Y
 1001 E640              ldab 0,Y
 1003 87                clra
 1004 6CF02A            std 42,S
 1007 ECF02C            ldd 44,S
 100A CE0004            ldx #_MenuStackc+4
 100D 6E80              stx 0,S
 100F E380              addd 0,S
 1011 B746              tfr D,Y
 1013 E640              ldab 0,Y
 1015 87                clra
 1016 B746              tfr D,Y
 1018 EEF02A            ldx 42,S
 101B B764              tfr Y,D
 101D 6E80              stx 0,S
 101F E380              addd 0,S
 1021 B746              tfr D,Y
 1023 CC0015            ldd #21
 1026 13                emul
 1027 6CF028            std 40,S
 102A EDF037            ldy 55,S
 102D CC0137            ldd #311
 1030 13                emul
 1031 B746              tfr D,Y
 1033 CE0004            ldx #_Menuc+4
 1036 B764              tfr Y,D
 1038 6E80              stx 0,S
 103A E380              addd 0,S
 103C B746              tfr D,Y
 103E ECF028            ldd 40,S
 1041 6D80              sty 0,S
 1043 E380              addd 0,S
 1045 B746              tfr D,Y
 1047 02                iny
 1048 E640              ldab 0,Y
 104A C120              cmpb #32
 104C 2638              bne L196
 104E                   .dbline 568
 104E           ;     {
 104E                   .dbline 569
 104E           ;          MenuStackc[StackPointer].CursorPos = 1;
 104E F60000            ldab _StackPointer
 1051 87                clra
 1052 B746              tfr D,Y
 1054 CC0006            ldd #6
 1057 13                emul
 1058 B746              tfr D,Y
 105A CE0004            ldx #_MenuStackc+4
 105D B764              tfr Y,D
 105F 6E80              stx 0,S
 1061 E380              addd 0,S
 1063 B746              tfr D,Y
 1065 CC0001            ldd #1
 1068 6B40              stab 0,Y
 106A                   .dbline 570
 106A           ;          MenuStackc[StackPointer].FirstLine = 0;
 106A F60000            ldab _StackPointer
 106D 87                clra
 106E B746              tfr D,Y
 1070 CC0006            ldd #6
 1073 13                emul
 1074 B746              tfr D,Y
 1076 CE0005            ldx #_MenuStackc+5
 1079 B764              tfr Y,D
 107B 6E80              stx 0,S
 107D E380              addd 0,S
 107F B746              tfr D,Y
 1081 CC0000            ldd #0
 1084 6B40              stab 0,Y
 1086                   .dbline 571
 1086           ;     }
 1086           L196:
 1086                   .dbline 574
 1086           ;         
 1086           ;     //Allow a maximum of 12 entries, if past 12, start cursor back at top
 1086           ;     if ( MenuStackc[StackPointer].CursorPos + MenuStackc[StackPointer].FirstLine >= 12 )
 1086 F60000            ldab _StackPointer
 1089 87                clra
 108A B746              tfr D,Y
 108C CC0006            ldd #6
 108F 13                emul
 1090 6CF026            std 38,S
 1093 CD0005            ldy #_MenuStackc+5
 1096 6D80              sty 0,S
 1098 E380              addd 0,S
 109A 6CF024            std 36,S
 109D ECF026            ldd 38,S
 10A0 CE0004            ldx #_MenuStackc+4
 10A3 6E80              stx 0,S
 10A5 E380              addd 0,S
 10A7 B746              tfr D,Y
 10A9 E640              ldab 0,Y
 10AB B716              tfr B,Y
 10AD EEF024            ldx 36,S
 10B0 B761              tfr Y,B
 10B2 EB00              addb 0,X
 10B4 C10C              cmpb #12
 10B6 2538              blo L204
 10B8                   .dbline 575
 10B8           ;     {
 10B8                   .dbline 576
 10B8           ;          MenuStackc[StackPointer].CursorPos = 1;
 10B8 F60000            ldab _StackPointer
 10BB 87                clra
 10BC B746              tfr D,Y
 10BE CC0006            ldd #6
 10C1 13                emul
 10C2 B746              tfr D,Y
 10C4 CE0004            ldx #_MenuStackc+4
 10C7 B764              tfr Y,D
 10C9 6E80              stx 0,S
 10CB E380              addd 0,S
 10CD B746              tfr D,Y
 10CF CC0001            ldd #1
 10D2 6B40              stab 0,Y
 10D4                   .dbline 577
 10D4           ;          MenuStackc[StackPointer].FirstLine = 0;
 10D4 F60000            ldab _StackPointer
 10D7 87                clra
 10D8 B746              tfr D,Y
 10DA CC0006            ldd #6
 10DD 13                emul
 10DE B746              tfr D,Y
 10E0 CE0005            ldx #_MenuStackc+5
 10E3 B764              tfr Y,D
 10E5 6E80              stx 0,S
 10E7 E380              addd 0,S
 10E9 B746              tfr D,Y
 10EB CC0000            ldd #0
 10EE 6B40              stab 0,Y
 10F0                   .dbline 578
 10F0           ;     }
 10F0           L204:
 10F0                   .dbline 581
 10F0           ;         
 10F0           ;     //If cursor is too far down, check to see if there is another entry, if so, show it and set cursor to bottom entry.
 10F0           ;     if ( MenuStackc[StackPointer].CursorPos == 9 )
 10F0 F60000            ldab _StackPointer
 10F3 87                clra
 10F4 B746              tfr D,Y
 10F6 CC0006            ldd #6
 10F9 13                emul
 10FA B746              tfr D,Y
 10FC CE0004            ldx #_MenuStackc+4
 10FF B764              tfr Y,D
 1101 6E80              stx 0,S
 1103 E380              addd 0,S
 1105 B746              tfr D,Y
 1107 E640              ldab 0,Y
 1109 C109              cmpb #9
 110B 182600C8          lbne L210
 110F                   .dbline 582
 110F           ;     {
 110F                   .dbline 583
 110F           ;          if ( Menuc[k].Entry[9+MenuStackc[StackPointer].FirstLine][1] != ' ' )
 110F F60000            ldab _StackPointer
 1112 87                clra
 1113 B746              tfr D,Y
 1115 CC0006            ldd #6
 1118 13                emul
 1119 B746              tfr D,Y
 111B CE0005            ldx #_MenuStackc+5
 111E B764              tfr Y,D
 1120 6E80              stx 0,S
 1122 E380              addd 0,S
 1124 B746              tfr D,Y
 1126 E640              ldab 0,Y
 1128 87                clra
 1129 B746              tfr D,Y
 112B CC0015            ldd #21
 112E 13                emul
 112F C300BD            addd #189
 1132 6CF022            std 34,S
 1135 EDF037            ldy 55,S
 1138 CC0137            ldd #311
 113B 13                emul
 113C B746              tfr D,Y
 113E CE0004            ldx #_Menuc+4
 1141 B764              tfr Y,D
 1143 6E80              stx 0,S
 1145 E380              addd 0,S
 1147 B746              tfr D,Y
 1149 ECF022            ldd 34,S
 114C 6D80              sty 0,S
 114E E380              addd 0,S
 1150 B746              tfr D,Y
 1152 02                iny
 1153 E640              ldab 0,Y
 1155 C120              cmpb #32
 1157 2746              beq L213
 1159                   .dbline 584
 1159           ;          {
 1159                   .dbline 585
 1159           ;             MenuStackc[StackPointer].FirstLine++;
 1159 F60000            ldab _StackPointer
 115C 87                clra
 115D B746              tfr D,Y
 115F CC0006            ldd #6
 1162 13                emul
 1163 B746              tfr D,Y
 1165 CE0005            ldx #_MenuStackc+5
 1168 B764              tfr Y,D
 116A 6E80              stx 0,S
 116C E380              addd 0,S
 116E B746              tfr D,Y
 1170 6DF020            sty 32,S
 1173 E6F30020          ldab [32,S]
 1177 B716              tfr B,Y
 1179 02                iny
 117A EEF020            ldx 32,S
 117D B761              tfr Y,B
 117F 6B00              stab 0,X
 1181                   .dbline 586
 1181           ;             MenuStackc[StackPointer].CursorPos = 8;
 1181 F60000            ldab _StackPointer
 1184 87                clra
 1185 B746              tfr D,Y
 1187 CC0006            ldd #6
 118A 13                emul
 118B B746              tfr D,Y
 118D CE0004            ldx #_MenuStackc+4
 1190 B764              tfr Y,D
 1192 6E80              stx 0,S
 1194 E380              addd 0,S
 1196 B746              tfr D,Y
 1198 CC0008            ldd #8
 119B 6B40              stab 0,Y
 119D                   .dbline 587
 119D           ;          }
 119D 2038              bra L214
 119F           L213:
 119F                   .dbline 589
 119F           ;          else
 119F           ;          {
 119F                   .dbline 590
 119F           ;              MenuStackc[StackPointer].CursorPos = 1;
 119F F60000            ldab _StackPointer
 11A2 87                clra
 11A3 B746              tfr D,Y
 11A5 CC0006            ldd #6
 11A8 13                emul
 11A9 B746              tfr D,Y
 11AB CE0004            ldx #_MenuStackc+4
 11AE B764              tfr Y,D
 11B0 6E80              stx 0,S
 11B2 E380              addd 0,S
 11B4 B746              tfr D,Y
 11B6 CC0001            ldd #1
 11B9 6B40              stab 0,Y
 11BB                   .dbline 591
 11BB           ;              MenuStackc[StackPointer].FirstLine = 0;
 11BB F60000            ldab _StackPointer
 11BE 87                clra
 11BF B746              tfr D,Y
 11C1 CC0006            ldd #6
 11C4 13                emul
 11C5 B746              tfr D,Y
 11C7 CE0005            ldx #_MenuStackc+5
 11CA B764              tfr Y,D
 11CC 6E80              stx 0,S
 11CE E380              addd 0,S
 11D0 B746              tfr D,Y
 11D2 CC0000            ldd #0
 11D5 6B40              stab 0,Y
 11D7                   .dbline 592
 11D7           ;          }
 11D7           L214:
 11D7                   .dbline 593
 11D7           ;     }
 11D7           L210:
 11D7                   .dbline 596
 11D7           ; 
 11D7           ;     //If cursor is too far up, and the first entry is not the first line then move firstline up and set cursor to top entry
 11D7           ;     if ( MenuStackc[StackPointer].CursorPos == 0 )
 11D7 F60000            ldab _StackPointer
 11DA 87                clra
 11DB B746              tfr D,Y
 11DD CC0006            ldd #6
 11E0 13                emul
 11E1 B746              tfr D,Y
 11E3 CE0004            ldx #_MenuStackc+4
 11E6 B764              tfr Y,D
 11E8 6E80              stx 0,S
 11EA E380              addd 0,S
 11EC B746              tfr D,Y
 11EE E640              ldab 0,Y
 11F0 C100              cmpb #0
 11F2 18260146          lbne L221
 11F6                   .dbline 597
 11F6           ;     {
 11F6                   .dbline 598
 11F6           ;          if ( MenuStackc[StackPointer].FirstLine )
 11F6 F60000            ldab _StackPointer
 11F9 87                clra
 11FA B746              tfr D,Y
 11FC CC0006            ldd #6
 11FF 13                emul
 1200 B746              tfr D,Y
 1202 CE0005            ldx #_MenuStackc+5
 1205 B764              tfr Y,D
 1207 6E80              stx 0,S
 1209 E380              addd 0,S
 120B B746              tfr D,Y
 120D E640              ldab 0,Y
 120F C100              cmpb #0
 1211 2748              beq L224
 1213                   .dbline 599
 1213           ;          {
 1213                   .dbline 600
 1213           ;             MenuStackc[StackPointer].FirstLine--;
 1213 F60000            ldab _StackPointer
 1216 87                clra
 1217 B746              tfr D,Y
 1219 CC0006            ldd #6
 121C 13                emul
 121D B746              tfr D,Y
 121F CE0005            ldx #_MenuStackc+5
 1222 B764              tfr Y,D
 1224 6E80              stx 0,S
 1226 E380              addd 0,S
 1228 B746              tfr D,Y
 122A 6DF01E            sty 30,S
 122D E6F3001E          ldab [30,S]
 1231 B716              tfr B,Y
 1233 03                dey
 1234 EEF01E            ldx 30,S
 1237 B761              tfr Y,B
 1239 6B00              stab 0,X
 123B                   .dbline 601
 123B           ;             MenuStackc[StackPointer].CursorPos = 1;
 123B F60000            ldab _StackPointer
 123E 87                clra
 123F B746              tfr D,Y
 1241 CC0006            ldd #6
 1244 13                emul
 1245 B746              tfr D,Y
 1247 CE0004            ldx #_MenuStackc+4
 124A B764              tfr Y,D
 124C 6E80              stx 0,S
 124E E380              addd 0,S
 1250 B746              tfr D,Y
 1252 CC0001            ldd #1
 1255 6B40              stab 0,Y
 1257                   .dbline 602
 1257           ;          }
 1257 182000E1          lbra L225
 125B           L224:
 125B                   .dbline 604
 125B           ;          else
 125B           ;          {
 125B                   .dbline 606
 125B           ;              //Find last entry
 125B           ;              for ( i=11;i>0;i-- )
 125B 1AF03B            leax 59,S
 125E 180000000B        movw #11,0,x
 1263           L229:
 1263                   .dbline 607
 1263           ;              {
 1263                   .dbline 608
 1263           ;                  if ( Menuc[k].Entry[i][1] != ' ' && Menuc[k].Entry[i][0] == ' ' )
 1263 CC0015            ldd #21
 1266 EDF03B            ldy 59,S
 1269 13                emul
 126A B746              tfr D,Y
 126C CE0137            ldx #311
 126F 6DF01C            sty 28,S
 1272 EDF037            ldy 55,S
 1275 B754              tfr X,D
 1277 13                emul
 1278 6CF01A            std 26,S
 127B CD0004            ldy #_Menuc+4
 127E 6D80              sty 0,S
 1280 E380              addd 0,S
 1282 B746              tfr D,Y
 1284 ECF01C            ldd 28,S
 1287 6D80              sty 0,S
 1289 E380              addd 0,S
 128B B746              tfr D,Y
 128D 02                iny
 128E E640              ldab 0,Y
 1290 C120              cmpb #32
 1292 271D              beq L233
 1294 ECF01A            ldd 26,S
 1297 CD0004            ldy #_Menuc+4
 129A 6D80              sty 0,S
 129C E380              addd 0,S
 129E B746              tfr D,Y
 12A0 ECF01C            ldd 28,S
 12A3 6D80              sty 0,S
 12A5 E380              addd 0,S
 12A7 B746              tfr D,Y
 12A9 E640              ldab 0,Y
 12AB C120              cmpb #32
 12AD 2602              bne L233
 12AF                   .dbline 609
 12AF           ;                       break;
 12AF 200C              bra L231
 12B1           L233:
 12B1                   .dbline 610
 12B1           ;              }
 12B1           L230:
 12B1                   .dbline 606
 12B1 EDF03B            ldy 59,S
 12B4 03                dey
 12B5 6DF03B            sty 59,S
 12B8                   .dbline 606
 12B8 8D0000            cpy #0
 12BB 2EA6              bgt L229
 12BD           L231:
 12BD                   .dbline 612
 12BD           ;              //If more than 8 entries, cursor will be at the bottom (8) and first line will be adjusted
 12BD           ;              if ( i > 8 )
 12BD EDF03B            ldy 59,S
 12C0 8D0008            cpy #8
 12C3 2F3E              ble L237
 12C5                   .dbline 613
 12C5           ;              {
 12C5                   .dbline 614
 12C5           ;                  MenuStackc[StackPointer].CursorPos = 8;
 12C5 F60000            ldab _StackPointer
 12C8 87                clra
 12C9 B746              tfr D,Y
 12CB CC0006            ldd #6
 12CE 13                emul
 12CF B746              tfr D,Y
 12D1 CE0004            ldx #_MenuStackc+4
 12D4 B764              tfr Y,D
 12D6 6E80              stx 0,S
 12D8 E380              addd 0,S
 12DA B746              tfr D,Y
 12DC CC0008            ldd #8
 12DF 6B40              stab 0,Y
 12E1                   .dbline 615
 12E1           ;                  MenuStackc[StackPointer].FirstLine = i - 8;
 12E1 F60000            ldab _StackPointer
 12E4 87                clra
 12E5 B746              tfr D,Y
 12E7 CC0006            ldd #6
 12EA 13                emul
 12EB B746              tfr D,Y
 12ED CE0005            ldx #_MenuStackc+5
 12F0 B764              tfr Y,D
 12F2 6E80              stx 0,S
 12F4 E380              addd 0,S
 12F6 B746              tfr D,Y
 12F8 ECF03B            ldd 59,S
 12FB 830008            subd #8
 12FE 87                clra
 12FF 6B40              stab 0,Y
 1301                   .dbline 616
 1301           ;              }
 1301 2039              bra L238
 1303           L237:
 1303                   .dbline 619
 1303           ;              //Otherwise the cursor will be on that entry with the firstline at 0
 1303           ;              else
 1303           ;              {
 1303                   .dbline 620
 1303           ;                  MenuStackc[StackPointer].CursorPos = i;
 1303 F60000            ldab _StackPointer
 1306 87                clra
 1307 B746              tfr D,Y
 1309 CC0006            ldd #6
 130C 13                emul
 130D B746              tfr D,Y
 130F CE0004            ldx #_MenuStackc+4
 1312 B764              tfr Y,D
 1314 6E80              stx 0,S
 1316 E380              addd 0,S
 1318 B746              tfr D,Y
 131A ECF03B            ldd 59,S
 131D 87                clra
 131E 6B40              stab 0,Y
 1320                   .dbline 621
 1320           ;                  MenuStackc[StackPointer].FirstLine = 0;
 1320 F60000            ldab _StackPointer
 1323 87                clra
 1324 B746              tfr D,Y
 1326 CC0006            ldd #6
 1329 13                emul
 132A B746              tfr D,Y
 132C CE0005            ldx #_MenuStackc+5
 132F B764              tfr Y,D
 1331 6E80              stx 0,S
 1333 E380              addd 0,S
 1335 B746              tfr D,Y
 1337 CC0000            ldd #0
 133A 6B40              stab 0,Y
 133C                   .dbline 622
 133C           ;              }
 133C           L238:
 133C                   .dbline 623
 133C           ;          }
 133C           L225:
 133C                   .dbline 624
 133C           ;     }
 133C           L221:
 133C                   .dbline 627
 133C           ; 
 133C           ;     //Load appropriate menu entries into Menu[i][j]
 133C           ;     for ( i=1;i<=8;i++ )
 133C 1AF03B            leax 59,S
 133F 1800000001        movw #1,0,x
 1344           L243:
 1344                   .dbline 628
 1344           ;       {
 1344                   .dbline 629
 1344           ;           for ( j=0;j<=20;j++ )
 1344 1AF039            leax 57,S
 1347 1800000000        movw #0,0,x
 134C           L247:
 134C                   .dbline 630
 134C           ;               {
 134C                   .dbline 631
 134C           ;             Menu[i][j] = Menuc[k].Entry[i+MenuStackc[StackPointer].FirstLine][j];
 134C F60000            ldab _StackPointer
 134F 87                clra
 1350 B746              tfr D,Y
 1352 CC0006            ldd #6
 1355 13                emul
 1356 B746              tfr D,Y
 1358 CE0005            ldx #_MenuStackc+5
 135B B764              tfr Y,D
 135D 6E80              stx 0,S
 135F E380              addd 0,S
 1361 B746              tfr D,Y
 1363 E640              ldab 0,Y
 1365 87                clra
 1366 B746              tfr D,Y
 1368 ECF03B            ldd 59,S
 136B 6D80              sty 0,S
 136D E380              addd 0,S
 136F B746              tfr D,Y
 1371 CC0015            ldd #21
 1374 13                emul
 1375 6CF018            std 24,S
 1378 EDF037            ldy 55,S
 137B CC0137            ldd #311
 137E 13                emul
 137F B746              tfr D,Y
 1381 CE0004            ldx #_Menuc+4
 1384 B764              tfr Y,D
 1386 6E80              stx 0,S
 1388 E380              addd 0,S
 138A B746              tfr D,Y
 138C ECF018            ldd 24,S
 138F 6D80              sty 0,S
 1391 E380              addd 0,S
 1393 B746              tfr D,Y
 1395 ECF039            ldd 57,S
 1398 6D80              sty 0,S
 139A E380              addd 0,S
 139C B746              tfr D,Y
 139E E640              ldab 0,Y
 13A0 6BF034            stab 52,S
 13A3 EDF03B            ldy 59,S
 13A6 CC0015            ldd #21
 13A9 13                emul
 13AA B746              tfr D,Y
 13AC CE0000            ldx #_Menu
 13AF B764              tfr Y,D
 13B1 6E80              stx 0,S
 13B3 E380              addd 0,S
 13B5 B746              tfr D,Y
 13B7 ECF039            ldd 57,S
 13BA 6D80              sty 0,S
 13BC E380              addd 0,S
 13BE B746              tfr D,Y
 13C0 E6F034            ldab 52,S
 13C3 6B40              stab 0,Y
 13C5                   .dbline 632
 13C5           ;               }
 13C5           L248:
 13C5                   .dbline 629
 13C5 EDF039            ldy 57,S
 13C8 02                iny
 13C9 6DF039            sty 57,S
 13CC                   .dbline 629
 13CC 8D0014            cpy #20
 13CF 182FFF79          lble L247
 13D3                   .dbline 633
 13D3           ;       }
 13D3           L244:
 13D3                   .dbline 627
 13D3 EDF03B            ldy 59,S
 13D6 02                iny
 13D7 6DF03B            sty 59,S
 13DA                   .dbline 627
 13DA 8D0008            cpy #8
 13DD 182FFF63          lble L243
 13E1                   .dbline 636
 13E1           ;       
 13E1           ;       //Load any variables
 13E1           ;     for ( i=1;i<=8;i++ )
 13E1 1AF03B            leax 59,S
 13E4 1800000001        movw #1,0,x
 13E9           L253:
 13E9                   .dbline 637
 13E9           ;       {
 13E9                   .dbline 638
 13E9           ;         if ( Menuc[k].Pos[i+MenuStackc[StackPointer].FirstLine-1] )
 13E9 F60000            ldab _StackPointer
 13EC 87                clra
 13ED B746              tfr D,Y
 13EF CC0006            ldd #6
 13F2 13                emul
 13F3 B746              tfr D,Y
 13F5 CE0005            ldx #_MenuStackc+5
 13F8 B764              tfr Y,D
 13FA 6E80              stx 0,S
 13FC E380              addd 0,S
 13FE B746              tfr D,Y
 1400 E640              ldab 0,Y
 1402 87                clra
 1403 B746              tfr D,Y
 1405 ECF03B            ldd 59,S
 1408 6D80              sty 0,S
 140A E380              addd 0,S
 140C B746              tfr D,Y
 140E 03                dey
 140F 6DF016            sty 22,S
 1412 EDF037            ldy 55,S
 1415 CC0137            ldd #311
 1418 13                emul
 1419 B746              tfr D,Y
 141B CE0100            ldx #_Menuc+256
 141E B764              tfr Y,D
 1420 6E80              stx 0,S
 1422 E380              addd 0,S
 1424 B746              tfr D,Y
 1426 ECF016            ldd 22,S
 1429 6D80              sty 0,S
 142B E380              addd 0,S
 142D B746              tfr D,Y
 142F E640              ldab 0,Y
 1431 C100              cmpb #0
 1433 18270337          lbeq L257
 1437                   .dbline 639
 1437           ;         {
 1437                   .dbline 640
 1437           ;                        struct menu_var *var = Menuc[k].VarPntr[i+MenuStackc[StackPointer].FirstLine-1];
 1437 F60000            ldab _StackPointer
 143A 87                clra
 143B B746              tfr D,Y
 143D CC0006            ldd #6
 1440 13                emul
 1441 B746              tfr D,Y
 1443 CE0005            ldx #_MenuStackc+5
 1446 B764              tfr Y,D
 1448 6E80              stx 0,S
 144A E380              addd 0,S
 144C B746              tfr D,Y
 144E E640              ldab 0,Y
 1450 87                clra
 1451 B746              tfr D,Y
 1453 ECF03B            ldd 59,S
 1456 6D80              sty 0,S
 1458 E380              addd 0,S
 145A 830001            subd #1
 145D 59                lsld
 145E 6CF014            std 20,S
 1461 EDF037            ldy 55,S
 1464 CC0137            ldd #311
 1467 13                emul
 1468 B746              tfr D,Y
 146A CE010B            ldx #_Menuc+267
 146D B764              tfr Y,D
 146F 6E80              stx 0,S
 1471 E380              addd 0,S
 1473 B746              tfr D,Y
 1475 ECF014            ldd 20,S
 1478 6D80              sty 0,S
 147A E380              addd 0,S
 147C B746              tfr D,Y
 147E 1AF033            leax 51,S
 1481 18024000          movw 0,Y,0,x
 1485                   .dbline 641
 1485           ;                        char next_flag = 1;
 1485 1AF030            leax 48,S
 1488 18080001          movb #1,0,x
 148C                   .dbline 642
 148C           ;                        int var_cntr = 1;
 148C 1AF031            leax 49,S
 148F 1800000001        movw #1,0,x
 1494                   .dbline 644
 1494           ;                        
 1494           ;              j=0;    
 1494 1AF039            leax 57,S
 1497 1800000000        movw #0,0,x
 149C           L263:
 149C                   .dbline 646
 149C           ;                        do 
 149C           ;                        {        
 149C                   .dbline 650
 149C           ;                  int l;
 149C           ;                                        
 149C           ;                                
 149C           ;                                for (l=0;j<=20;j++,l++ )//up to 11 char variable "STR_VALUE_LEN"
 149C 1AF02E            leax 46,S
 149F 1800000000        movw #0,0,x
 14A4 18200215          lbra L269
 14A8           L266:
 14A8                   .dbline 651
 14A8           ;                  {
 14A8                   .dbline 653
 14A8           ;                                
 14A8           ;                     if ( !Multi_Var_ptr && Variable_flag && i == MenuStackc[StackPointer].CursorPos && l==0 ) 
 14A8 F60000            ldab _Multi_Var_ptr
 14AB C100              cmpb #0
 14AD 182600A5          lbne L270
 14B1 F60000            ldab _Variable_flag
 14B4 C100              cmpb #0
 14B6 1827009C          lbeq L270
 14BA F60000            ldab _StackPointer
 14BD 87                clra
 14BE B746              tfr D,Y
 14C0 CC0006            ldd #6
 14C3 13                emul
 14C4 B746              tfr D,Y
 14C6 CE0004            ldx #_MenuStackc+4
 14C9 B764              tfr Y,D
 14CB 6E80              stx 0,S
 14CD E380              addd 0,S
 14CF B746              tfr D,Y
 14D1 E640              ldab 0,Y
 14D3 87                clra
 14D4 ACF03B            cpd 59,S
 14D7 1826007B          lbne L270
 14DB EDF02E            ldy 46,S
 14DE 8D0000            cpy #0
 14E1 18260071          lbne L270
 14E5                   .dbline 654
 14E5           ;                         Menu[i][Menuc[k].Pos[i+MenuStackc[StackPointer].FirstLine-1]-1] = '>';
 14E5 F60000            ldab _StackPointer
 14E8 87                clra
 14E9 B746              tfr D,Y
 14EB CC0006            ldd #6
 14EE 13                emul
 14EF B746              tfr D,Y
 14F1 CE0005            ldx #_MenuStackc+5
 14F4 B764              tfr Y,D
 14F6 6E80              stx 0,S
 14F8 E380              addd 0,S
 14FA B746              tfr D,Y
 14FC E640              ldab 0,Y
 14FE 87                clra
 14FF B746              tfr D,Y
 1501 ECF03B            ldd 59,S
 1504 6D80              sty 0,S
 1506 E380              addd 0,S
 1508 B746              tfr D,Y
 150A 03                dey
 150B 6DF012            sty 18,S
 150E EDF037            ldy 55,S
 1511 CC0137            ldd #311
 1514 13                emul
 1515 B746              tfr D,Y
 1517 CE0100            ldx #_Menuc+256
 151A B764              tfr Y,D
 151C 6E80              stx 0,S
 151E E380              addd 0,S
 1520 B746              tfr D,Y
 1522 ECF012            ldd 18,S
 1525 6D80              sty 0,S
 1527 E380              addd 0,S
 1529 B746              tfr D,Y
 152B E640              ldab 0,Y
 152D 87                clra
 152E B746              tfr D,Y
 1530 03                dey
 1531 6DF010            sty 16,S
 1534 EDF03B            ldy 59,S
 1537 CC0015            ldd #21
 153A 13                emul
 153B B746              tfr D,Y
 153D CE0000            ldx #_Menu
 1540 B764              tfr Y,D
 1542 6E80              stx 0,S
 1544 E380              addd 0,S
 1546 B746              tfr D,Y
 1548 ECF010            ldd 16,S
 154B 6D80              sty 0,S
 154D E380              addd 0,S
 154F B746              tfr D,Y
 1551 CC003E            ldd #62
 1554 6B40              stab 0,Y
 1556           L270:
 1556                   .dbline 656
 1556           ; 
 1556           ;                     if ( Multi_Var_ptr == var_cntr && i == MenuStackc[StackPointer].CursorPos && l==0 )
 1556 F60000            ldab _Multi_Var_ptr
 1559 87                clra
 155A ACF031            cpd 49,S
 155D 1826009B          lbne L275
 1561 F60000            ldab _StackPointer
 1564 87                clra
 1565 B746              tfr D,Y
 1567 CC0006            ldd #6
 156A 13                emul
 156B B746              tfr D,Y
 156D CE0004            ldx #_MenuStackc+4
 1570 B764              tfr Y,D
 1572 6E80              stx 0,S
 1574 E380              addd 0,S
 1576 B746              tfr D,Y
 1578 E640              ldab 0,Y
 157A 87                clra
 157B ACF03B            cpd 59,S
 157E 1826007A          lbne L275
 1582 EDF02E            ldy 46,S
 1585 8D0000            cpy #0
 1588 18260070          lbne L275
 158C                   .dbline 657
 158C           ;                                       {
 158C                   .dbline 658
 158C           ;                                                Menu[i][Menuc[k].Pos[i+MenuStackc[StackPointer].FirstLine-1]+j-1] = '>';
 158C F60000            ldab _StackPointer
 158F 87                clra
 1590 B746              tfr D,Y
 1592 CC0006            ldd #6
 1595 13                emul
 1596 B746              tfr D,Y
 1598 CE0005            ldx #_MenuStackc+5
 159B B764              tfr Y,D
 159D 6E80              stx 0,S
 159F E380              addd 0,S
 15A1 B746              tfr D,Y
 15A3 E640              ldab 0,Y
 15A5 87                clra
 15A6 B746              tfr D,Y
 15A8 ECF03B            ldd 59,S
 15AB 6D80              sty 0,S
 15AD E380              addd 0,S
 15AF B746              tfr D,Y
 15B1 03                dey
 15B2 6D8E              sty 14,S
 15B4 EDF037            ldy 55,S
 15B7 CC0137            ldd #311
 15BA 13                emul
 15BB B746              tfr D,Y
 15BD CE0100            ldx #_Menuc+256
 15C0 B764              tfr Y,D
 15C2 6E80              stx 0,S
 15C4 E380              addd 0,S
 15C6 B746              tfr D,Y
 15C8 EC8E              ldd 14,S
 15CA 6D80              sty 0,S
 15CC E380              addd 0,S
 15CE B746              tfr D,Y
 15D0 E640              ldab 0,Y
 15D2 87                clra
 15D3 E3F039            addd 57,S
 15D6 B746              tfr D,Y
 15D8 03                dey
 15D9 6D8C              sty 12,S
 15DB EDF03B            ldy 59,S
 15DE CC0015            ldd #21
 15E1 13                emul
 15E2 B746              tfr D,Y
 15E4 CE0000            ldx #_Menu
 15E7 B764              tfr Y,D
 15E9 6E80              stx 0,S
 15EB E380              addd 0,S
 15ED B746              tfr D,Y
 15EF EC8C              ldd 12,S
 15F1 6D80              sty 0,S
 15F3 E380              addd 0,S
 15F5 B746              tfr D,Y
 15F7 CC003E            ldd #62
 15FA 6B40              stab 0,Y
 15FC                   .dbline 659
 15FC           ;                                       }
 15FC           L275:
 15FC                   .dbline 661
 15FC           ;                     
 15FC           ;                                if ( var->len_str >= 0 )
 15FC ECF033            ldd 51,S
 15FF C30011            addd #17
 1602 B746              tfr D,Y
 1604 E640              ldab 0,Y
 1606 C100              cmpb #0
 1608 2D07              blt L280
 160A                   .dbline 662
 160A           ;                                {    
 160A                   .dbline 663
 160A           ;                                        getstrval ( var );
 160A ECF033            ldd 51,S
 160D 4A058F8F          xcall $_getstrval
 1611                   .dbline 664
 1611           ;                                }
 1611           L280:
 1611                   .dbline 665
 1611           ;                                if ( *(var->str_value+l) ) //if current char of string isn't a NULL
 1611 ECF033            ldd 51,S
 1614 C30012            addd #18
 1617 B746              tfr D,Y
 1619 ECF02E            ldd 46,S
 161C 6D80              sty 0,S
 161E E380              addd 0,S
 1620 B746              tfr D,Y
 1622 E640              ldab 0,Y
 1624 C100              cmpb #0
 1626 1827009D          lbeq L268
 162A                   .dbline 666
 162A           ;                      {
 162A                   .dbline 667
 162A           ;                           Menu[i][Menuc[k].Pos[i+MenuStackc[StackPointer].FirstLine-1]+j] = *(var->str_value+l);
 162A F60000            ldab _StackPointer
 162D 87                clra
 162E B746              tfr D,Y
 1630 CC0006            ldd #6
 1633 13                emul
 1634 B746              tfr D,Y
 1636 CE0005            ldx #_MenuStackc+5
 1639 B764              tfr Y,D
 163B 6E80              stx 0,S
 163D E380              addd 0,S
 163F B746              tfr D,Y
 1641 E640              ldab 0,Y
 1643 87                clra
 1644 B746              tfr D,Y
 1646 ECF03B            ldd 59,S
 1649 6D80              sty 0,S
 164B E380              addd 0,S
 164D B746              tfr D,Y
 164F 03                dey
 1650 6D8A              sty 10,S
 1652 EDF037            ldy 55,S
 1655 CC0137            ldd #311
 1658 13                emul
 1659 B746              tfr D,Y
 165B CE0100            ldx #_Menuc+256
 165E B764              tfr Y,D
 1660 6E80              stx 0,S
 1662 E380              addd 0,S
 1664 B746              tfr D,Y
 1666 EC8A              ldd 10,S
 1668 6D80              sty 0,S
 166A E380              addd 0,S
 166C B746              tfr D,Y
 166E E640              ldab 0,Y
 1670 87                clra
 1671 E3F039            addd 57,S
 1674 6C88              std 8,S
 1676 EDF03B            ldy 59,S
 1679 CC0015            ldd #21
 167C 13                emul
 167D B746              tfr D,Y
 167F CE0000            ldx #_Menu
 1682 B764              tfr Y,D
 1684 6E80              stx 0,S
 1686 E380              addd 0,S
 1688 B746              tfr D,Y
 168A EC88              ldd 8,S
 168C 6D80              sty 0,S
 168E E380              addd 0,S
 1690 B746              tfr D,Y
 1692 6D86              sty 6,S
 1694 ECF033            ldd 51,S
 1697 C30012            addd #18
 169A B745              tfr D,X
 169C ECF02E            ldd 46,S
 169F 6E80              stx 0,S
 16A1 E380              addd 0,S
 16A3 B746              tfr D,Y
 16A5 E640              ldab 0,Y
 16A7 B716              tfr B,Y
 16A9 EE86              ldx 6,S
 16AB B761              tfr Y,B
 16AD 6B00              stab 0,X
 16AF                   .dbline 668
 16AF           ;                      }
 16AF                   .dbline 670
 16AF           ;                      else
 16AF           ;                      {
 16AF                   .dbline 671
 16AF           ;                          break;
 16AF           L283:
 16AF                   .dbline 673
 16AF           ;                      }
 16AF           ;                  }
 16AF           L267:
 16AF                   .dbline 650
 16AF EDF039            ldy 57,S
 16B2 02                iny
 16B3 6DF039            sty 57,S
 16B6 EDF02E            ldy 46,S
 16B9 02                iny
 16BA 6DF02E            sty 46,S
 16BD           L269:
 16BD                   .dbline 650
 16BD EDF039            ldy 57,S
 16C0 8D0014            cpy #20
 16C3 182FFDE1          lble L266
 16C7           L268:
 16C7                   .dbline 674
 16C7           ;                                if (var->next_var)
 16C7 ECF033            ldd 51,S
 16CA C30020            addd #32
 16CD B746              tfr D,Y
 16CF ED40              ldy 0,Y
 16D1 8D0000            cpy #0
 16D4 1827008A          lbeq L286
 16D8                   .dbline 675
 16D8           ;                                {
 16D8                   .dbline 676
 16D8           ;                                        var = var->next_var;
 16D8 EDF033            ldy 51,S
 16DB 19E820            leay 32,Y
 16DE 1AF033            leax 51,S
 16E1 18024000          movw 0,y,0,x
 16E5                   .dbline 677
 16E5           ;                                        Menu[i][Menuc[k].Pos[i+MenuStackc[StackPointer].FirstLine-1]+j] = ' ';
 16E5 F60000            ldab _StackPointer
 16E8 87                clra
 16E9 B746              tfr D,Y
 16EB CC0006            ldd #6
 16EE 13                emul
 16EF B746              tfr D,Y
 16F1 CE0005            ldx #_MenuStackc+5
 16F4 B764              tfr Y,D
 16F6 6E80              stx 0,S
 16F8 E380              addd 0,S
 16FA B746              tfr D,Y
 16FC E640              ldab 0,Y
 16FE 87                clra
 16FF B746              tfr D,Y
 1701 ECF03B            ldd 59,S
 1704 6D80              sty 0,S
 1706 E380              addd 0,S
 1708 B746              tfr D,Y
 170A 03                dey
 170B 6D84              sty 4,S
 170D EDF037            ldy 55,S
 1710 CC0137            ldd #311
 1713 13                emul
 1714 B746              tfr D,Y
 1716 CE0100            ldx #_Menuc+256
 1719 B764              tfr Y,D
 171B 6E80              stx 0,S
 171D E380              addd 0,S
 171F B746              tfr D,Y
 1721 EC84              ldd 4,S
 1723 6D80              sty 0,S
 1725 E380              addd 0,S
 1727 B746              tfr D,Y
 1729 E640              ldab 0,Y
 172B 87                clra
 172C E3F039            addd 57,S
 172F 6C82              std 2,S
 1731 EDF03B            ldy 59,S
 1734 CC0015            ldd #21
 1737 13                emul
 1738 B746              tfr D,Y
 173A CE0000            ldx #_Menu
 173D B764              tfr Y,D
 173F 6E80              stx 0,S
 1741 E380              addd 0,S
 1743 B746              tfr D,Y
 1745 EC82              ldd 2,S
 1747 6D80              sty 0,S
 1749 E380              addd 0,S
 174B B746              tfr D,Y
 174D CC0020            ldd #32
 1750 6B40              stab 0,Y
 1752                   .dbline 678
 1752           ;                                        j++;
 1752 EDF039            ldy 57,S
 1755 02                iny
 1756 6DF039            sty 57,S
 1759                   .dbline 679
 1759           ;                                        var_cntr++;
 1759 EDF031            ldy 49,S
 175C 02                iny
 175D 6DF031            sty 49,S
 1760                   .dbline 680
 1760           ;                                }
 1760 2003              bra L287
 1762           L286:
 1762                   .dbline 682
 1762           ;                                else
 1762           ;                                {
 1762                   .dbline 683
 1762           ;                                    next_flag = 0;
 1762 69F030            clr 48,S
 1765                   .dbline 684
 1765           ;                                }
 1765           L287:
 1765                   .dbline 685
 1765           ;                        }while(next_flag);
 1765           L264:
 1765                   .dbline 685
 1765 E6F030            ldab 48,S
 1768 C100              cmpb #0
 176A 1826FD2E          lbne L263
 176E                   .dbline 686
 176E           ;         }            
 176E           L257:
 176E                   .dbline 687
 176E           ;       }
 176E           L254:
 176E                   .dbline 636
 176E EDF03B            ldy 59,S
 1771 02                iny
 1772 6DF03B            sty 59,S
 1775                   .dbline 636
 1775 8D0008            cpy #8
 1778 182FFC6D          lble L253
 177C                   .dbline -2
 177C           L190:
 177C                   .dbline 0 ; func end
 177C 1BF03F            leas 63,S
 177F 0A                rtc
 1780                   .dbsym l l 46 I
 1780                   .dbsym l next_flag 48 c
 1780                   .dbsym l var_cntr 49 I
 1780                   .dbsym l var 51 pS[menu_var]
 1780                   .dbsym l l 53 I
 1780                   .dbsym l k 55 I
 1780                   .dbsym l j 57 I
 1780                   .dbsym l i 59 I
 1780                   .dbsym l Index 61 pc
 1780                   .dbend
 1780                   .dbfunc e InsertCursor _InsertCursor fV
 1780           $_InsertCursor::
 1780 1B9E              leas -2,S
 1782                   .dbline -1
 1782                   .dbline 691
 1782           ; }
 1782           ; 
 1782           ; void InsertCursor ( void )
 1782           ; {
 1782                   .dbline 693
 1782           ;       //Display Cursor Pointer
 1782           ;     Menu[MenuStackc[StackPointer].CursorPos][0] = '>';
 1782 F60000            ldab _StackPointer
 1785 87                clra
 1786 B746              tfr D,Y
 1788 CC0006            ldd #6
 178B 13                emul
 178C B746              tfr D,Y
 178E CE0004            ldx #_MenuStackc+4
 1791 B764              tfr Y,D
 1793 6E80              stx 0,S
 1795 E380              addd 0,S
 1797 B746              tfr D,Y
 1799 E640              ldab 0,Y
 179B 87                clra
 179C B746              tfr D,Y
 179E CC0015            ldd #21
 17A1 13                emul
 17A2 B746              tfr D,Y
 17A4 CE0000            ldx #_Menu
 17A7 B764              tfr Y,D
 17A9 6E80              stx 0,S
 17AB E380              addd 0,S
 17AD B746              tfr D,Y
 17AF CC003E            ldd #62
 17B2 6B40              stab 0,Y
 17B4                   .dbline -2
 17B4           L290:
 17B4                   .dbline 0 ; func end
 17B4 1B82              leas 2,S
 17B6 0A                rtc
 17B7                   .dbend
 17B7                   .dbfunc e DisplayTitler _DisplayTitler fV
 17B7           ;              l -> 3,SP
 17B7           ;              i -> 5,SP
 17B7           ;              j -> 7,SP
 17B7           ;              k -> 9,SP
 17B7           $_DisplayTitler::
 17B7 1B95              leas -11,S
 17B9                   .dbline -1
 17B9                   .dbline 700
 17B9           ; }     
 17B9           ; 
 17B9           ; #define Disp_Wait_Time1  0.001
 17B9           ; #define Disp_Wait_Time2  0.005
 17B9           ; 
 17B9           ; void DisplayTitler ( void )
 17B9           ; {
 17B9                   .dbline 703
 17B9           ;       int i,j,k,l;
 17B9           ;       
 17B9           ;     PositionDisplay ();
 17B9 4A1A1919          xcall $_PositionDisplay
 17BD                   .dbline 705
 17BD           ; 
 17BD           ;       gTxMsg.ID = WIM_ID;
 17BD 180303100000      movw #784,_gTxMsg
 17C3                   .dbline 706
 17C3           ;       gTxMsg.LEN = 8;
 17C3 180B080002        movb #8,_gTxMsg+2
 17C8                   .dbline 707
 17C8           ;       gTxMsg.BUF[0] = 0;
 17C8 790004            clr _gTxMsg+4
 17CB                   .dbline 708
 17CB           ;       gTxMsg.BUF[1] = 0x02;
 17CB 180B020005        movb #2,_gTxMsg+4+1
 17D0                   .dbline 709
 17D0           ;       gTxMsg.BUF[2] = 'M';
 17D0 180B4D0006        movb #77,_gTxMsg+4+2
 17D5                   .dbline 710
 17D5           ;       gTxMsg.BUF[3] = 'e';
 17D5 180B650007        movb #101,_gTxMsg+4+3
 17DA                   .dbline 711
 17DA           ;       gTxMsg.BUF[4] = 'n';
 17DA 180B6E0008        movb #110,_gTxMsg+4+4
 17DF                   .dbline 712
 17DF           ;       gTxMsg.BUF[5] = 'u';
 17DF 180B750009        movb #117,_gTxMsg+4+5
 17E4                   .dbline 713
 17E4           ;       gTxMsg.BUF[6] = ':';
 17E4 180B3A000A        movb #58,_gTxMsg+4+6
 17E9                   .dbline 714
 17E9           ;       gTxMsg.BUF[7] = 0;
 17E9 79000B            clr _gTxMsg+4+7
 17EC                   .dbline 716
 17EC           ;       
 17EC           ;       if (!MCOHW_PushMessage(&gTxMsg))
 17EC CC0000            ldd #_gTxMsg
 17EF 4A000000          xcall $_MCOHW_PushMessage
 17F3 87                clra
 17F4 C100              cmpb #0
 17F6 2607              bne L309
 17F8                   .dbline 717
 17F8           ;       {
 17F8                   .dbline 719
 17F8           ;         // failed to transmit
 17F8           ;               MCOUSER_FatalError(0x8801);
 17F8 CC8801            ldd #34817
 17FB 4A000000          xcall $_MCOUSER_FatalError
 17FF                   .dbline 720
 17FF           ;     }
 17FF           L309:
 17FF                   .dbline 721
 17FF           ;       Timer1 = RTI_One_Sec * Disp_Wait_Time1;
 17FF 180300000000      movw #0,_Timer1
 1805           L311:
 1805                   .dbline 722
 1805           ;       while ( Timer1 );
 1805           L312:
 1805                   .dbline 722
 1805 FD0000            ldy _Timer1
 1808 8D0000            cpy #0
 180B 26F8              bne L311
 180D                   .dbline 724
 180D           ;       
 180D           ;       for ( i=0;i<=8;i++ )        //9 lines
 180D 1800850000        movw #0,5,S
 1812           L314:
 1812                   .dbline 725
 1812           ;       {
 1812                   .dbline 726
 1812           ;           gTxMsg.ID = WIM_ID;
 1812 180303100000      movw #784,_gTxMsg
 1818                   .dbline 727
 1818           ;               gTxMsg.LEN = 7;
 1818 180B070002        movb #7,_gTxMsg+2
 181D                   .dbline 728
 181D           ;               gTxMsg.BUF[0] = 0;
 181D 790004            clr _gTxMsg+4
 1820                   .dbline 729
 1820           ;               gTxMsg.BUF[6] = 0;
 1820 79000A            clr _gTxMsg+4+6
 1823                   .dbline 730
 1823           ;           for ( j=0;j<=15;j+=5 )
 1823 1800870000        movw #0,7,S
 1828           L322:
 1828                   .dbline 731
 1828           ;               {
 1828                   .dbline 732
 1828           ;           ARMCOP = 0x55;
 1828 180B55003F        movb #85,0x3f
 182D                   .dbline 733
 182D           ;               ARMCOP = 0xAA;
 182D 180BAA003F        movb #170,0x3f
 1832                   .dbline 734
 1832           ;                       for ( k=0;k<=4;k++ )
 1832 1800890000        movw #0,9,S
 1837           L326:
 1837                   .dbline 735
 1837           ;                       {
 1837                   .dbline 736
 1837           ;                       gTxMsg.BUF[k+1] = Menu[i][j+k];
 1837 CC0015            ldd #21
 183A ED85              ldy 5,S
 183C 13                emul
 183D B746              tfr D,Y
 183F CE0000            ldx #_Menu
 1842 B764              tfr Y,D
 1844 6E80              stx 0,S
 1846 E380              addd 0,S
 1848 B746              tfr D,Y
 184A EC87              ldd 7,S
 184C E389              addd 9,S
 184E 6D80              sty 0,S
 1850 E380              addd 0,S
 1852 B746              tfr D,Y
 1854 E640              ldab 0,Y
 1856 6B82              stab 2,S
 1858 EC89              ldd 9,S
 185A CE0005            ldx #_gTxMsg+4+1
 185D 6E80              stx 0,S
 185F E380              addd 0,S
 1861 B746              tfr D,Y
 1863 E682              ldab 2,S
 1865 6B40              stab 0,Y
 1867                   .dbline 737
 1867           ;                       }
 1867           L327:
 1867                   .dbline 734
 1867 ED89              ldy 9,S
 1869 02                iny
 186A 6D89              sty 9,S
 186C                   .dbline 734
 186C 8D0004            cpy #4
 186F 2FC6              ble L326
 1871                   .dbline 738
 1871           ;               if (!MCOHW_PushMessage(&gTxMsg))
 1871 CC0000            ldd #_gTxMsg
 1874 4A000000          xcall $_MCOHW_PushMessage
 1878 87                clra
 1879 C100              cmpb #0
 187B 2607              bne L332
 187D                   .dbline 739
 187D           ;                       {
 187D                   .dbline 741
 187D           ;                 // failed to transmit
 187D           ;                               MCOUSER_FatalError(0x8801);
 187D CC8801            ldd #34817
 1880 4A000000          xcall $_MCOUSER_FatalError
 1884                   .dbline 742
 1884           ;               }
 1884           L332:
 1884                   .dbline 743
 1884           ;                       Timer1 = RTI_One_Sec * Disp_Wait_Time2;
 1884 180300040000      movw #4,_Timer1
 188A           L334:
 188A                   .dbline 744
 188A           ;                       while ( Timer1 );
 188A           L335:
 188A                   .dbline 744
 188A FD0000            ldy _Timer1
 188D 8D0000            cpy #0
 1890 26F8              bne L334
 1892                   .dbline 745
 1892           ;                       l = MCO_ProcessStack();
 1892 4A000000          xcall $_MCO_ProcessStack
 1896 87                clra
 1897 6C83              std 3,S
 1899                   .dbline 746
 1899           ;               }
 1899           L323:
 1899                   .dbline 730
 1899 EC87              ldd 7,S
 189B C30005            addd #5
 189E 6C87              std 7,S
 18A0                   .dbline 730
 18A0 8C000F            cpd #15
 18A3 182FFF81          lble L322
 18A7                   .dbline 747
 18A7           ;               MCO_ProcessStack();
 18A7 4A000000          xcall $_MCO_ProcessStack
 18AB                   .dbline 748
 18AB           ;       }
 18AB           L315:
 18AB                   .dbline 724
 18AB ED85              ldy 5,S
 18AD 02                iny
 18AE 6D85              sty 5,S
 18B0                   .dbline 724
 18B0 8D0008            cpy #8
 18B3 182FFF5B          lble L314
 18B7                   .dbline 750
 18B7           ; 
 18B7           ;       gTxMsg.ID = WIM_ID;
 18B7 180303100000      movw #784,_gTxMsg
 18BD                   .dbline 751
 18BD           ;       gTxMsg.LEN = 3;
 18BD 180B030002        movb #3,_gTxMsg+2
 18C2                   .dbline 752
 18C2           ;       gTxMsg.BUF[0] = 0;
 18C2 790004            clr _gTxMsg+4
 18C5                   .dbline 753
 18C5           ;       gTxMsg.BUF[1] = 0x03;
 18C5 180B030005        movb #3,_gTxMsg+4+1
 18CA                   .dbline 754
 18CA           ;       gTxMsg.BUF[2] = 0;
 18CA 790006            clr _gTxMsg+4+2
 18CD                   .dbline 756
 18CD           ; 
 18CD           ;       if (!MCOHW_PushMessage(&gTxMsg))
 18CD CC0000            ldd #_gTxMsg
 18D0 4A000000          xcall $_MCOHW_PushMessage
 18D4 87                clra
 18D5 C100              cmpb #0
 18D7 2607              bne L343
 18D9                   .dbline 757
 18D9           ;       {
 18D9                   .dbline 759
 18D9           ;         // failed to transmit
 18D9           ;               MCOUSER_FatalError(0x8801);
 18D9 CC8801            ldd #34817
 18DC 4A000000          xcall $_MCOUSER_FatalError
 18E0                   .dbline 760
 18E0           ;     }
 18E0           L343:
 18E0                   .dbline 761
 18E0           ;       Timer1 = RTI_One_Sec * Disp_Wait_Time1;
 18E0 180300000000      movw #0,_Timer1
 18E6           L345:
 18E6                   .dbline 762
 18E6           ;       while ( Timer1 );
 18E6           L346:
 18E6                   .dbline 762
 18E6 FD0000            ldy _Timer1
 18E9 8D0000            cpy #0
 18EC 26F8              bne L345
 18EE                   .dbline -2
 18EE           L292:
 18EE                   .dbline 0 ; func end
 18EE 1B8B              leas 11,S
 18F0 0A                rtc
 18F1                   .dbsym l l 3 I
 18F1                   .dbsym l i 5 I
 18F1                   .dbsym l j 7 I
 18F1                   .dbsym l k 9 I
 18F1                   .dbend
                        .area bss
 0000                   .dbfile C:\Users\vbenton.crtsglobal\Desktop\temp\REV3~1.25\SOURCE~1\Subroutines1.c
 0000           L349:
 0000                   .blkb 2
 0002           L350:
 0002                   .blkb 2
                        .area extcode(paged)
 18F1                   .dbfile C:\Users\vbenton.crtsglobal\Desktop\temp\REV3~1.25\SOURCE~1\Subroutines1.c
 18F1                   .dbfunc e Display _Display fV
 18F1                   .dbsym s j L350 I
 18F1                   .dbsym s i L349 I
 18F1           ;           buff -> 4,SP
 18F1           $_Display::
 18F1 3B                pshd
 18F2 1B9C              leas -4,S
 18F4                   .dbline -1
 18F4                   .dbline 767
 18F4           ; 
 18F4           ; }
 18F4           ; 
 18F4           ; void Display(char buff[27])
 18F4           ; {
 18F4                   .dbline 770
 18F4           ;     static int i,j;
 18F4           ;     
 18F4           ;     gTxMsg.ID = WIM_ID;
 18F4 180303100000      movw #784,_gTxMsg
 18FA                   .dbline 771
 18FA           ;     gTxMsg.LEN = 8;
 18FA 180B080002        movb #8,_gTxMsg+2
 18FF                   .dbline 772
 18FF           ;     gTxMsg.BUF[0] = NODE_ID; //not sent
 18FF 180B480004        movb #72,_gTxMsg+4
 1904                   .dbline 773
 1904           ;     gTxMsg.BUF[1] = 0x02; //starting w/ Rev 2.0, <STX> indicates beginning of command
 1904 180B020005        movb #2,_gTxMsg+4+1
 1909                   .dbline 775
 1909           ;     
 1909           ;     for (i=0; i<=5; i++)
 1909 180300000000      movw #0,L349
 190F           L355:
 190F                   .dbline 776
 190F           ;     {
 190F                   .dbline 777
 190F           ;         gTxMsg.BUF[i+2] = buff[i];
 190F FC0000            ldd L349
 1912 CD0006            ldy #_gTxMsg+4+2
 1915 6D80              sty 0,S
 1917 E380              addd 0,S
 1919 B746              tfr D,Y
 191B FC0000            ldd L349
 191E E384              addd 4,S
 1920 B745              tfr D,X
 1922 E600              ldab 0,X
 1924 6B40              stab 0,Y
 1926                   .dbline 778
 1926           ;     }
 1926           L356:
 1926                   .dbline 775
 1926 FD0000            ldy L349
 1929 02                iny
 192A 7D0000            sty L349
 192D                   .dbline 775
 192D FD0000            ldy L349
 1930 8D0005            cpy #5
 1933 2FDA              ble L355
 1935                   .dbline 780
 1935           ;     
 1935           ;     if (!MCOHW_PushMessage(&gTxMsg))
 1935 CC0000            ldd #_gTxMsg
 1938 4A000000          xcall $_MCOHW_PushMessage
 193C 87                clra
 193D C100              cmpb #0
 193F 2607              bne L361
 1941                   .dbline 781
 1941           ;         MCOUSER_FatalError(0x8801);
 1941 CC8801            ldd #34817
 1944 4A000000          xcall $_MCOUSER_FatalError
 1948           L361:
 1948                   .dbline 783
 1948           ;     
 1948           ;     Timer1 = RTI_One_Sec * Disp_Wait_Time1;
 1948 180300000000      movw #0,_Timer1
 194E           L363:
 194E                   .dbline 784
 194E           ;     while ( Timer1 );
 194E           L364:
 194E                   .dbline 784
 194E FD0000            ldy _Timer1
 1951 8D0000            cpy #0
 1954 26F8              bne L363
 1956                   .dbline 786
 1956           ;     
 1956           ;     gTxMsg.BUF[0] = NODE_ID; 
 1956 180B480004        movb #72,_gTxMsg+4
 195B                   .dbline 788
 195B           ;     
 195B           ;     for (i=6; i<strlen(buff); i+=7)
 195B 180300060000      movw #6,L349
 1961 2069              bra L370
 1963           L367:
 1963                   .dbline 789
 1963           ;     {
 1963                   .dbline 790
 1963           ;         if (i >= 27)
 1963 FD0000            ldy L349
 1966 8D001B            cpy #27
 1969 2D04              blt L371
 196B                   .dbline 791
 196B           ;             break;
 196B 1820006E          lbra L369
 196F           L371:
 196F                   .dbline 793
 196F           ;         
 196F           ;         for (j=0; j<=6; j++)
 196F 180300000002      movw #0,L350
 1975           L373:
 1975                   .dbline 794
 1975           ;         {
 1975                   .dbline 795
 1975           ;             gTxMsg.BUF[j+1] = buff[i+j]; //6-12; 13-19; 14-20
 1975 FC0002            ldd L350
 1978 CD0005            ldy #_gTxMsg+4+1
 197B 6D80              sty 0,S
 197D E380              addd 0,S
 197F B746              tfr D,Y
 1981 FC0000            ldd L349
 1984 F30002            addd L350
 1987 E384              addd 4,S
 1989 B745              tfr D,X
 198B E600              ldab 0,X
 198D 6B40              stab 0,Y
 198F                   .dbline 796
 198F           ;         }
 198F           L374:
 198F                   .dbline 793
 198F FD0002            ldy L350
 1992 02                iny
 1993 7D0002            sty L350
 1996                   .dbline 793
 1996 FD0002            ldy L350
 1999 8D0006            cpy #6
 199C 2FD7              ble L373
 199E                   .dbline 798
 199E           ;         
 199E           ;         if (!MCOHW_PushMessage(&gTxMsg))
 199E CC0000            ldd #_gTxMsg
 19A1 4A000000          xcall $_MCOHW_PushMessage
 19A5 87                clra
 19A6 C100              cmpb #0
 19A8 2607              bne L379
 19AA                   .dbline 799
 19AA           ;             MCOUSER_FatalError(0x8801);
 19AA CC8801            ldd #34817
 19AD 4A000000          xcall $_MCOUSER_FatalError
 19B1           L379:
 19B1                   .dbline 801
 19B1           ;         
 19B1           ;         Timer1 = RTI_One_Sec * Disp_Wait_Time2;
 19B1 180300040000      movw #4,_Timer1
 19B7           L381:
 19B7                   .dbline 802
 19B7           ;         while ( Timer1 );
 19B7           L382:
 19B7                   .dbline 802
 19B7 FD0000            ldy _Timer1
 19BA 8D0000            cpy #0
 19BD 26F8              bne L381
 19BF                   .dbline 804
 19BF           ;         
 19BF           ;         MCO_ProcessStack();
 19BF 4A000000          xcall $_MCO_ProcessStack
 19C3                   .dbline 805
 19C3           ;     }
 19C3           L368:
 19C3                   .dbline 788
 19C3 FC0000            ldd L349
 19C6 C30007            addd #7
 19C9 7C0000            std L349
 19CC           L370:
 19CC                   .dbline 788
 19CC EC84              ldd 4,S
 19CE 4A000000          xcall $_strlen
 19D2 6C82              std 2,S
 19D4 FD0000            ldy L349
 19D7 AD82              cpy 2,S
 19D9 1825FF86          lblo L367
 19DD           L369:
 19DD                   .dbline 807
 19DD           ;     
 19DD           ;     gTxMsg.ID = WIM_ID;
 19DD 180303100000      movw #784,_gTxMsg
 19E3                   .dbline 808
 19E3           ;     gTxMsg.LEN = 3;
 19E3 180B030002        movb #3,_gTxMsg+2
 19E8                   .dbline 809
 19E8           ;     gTxMsg.BUF[0] = NODE_ID;
 19E8 180B480004        movb #72,_gTxMsg+4
 19ED                   .dbline 810
 19ED           ;     gTxMsg.BUF[1] = 0x03;
 19ED 180B030005        movb #3,_gTxMsg+4+1
 19F2                   .dbline 811
 19F2           ;     gTxMsg.BUF[2] = 0;
 19F2 790006            clr _gTxMsg+4+2
 19F5                   .dbline 813
 19F5           ;     
 19F5           ;     if (!MCOHW_PushMessage(&gTxMsg))
 19F5 CC0000            ldd #_gTxMsg
 19F8 4A000000          xcall $_MCOHW_PushMessage
 19FC 87                clra
 19FD C100              cmpb #0
 19FF 2607              bne L390
 1A01                   .dbline 814
 1A01           ;         MCOUSER_FatalError(0x8801);
 1A01 CC8801            ldd #34817
 1A04 4A000000          xcall $_MCOUSER_FatalError
 1A08           L390:
 1A08                   .dbline 816
 1A08           ;     
 1A08           ;     Timer1 = RTI_One_Sec * Disp_Wait_Time1;
 1A08 180300000000      movw #0,_Timer1
 1A0E           L392:
 1A0E                   .dbline 817
 1A0E           ;     while ( Timer1 );
 1A0E           L393:
 1A0E                   .dbline 817
 1A0E FD0000            ldy _Timer1
 1A11 8D0000            cpy #0
 1A14 26F8              bne L392
 1A16                   .dbline -2
 1A16           L348:
 1A16                   .dbline 0 ; func end
 1A16 1B86              leas 6,S
 1A18 0A                rtc
 1A19                   .dbsym l buff 4 pc
 1A19                   .dbend
 1A19                   .dbfunc e PositionDisplay _PositionDisplay fV
 1A19           $_PositionDisplay::
 1A19                   .dbline -1
 1A19                   .dbline 822
 1A19           ;     
 1A19           ; }
 1A19           ; 
 1A19           ; void PositionDisplay ( void )
 1A19           ; {
 1A19                   .dbline 823
 1A19           ;       gTxMsg.ID = WIM_ID;
 1A19 180303100000      movw #784,_gTxMsg
 1A1F                   .dbline 824
 1A1F           ;       gTxMsg.LEN = 8;
 1A1F 180B080002        movb #8,_gTxMsg+2
 1A24                   .dbline 825
 1A24           ;       gTxMsg.BUF[0] = 0;
 1A24 790004            clr _gTxMsg+4
 1A27                   .dbline 826
 1A27           ;       gTxMsg.BUF[1] = 0x02;
 1A27 180B020005        movb #2,_gTxMsg+4+1
 1A2C                   .dbline 827
 1A2C           ;       gTxMsg.BUF[2] = 'H';
 1A2C 180B480006        movb #72,_gTxMsg+4+2
 1A31                   .dbline 828
 1A31           ;       gTxMsg.BUF[3] = 'o';
 1A31 180B6F0007        movb #111,_gTxMsg+4+3
 1A36                   .dbline 829
 1A36           ;       gTxMsg.BUF[4] = 'm';
 1A36 180B6D0008        movb #109,_gTxMsg+4+4
 1A3B                   .dbline 830
 1A3B           ;       gTxMsg.BUF[5] = 'e';
 1A3B 180B650009        movb #101,_gTxMsg+4+5
 1A40                   .dbline 831
 1A40           ;       gTxMsg.BUF[6] = ':';
 1A40 180B3A000A        movb #58,_gTxMsg+4+6
 1A45                   .dbline 832
 1A45           ;       gTxMsg.BUF[7] = 0x03;
 1A45 180B03000B        movb #3,_gTxMsg+4+7
 1A4A                   .dbline 834
 1A4A           ;       
 1A4A           ;       if (!MCOHW_PushMessage(&gTxMsg))
 1A4A CC0000            ldd #_gTxMsg
 1A4D 4A000000          xcall $_MCOHW_PushMessage
 1A51 87                clra
 1A52 C100              cmpb #0
 1A54 2607              bne L412
 1A56                   .dbline 835
 1A56           ;       {
 1A56                   .dbline 837
 1A56           ;         // failed to transmit
 1A56           ;               MCOUSER_FatalError(0x8801);
 1A56 CC8801            ldd #34817
 1A59 4A000000          xcall $_MCOUSER_FatalError
 1A5D                   .dbline 838
 1A5D           ;     }
 1A5D           L412:
 1A5D                   .dbline 839
 1A5D           ;       Timer1 = RTI_One_Sec * Disp_Wait_Time1;
 1A5D 180300000000      movw #0,_Timer1
 1A63           L414:
 1A63                   .dbline 840
 1A63           ;       while ( Timer1 );
 1A63           L415:
 1A63                   .dbline 840
 1A63 FD0000            ldy _Timer1
 1A66 8D0000            cpy #0
 1A69 26F8              bne L414
 1A6B                   .dbline -2
 1A6B           L395:
 1A6B                   .dbline 0 ; func end
 1A6B 0A                rtc
 1A6C                   .dbend
 1A6C                   .dbfunc e ClearTitler _ClearTitler fV
 1A6C                   .dbstruct 0 12 .1
 1A6C                   .dbfield 0 ID i
 1A6C                   .dbfield 2 LEN c
 1A6C                   .dbfield 3 dummy32bit c
 1A6C                   .dbfield 4 BUF A[8:8]c
 1A6C                   .dbend
 1A6C           ;              i -> 0,SP
 1A6C           ;         pTxMsg -> 2,SP
 1A6C           ;         gTxMsg -> 4,SP
 1A6C           $_ClearTitler::
 1A6C 1B90              leas -16,S
 1A6E                   .dbline -1
 1A6E                   .dbline 844
 1A6E           ; }
 1A6E           ; 
 1A6E           ; void ClearTitler ( void )
 1A6E           ; {
 1A6E                   .dbline 847
 1A6E           ;     int i;
 1A6E           ;       CAN_MSG gTxMsg;
 1A6E           ;       CAN_MSG *pTxMsg = &gTxMsg;
 1A6E 1984              leay 4,S
 1A70 6D82              sty 2,S
 1A72                   .dbline 849
 1A72           ; 
 1A72           ;       gTxMsg.ID = WIM_ID;
 1A72 1800840310        movw #784,4,S
 1A77                   .dbline 850
 1A77           ;       gTxMsg.LEN = 8;
 1A77 18088608          movb #8,6,S
 1A7B                   .dbline 851
 1A7B           ;       gTxMsg.BUF[0] = 0;
 1A7B 6988              clr 8,S
 1A7D                   .dbline 852
 1A7D           ;       gTxMsg.BUF[1] = 0x02;
 1A7D 18088902          movb #2,9,S
 1A81                   .dbline 853
 1A81           ;       gTxMsg.BUF[2] = 'C';
 1A81 18088A43          movb #67,10,S
 1A85                   .dbline 854
 1A85           ;       gTxMsg.BUF[3] = 'l';
 1A85 18088B6C          movb #108,11,S
 1A89                   .dbline 855
 1A89           ;       gTxMsg.BUF[4] = 'r';
 1A89 18088C72          movb #114,12,S
 1A8D                   .dbline 856
 1A8D           ;       gTxMsg.BUF[5] = ':';
 1A8D 18088D3A          movb #58,13,S
 1A91                   .dbline 857
 1A91           ;       gTxMsg.BUF[6] = 0x03;
 1A91 18088E03          movb #3,14,S
 1A95                   .dbline 858
 1A95           ;       gTxMsg.BUF[7] = 0;       //bogus place-holder character, RF will not transmit null
 1A95 698F              clr 15,S
 1A97                   .dbline 861
 1A97           ; 
 1A97           ;       
 1A97           ;       if (!MCOHW_PushMessage(&gTxMsg))
 1A97 1984              leay 4,S
 1A99 B764              tfr Y,D
 1A9B 4A000000          xcall $_MCOHW_PushMessage
 1A9F 87                clra
 1AA0 C100              cmpb #0
 1AA2 2607              bne L434
 1AA4                   .dbline 862
 1AA4           ;       {
 1AA4                   .dbline 864
 1AA4           ;         // failed to transmit
 1AA4           ;               MCOUSER_FatalError(0x8801);
 1AA4 CC8801            ldd #34817
 1AA7 4A000000          xcall $_MCOUSER_FatalError
 1AAB                   .dbline 865
 1AAB           ;     }
 1AAB           L434:
 1AAB                   .dbline 866
 1AAB           ;       Timer1 = RTI_One_Sec * Disp_Wait_Time1;
 1AAB 180300000000      movw #0,_Timer1
 1AB1           L436:
 1AB1                   .dbline 867
 1AB1           ;       while ( Timer1 );
 1AB1           L437:
 1AB1                   .dbline 867
 1AB1 FD0000            ldy _Timer1
 1AB4 8D0000            cpy #0
 1AB7 26F8              bne L436
 1AB9                   .dbline -2
 1AB9           L417:
 1AB9                   .dbline 0 ; func end
 1AB9 1BF010            leas 16,S
 1ABC 0A                rtc
 1ABD                   .dbsym l i 0 I
 1ABD                   .dbsym l pTxMsg 2 pS[.1]
 1ABD                   .dbsym l gTxMsg 4 S[.1]
 1ABD                   .dbend
 1ABD                   .dbfunc e menu_function _menu_function fI
 1ABD           ; CamAddressXmitd -> 6,SP
 1ABD           ;              i -> 7,SP
 1ABD           $_menu_function::
 1ABD 1B97              leas -9,S
 1ABF                   .dbline -1
 1ABF                   .dbline 873
 1ABF           ; 
 1ABF           ; }
 1ABF           ; 
 1ABF           ; 
 1ABF           ; int menu_function (void)
 1ABF           ; {
 1ABF                   .dbline 878
 1ABF           ;     int i;
 1ABF           ;       
 1ABF           ;     char CamAddressXmitd;
 1ABF           ; 
 1ABF           ;     if ( TC0_RCVD_Data != ( gProcImg[OUT_digi_2]<<8 | gProcImg[OUT_digi_1] ) )
 1ABF F60010            ldab _gProcImg+16
 1AC2 B714              tfr B,D
 1AC4 B710              tfr B,A
 1AC6 F6000F            ldab _gProcImg+15
 1AC9 BC0000            cpd _TC0_RCVD_Data
 1ACC 270D              beq L440
 1ACE                   .dbline 879
 1ACE           ;     {
 1ACE                   .dbline 880
 1ACE           ;         TC0_RCVD_Data = gProcImg[OUT_digi_2]<<8 | gProcImg[OUT_digi_1];
 1ACE F60010            ldab _gProcImg+16
 1AD1 B714              tfr B,D
 1AD3 B710              tfr B,A
 1AD5 F6000F            ldab _gProcImg+15
 1AD8 7C0000            std _TC0_RCVD_Data
 1ADB                   .dbline 883
 1ADB           ; //        if ( MenuTimer < MenuTime )   
 1ADB           ; //           MenuTimer = 0;
 1ADB           ;     }
 1ADB           L440:
 1ADB                   .dbline 885
 1ADB           ; 
 1ADB           ;     if ( gProcImg[OUT_digi_0] & 0x01 && !(Gen_Flags & Gen_Flags_Menu_Active) )
 1ADB 1F000E0102        brclr _gProcImg+14,#1,X0
 1AE0 2004              bra X1
 1AE2 182000F9  X0: lbra L446
 1AE6           X1:
 1AE6 F60000            ldab _Gen_Flags
 1AE9 C540              bitb #64
 1AEB 182600F0          lbne L446
 1AEF                   .dbline 886
 1AEF           ;     {
 1AEF                   .dbline 893
 1AEF           ; /*        Timer1 = RTI_One_Sec * .10;
 1AEF           ;         while ( Timer1 );
 1AEF           ;         gProcImg[IN_digi_0] |= 0x01;
 1AEF           ;         i = MCO_ProcessStack();
 1AEF           ;         Timer1 = RTI_One_Sec * .10;
 1AEF           ;         while ( Timer1 );*/  
 1AEF           ;         MenuTimer = MenuTime * 2;
 1AEF 180301E80000      movw #488,_MenuTimer
 1AF5                   .dbline 895
 1AF5           ;       
 1AF5           ;         gProcImg[OUT_digi_0] &= ~0x01;
 1AF5 1D000E01          bclr _gProcImg+14,#1
 1AF9                   .dbline 897
 1AF9           ;               
 1AF9           ;         StackPointer = 0;
 1AF9 790000            clr _StackPointer
 1AFC                   .dbline 898
 1AFC           ;         MenuStackc[StackPointer].Index[0] = 0;
 1AFC F60000            ldab _StackPointer
 1AFF 87                clra
 1B00 B746              tfr D,Y
 1B02 CC0006            ldd #6
 1B05 13                emul
 1B06 B746              tfr D,Y
 1B08 CE0000            ldx #_MenuStackc
 1B0B B764              tfr Y,D
 1B0D 6E80              stx 0,S
 1B0F E380              addd 0,S
 1B11 B746              tfr D,Y
 1B13 CC0000            ldd #0
 1B16 6B40              stab 0,Y
 1B18                   .dbline 899
 1B18           ;         MenuStackc[StackPointer].Index[1] = 0;
 1B18 F60000            ldab _StackPointer
 1B1B 87                clra
 1B1C B746              tfr D,Y
 1B1E CC0006            ldd #6
 1B21 13                emul
 1B22 B746              tfr D,Y
 1B24 CE0001            ldx #_MenuStackc+1
 1B27 B764              tfr Y,D
 1B29 6E80              stx 0,S
 1B2B E380              addd 0,S
 1B2D B746              tfr D,Y
 1B2F CC0000            ldd #0
 1B32 6B40              stab 0,Y
 1B34                   .dbline 900
 1B34           ;         MenuStackc[StackPointer].Index[2] = 0;
 1B34 F60000            ldab _StackPointer
 1B37 87                clra
 1B38 B746              tfr D,Y
 1B3A CC0006            ldd #6
 1B3D 13                emul
 1B3E B746              tfr D,Y
 1B40 CE0002            ldx #_MenuStackc+2
 1B43 B764              tfr Y,D
 1B45 6E80              stx 0,S
 1B47 E380              addd 0,S
 1B49 B746              tfr D,Y
 1B4B CC0000            ldd #0
 1B4E 6B40              stab 0,Y
 1B50                   .dbline 901
 1B50           ;         MenuStackc[StackPointer].Index[3] = 0;
 1B50 F60000            ldab _StackPointer
 1B53 87                clra
 1B54 B746              tfr D,Y
 1B56 CC0006            ldd #6
 1B59 13                emul
 1B5A B746              tfr D,Y
 1B5C CE0003            ldx #_MenuStackc+3
 1B5F B764              tfr Y,D
 1B61 6E80              stx 0,S
 1B63 E380              addd 0,S
 1B65 B746              tfr D,Y
 1B67 CC0000            ldd #0
 1B6A 6B40              stab 0,Y
 1B6C                   .dbline 902
 1B6C           ;         MenuStackc[StackPointer].CursorPos = 1;
 1B6C F60000            ldab _StackPointer
 1B6F 87                clra
 1B70 B746              tfr D,Y
 1B72 CC0006            ldd #6
 1B75 13                emul
 1B76 B746              tfr D,Y
 1B78 CE0004            ldx #_MenuStackc+4
 1B7B B764              tfr Y,D
 1B7D 6E80              stx 0,S
 1B7F E380              addd 0,S
 1B81 B746              tfr D,Y
 1B83 CC0001            ldd #1
 1B86 6B40              stab 0,Y
 1B88                   .dbline 903
 1B88           ;         MenuStackc[StackPointer].FirstLine = 0;
 1B88 F60000            ldab _StackPointer
 1B8B 87                clra
 1B8C B746              tfr D,Y
 1B8E CC0006            ldd #6
 1B91 13                emul
 1B92 B746              tfr D,Y
 1B94 CE0005            ldx #_MenuStackc+5
 1B97 B764              tfr Y,D
 1B99 6E80              stx 0,S
 1B9B E380              addd 0,S
 1B9D B746              tfr D,Y
 1B9F CC0000            ldd #0
 1BA2 6B40              stab 0,Y
 1BA4                   .dbline 904
 1BA4           ;         Gen_Flags |= Gen_Flags_Menu_Active;
 1BA4 1C000040          bset _Gen_Flags,#64
 1BA8                   .dbline 906
 1BA8           ;         
 1BA8           ;         LoadMenu ( MenuStackc[StackPointer].Index );
 1BA8 F60000            ldab _StackPointer
 1BAB 87                clra
 1BAC B746              tfr D,Y
 1BAE CC0006            ldd #6
 1BB1 13                emul
 1BB2 B746              tfr D,Y
 1BB4 CE0000            ldx #_MenuStackc
 1BB7 B764              tfr Y,D
 1BB9 6E80              stx 0,S
 1BBB E380              addd 0,S
 1BBD 4A0F8484          xcall $_LoadMenu
 1BC1                   .dbline 907
 1BC1           ;         InsertCursor ();
 1BC1 4A178080          xcall $_InsertCursor
 1BC5                   .dbline 909
 1BC5           ; //        DisplayTitler ();                   
 1BC5           ;               UpdateMenu = 1;
 1BC5 180B010000        movb #1,_UpdateMenu
 1BCA                   .dbline 911
 1BCA           ; //        TC0_RCVD_Data &= ~0x07;  //Make sure up/down/select not active
 1BCA           ;               AcceptKeys = 0;
 1BCA 790005            clr _AcceptKeys
 1BCD                   .dbline 912
 1BCD           ;         CursorDownFlag = 0;
 1BCD 790008            clr _CursorDownFlag
 1BD0                   .dbline 913
 1BD0           ;         CursorUpFlag = 0;
 1BD0 790007            clr _CursorUpFlag
 1BD3                   .dbline 914
 1BD3           ;         SelectFlag = -1;
 1BD3 180BFF0006        movb #255,_SelectFlag
 1BD8                   .dbline 915
 1BD8           ;               Send_Menu_Status (0x01);
 1BD8 CC0001            ldd #1
 1BDB 4A1D7373          xcall $_Send_Menu_Status
 1BDF                   .dbline 918
 1BDF           ;         
 1BDF           ;         //gProcImg[IN_digi_0] |= 0x01;
 1BDF           ;     }
 1BDF           L446:
 1BDF                   .dbline 920
 1BDF           ; 
 1BDF           ;       if (AcceptKeys)
 1BDF F60005            ldab _AcceptKeys
 1BE2 C100              cmpb #0
 1BE4 18270090          lbeq L455
 1BE8                   .dbline 921
 1BE8           ;       {
 1BE8                   .dbline 922
 1BE8           ;       if ( ( TC0_RCVD_Data & TeleData_CamTog1 ) && CursorDownFlag == 0 )
 1BE8 FC0000            ldd _TC0_RCVD_Data
 1BEB 8400              anda #0
 1BED C401              andb #1
 1BEF 8C0000            cpd #0
 1BF2 270E              beq L457
 1BF4 F60008            ldab _CursorDownFlag
 1BF7 C100              cmpb #0
 1BF9 2607              bne L457
 1BFB                   .dbline 923
 1BFB           ;               CursorDownFlag = 1;
 1BFB 180B010008        movb #1,_CursorDownFlag
 1C00 2016              bra L458
 1C02           L457:
 1C02                   .dbline 924
 1C02           ;       else if ( CursorDownFlag == -1 && !( TC0_RCVD_Data & TeleData_CamTog1 ) )
 1C02 F60008            ldab _CursorDownFlag
 1C05 C1FF              cmpb #65535
 1C07 260F              bne L459
 1C09 FC0000            ldd _TC0_RCVD_Data
 1C0C 8400              anda #0
 1C0E C401              andb #1
 1C10 8C0000            cpd #0
 1C13 2603              bne L459
 1C15                   .dbline 925
 1C15           ;               CursorDownFlag = 0;
 1C15 790008            clr _CursorDownFlag
 1C18           L459:
 1C18           L458:
 1C18                   .dbline 927
 1C18           ;     
 1C18           ;       if ( ( TC0_RCVD_Data &  TeleData_CamTog2 ) && CursorUpFlag == 0 )
 1C18 FC0000            ldd _TC0_RCVD_Data
 1C1B 8400              anda #0
 1C1D C402              andb #2
 1C1F 8C0000            cpd #0
 1C22 270E              beq L461
 1C24 F60007            ldab _CursorUpFlag
 1C27 C100              cmpb #0
 1C29 2607              bne L461
 1C2B                   .dbline 928
 1C2B           ;               CursorUpFlag = 1;
 1C2B 180B010007        movb #1,_CursorUpFlag
 1C30 2016              bra L462
 1C32           L461:
 1C32                   .dbline 929
 1C32           ;       else if ( CursorUpFlag == -1 && !( TC0_RCVD_Data & TeleData_CamTog2 ) )
 1C32 F60007            ldab _CursorUpFlag
 1C35 C1FF              cmpb #65535
 1C37 260F              bne L463
 1C39 FC0000            ldd _TC0_RCVD_Data
 1C3C 8400              anda #0
 1C3E C402              andb #2
 1C40 8C0000            cpd #0
 1C43 2603              bne L463
 1C45                   .dbline 930
 1C45           ;               CursorUpFlag = 0;
 1C45 790007            clr _CursorUpFlag
 1C48           L463:
 1C48           L462:
 1C48                   .dbline 932
 1C48           ;     
 1C48           ;       if ( ( TC0_RCVD_Data & TeleData_PLCTrig ) && SelectFlag == 0 )
 1C48 FC0000            ldd _TC0_RCVD_Data
 1C4B 8400              anda #0
 1C4D C404              andb #4
 1C4F 8C0000            cpd #0
 1C52 270E              beq L465
 1C54 F60006            ldab _SelectFlag
 1C57 C100              cmpb #0
 1C59 2607              bne L465
 1C5B                   .dbline 933
 1C5B           ;               SelectFlag = 1;
 1C5B 180B010006        movb #1,_SelectFlag
 1C60 2016              bra L466
 1C62           L465:
 1C62                   .dbline 934
 1C62           ;       else if ( SelectFlag == -1 && !( TC0_RCVD_Data & TeleData_PLCTrig ) )
 1C62 F60006            ldab _SelectFlag
 1C65 C1FF              cmpb #65535
 1C67 260F              bne L467
 1C69 FC0000            ldd _TC0_RCVD_Data
 1C6C 8400              anda #0
 1C6E C404              andb #4
 1C70 8C0000            cpd #0
 1C73 2603              bne L467
 1C75                   .dbline 935
 1C75           ;               SelectFlag = 0;
 1C75 790006            clr _SelectFlag
 1C78           L467:
 1C78           L466:
 1C78                   .dbline 936
 1C78           ;       }
 1C78           L455:
 1C78                   .dbline 938
 1C78           ;       
 1C78           ;       if ( !MenuTimer )
 1C78 FD0000            ldy _MenuTimer
 1C7B 8D0000            cpy #0
 1C7E 182600E1          lbne L469
 1C82                   .dbline 939
 1C82           ;       {
 1C82                   .dbline 940
 1C82           ;               MenuTimer = (InProcess ? MenuTime*2.5 : MenuTime);
 1C82 F60004            ldab _InProcess
 1C85 C100              cmpb #0
 1C87 270C              beq L472
 1C89 1800824418        movw #17432,2,S
 1C8E 1800848000        movw #32768,4,S
 1C93 200A              bra L473
 1C95           L472:
 1C95 1800824374        movw #17268,2,S
 1C9A 1800840000        movw #0,4,S
 1C9F           L473:
 1C9F EC84              ldd 4,S
 1CA1 3B                pshd
 1CA2 EC84              ldd 4,S
 1CA4 3B                pshd
 1CA5 160000            jsr fp2int
 1CA8 7C0000            std _MenuTimer
 1CAB                   .dbline 941
 1CAB           ;               AcceptKeys = 1;
 1CAB 180B010005        movb #1,_AcceptKeys
 1CB0                   .dbline 943
 1CB0           ;               
 1CB0           ;               if ( Gen_Flags & Gen_Flags_Menu_Active )
 1CB0 1F00004002        brclr _Gen_Flags,#64,X2
 1CB5 2004              bra X3
 1CB7 1820006B  X2: lbra L474
 1CBB           X3:
 1CBB                   .dbline 944
 1CBB           ;               {
 1CBB                   .dbline 945
 1CBB           ;                       if ( CursorDownFlag )
 1CBB F60008            ldab _CursorDownFlag
 1CBE C100              cmpb #0
 1CC0 2709              beq L476
 1CC2                   .dbline 946
 1CC2           ;                       {
 1CC2                   .dbline 947
 1CC2           ;                               CursorDownFlag = -1;
 1CC2 180BFF0008        movb #255,_CursorDownFlag
 1CC7                   .dbline 948
 1CC7           ;                               CursorDown ();                          
 1CC7 4A035656          xcall $_CursorDown
 1CCB                   .dbline 949
 1CCB           ;                       }
 1CCB           L476:
 1CCB                   .dbline 950
 1CCB           ;                       if ( CursorUpFlag )
 1CCB F60007            ldab _CursorUpFlag
 1CCE C100              cmpb #0
 1CD0 2709              beq L478
 1CD2                   .dbline 951
 1CD2           ;                       {
 1CD2                   .dbline 952
 1CD2           ;                               CursorUpFlag = -1;
 1CD2 180BFF0007        movb #255,_CursorUpFlag
 1CD7                   .dbline 953
 1CD7           ;                               CursorUp ();                    
 1CD7 4A02E9E9          xcall $_CursorUp
 1CDB                   .dbline 954
 1CDB           ;                       }                        
 1CDB           L478:
 1CDB                   .dbline 955
 1CDB           ;                       if ( SelectFlag == 1)
 1CDB F60006            ldab _SelectFlag
 1CDE C101              cmpb #1
 1CE0 2612              bne L480
 1CE2                   .dbline 956
 1CE2           ;                       {
 1CE2                   .dbline 957
 1CE2           ;                               MenuTimer = MenuTime * 2; //briefly disable select after menu is selected
 1CE2 180301E80000      movw #488,_MenuTimer
 1CE8                   .dbline 958
 1CE8           ;                               SelectFlag = -1;
 1CE8 180BFF0006        movb #255,_SelectFlag
 1CED                   .dbline 959
 1CED           ;                               AcceptKeys = 0;
 1CED 790005            clr _AcceptKeys
 1CF0                   .dbline 960
 1CF0           ;                               Select ();                                              
 1CF0 4A0B7D7D          xcall $_Select
 1CF4                   .dbline 961
 1CF4           ;                       }
 1CF4           L480:
 1CF4                   .dbline 962
 1CF4           ;                       if ( UpdateMenu )
 1CF4 F60000            ldab _UpdateMenu
 1CF7 C100              cmpb #0
 1CF9 272B              beq L482
 1CFB                   .dbline 963
 1CFB           ;                       {
 1CFB                   .dbline 964
 1CFB           ;                               LoadMenu ( MenuStackc[StackPointer].Index );
 1CFB F60000            ldab _StackPointer
 1CFE 87                clra
 1CFF B746              tfr D,Y
 1D01 CC0006            ldd #6
 1D04 13                emul
 1D05 B746              tfr D,Y
 1D07 CE0000            ldx #_MenuStackc
 1D0A B764              tfr Y,D
 1D0C 6E80              stx 0,S
 1D0E E380              addd 0,S
 1D10 4A0F8484          xcall $_LoadMenu
 1D14                   .dbline 965
 1D14           ;                               if ( !Variable_flag )
 1D14 F60000            ldab _Variable_flag
 1D17 C100              cmpb #0
 1D19 2604              bne L484
 1D1B                   .dbline 966
 1D1B           ;                                       InsertCursor ();
 1D1B 4A178080          xcall $_InsertCursor
 1D1F           L484:
 1D1F                   .dbline 967
 1D1F           ;                               DisplayTitler ();
 1D1F 4A17B7B7          xcall $_DisplayTitler
 1D23                   .dbline 968
 1D23           ;                               UpdateMenu = 0;
 1D23 790000            clr _UpdateMenu
 1D26                   .dbline 969
 1D26           ;                       }
 1D26           L482:
 1D26                   .dbline 970
 1D26           ;               }
 1D26           L474:
 1D26                   .dbline 972
 1D26           ;       
 1D26           ;         if ( UpdateMenu )
 1D26 F60000            ldab _UpdateMenu
 1D29 C100              cmpb #0
 1D2B 2736              beq L486
 1D2D                   .dbline 973
 1D2D           ;         {
 1D2D                   .dbline 974
 1D2D           ;             if ( Gen_Flags & Gen_Flags_Menu_Active )
 1D2D 1F0000402A        brclr _Gen_Flags,#64,L488
 1D32                   .dbline 975
 1D32           ;             {
 1D32                   .dbline 976
 1D32           ;                 LoadMenu ( MenuStackc[StackPointer].Index );
 1D32 F60000            ldab _StackPointer
 1D35 87                clra
 1D36 B746              tfr D,Y
 1D38 CC0006            ldd #6
 1D3B 13                emul
 1D3C B746              tfr D,Y
 1D3E CE0000            ldx #_MenuStackc
 1D41 B764              tfr Y,D
 1D43 6E80              stx 0,S
 1D45 E380              addd 0,S
 1D47 4A0F8484          xcall $_LoadMenu
 1D4B                   .dbline 977
 1D4B           ;                 if ( !Variable_flag )
 1D4B F60000            ldab _Variable_flag
 1D4E C100              cmpb #0
 1D50 2604              bne L490
 1D52                   .dbline 978
 1D52           ;                     InsertCursor ();
 1D52 4A178080          xcall $_InsertCursor
 1D56           L490:
 1D56                   .dbline 979
 1D56           ;                 DisplayTitler ();
 1D56 4A17B7B7          xcall $_DisplayTitler
 1D5A                   .dbline 980
 1D5A           ;             }
 1D5A 2004              bra L489
 1D5C           L488:
 1D5C                   .dbline 982
 1D5C           ;             else
 1D5C           ;             {
 1D5C                   .dbline 983
 1D5C           ;                 ClearTitler ();
 1D5C 4A1A6C6C          xcall $_ClearTitler
 1D60                   .dbline 984
 1D60           ;             }
 1D60           L489:
 1D60                   .dbline 985
 1D60           ;             UpdateMenu = 0;
 1D60 790000            clr _UpdateMenu
 1D63                   .dbline 986
 1D63           ;         }
 1D63           L486:
 1D63                   .dbline 987
 1D63           ;       }
 1D63           L469:
 1D63                   .dbline 989
 1D63           ; 
 1D63           ;     if ( Gen_Flags & Gen_Flags_Menu_Active )
 1D63 1F00004005        brclr _Gen_Flags,#64,L492
 1D68                   .dbline 990
 1D68           ;           return 1;
 1D68 CC0001            ldd #1
 1D6B 2003              bra L439
 1D6D           L492:
 1D6D                   .dbline 992
 1D6D           ;       else
 1D6D           ;           return 0;
 1D6D CC0000            ldd #0
 1D70                   .dbline -2
 1D70           L439:
 1D70                   .dbline 0 ; func end
 1D70 1B89              leas 9,S
 1D72 0A                rtc
 1D73                   .dbsym l CamAddressXmitd 6 c
 1D73                   .dbsym l i 7 I
 1D73                   .dbend
 1D73                   .dbfunc e Send_Menu_Status _Send_Menu_Status fV
 1D73           ;           stat -> 1,SP
 1D73           $_Send_Menu_Status::
 1D73 3B                pshd
 1D74                   .dbline -1
 1D74                   .dbline 997
 1D74           ; } 
 1D74           ; 
 1D74           ; 
 1D74           ; void Send_Menu_Status (char stat)
 1D74           ; {
 1D74                   .dbline 998
 1D74           ;    gTxMsg.ID = 0x200;
 1D74 180302000000      movw #512,_gTxMsg
 1D7A                   .dbline 999
 1D7A           ;    gTxMsg.LEN = 1; 
 1D7A 180B010002        movb #1,_gTxMsg+2
 1D7F                   .dbline 1001
 1D7F           ; 
 1D7F           ;    gTxMsg.BUF[0] = stat;
 1D7F 180D810004        movb 1,S,_gTxMsg+4
 1D84                   .dbline 1004
 1D84           ; 
 1D84           ;          
 1D84           ;    if (!MCOHW_PushMessage(&gTxMsg))
 1D84 CC0000            ldd #_gTxMsg
 1D87 4A000000          xcall $_MCOHW_PushMessage
 1D8B 87                clra
 1D8C C100              cmpb #0
 1D8E 2607              bne L497
 1D90                   .dbline 1005
 1D90           ;    {
 1D90                   .dbline 1007
 1D90           ;        // failed to transmit
 1D90           ;        MCOUSER_FatalError(0x8801);
 1D90 CC8801            ldd #34817
 1D93 4A000000          xcall $_MCOUSER_FatalError
 1D97                   .dbline 1008
 1D97           ;    }
 1D97           L497:
 1D97                   .dbline -2
 1D97           L494:
 1D97                   .dbline 0 ; func end
 1D97 1B82              leas 2,S
 1D99 0A                rtc
 1D9A                   .dbsym l stat 1 c
 1D9A                   .dbend
                        .area bss
 0004                   .dbfile C:\Users\vbenton.crtsglobal\Desktop\temp\REV3~1.25\SOURCE~1\Subroutines1.c
 0004           _InProcess::
 0004                   .blkb 1
 0005                   .dbsym e InProcess _InProcess c
 0005           _AcceptKeys::
 0005                   .blkb 1
 0006                   .dbsym e AcceptKeys _AcceptKeys c
 0006           _SelectFlag::
 0006                   .blkb 1
 0007                   .dbsym e SelectFlag _SelectFlag c
 0007           _CursorUpFlag::
 0007                   .blkb 1
 0008                   .dbsym e CursorUpFlag _CursorUpFlag c
 0008           _CursorDownFlag::
 0008                   .blkb 1
 0009                   .dbsym e CursorDownFlag _CursorDownFlag c
                        .area text
 00F6                   .dbfile C:\Users\vbenton.crtsglobal\Desktop\temp\REV3~1.25\SOURCE~1\Subroutines1.c
 00F6           L106:
 00F6 252A73252E2A6600  .byte 37,42,'s,37,46,42,'f,0
 00FE           L103:
 00FE 252A7325232E2A6600        .byte 37,42,'s,37,35,46,42,'f,0
 0107           L92:
 0107 2000              .byte 32,0
 0109           L91:
 0109 252A73257300      .byte 37,42,'s,37,'s,0
 010F           L69:
 010F 2C00              .byte 44,0
