                        .module Subroutines.c
                        .area text
 0000                   .dbfile ..\..\REV3~1.25\SOURCE~1\Subroutines.c
                        .area data
 0000                   .dbfile ..\..\REV3~1.25\SOURCE~1\Subroutines.c
 0000           _ran_num::
 0000                   .blkb 2
                        .area idata
 0000 0000              .word 0
                        .area data
 0002                   .dbfile ..\..\REV3~1.25\SOURCE~1\Subroutines.c
 0002                   .dbfile C:\Users\vbenton.crtsglobal\Desktop\temp\REV3~1.25\SOURCE~1\Subroutines.c
 0002                   .dbsym e ran_num _ran_num i
 0002           _margin::
 0002                   .blkb 4
                        .area idata
 0002 3CA3D70A          .word 0x3ca3,0xd70a
                        .area data
 0006                   .dbfile C:\Users\vbenton.crtsglobal\Desktop\temp\REV3~1.25\SOURCE~1\Subroutines.c
 0006                   .dbsym e margin _margin D
 0006           _done::
 0006                   .blkb 1
                        .area idata
 0006 01                .byte 1
                        .area data
 0007                   .dbfile C:\Users\vbenton.crtsglobal\Desktop\temp\REV3~1.25\SOURCE~1\Subroutines.c
 0007                   .dbsym e done _done c
 0007           _desired_position::
 0007                   .blkb 2
                        .area idata
 0007 0000              .word 0
                        .area data
 0009                   .dbfile C:\Users\vbenton.crtsglobal\Desktop\temp\REV3~1.25\SOURCE~1\Subroutines.c
 0009                   .dbsym e desired_position _desired_position I
 0009           _next_desired_position::
 0009                   .blkb 2
                        .area idata
 0009 0000              .word 0
                        .area data
 000B                   .dbfile C:\Users\vbenton.crtsglobal\Desktop\temp\REV3~1.25\SOURCE~1\Subroutines.c
 000B                   .dbsym e next_desired_position _next_desired_position I
 000B           _prev_desired_position::
 000B                   .blkb 2
                        .area idata
 000B 0000              .word 0
                        .area data
 000D                   .dbfile C:\Users\vbenton.crtsglobal\Desktop\temp\REV3~1.25\SOURCE~1\Subroutines.c
 000D                   .dbsym e prev_desired_position _prev_desired_position I
 000D           _start_sequence::
 000D                   .blkb 1
                        .area idata
 000D 01                .byte 1
                        .area data
 000E                   .dbfile C:\Users\vbenton.crtsglobal\Desktop\temp\REV3~1.25\SOURCE~1\Subroutines.c
 000E                   .dbsym e start_sequence _start_sequence C
 000E           _desired_speed::
 000E                   .blkb 2
                        .area idata
 000E 0000              .word 0
                        .area data
 0010                   .dbfile C:\Users\vbenton.crtsglobal\Desktop\temp\REV3~1.25\SOURCE~1\Subroutines.c
 0010                   .dbsym e desired_speed _desired_speed I
 0010           _next_desired_speed::
 0010                   .blkb 2
                        .area idata
 0010 0000              .word 0
                        .area data
 0012                   .dbfile C:\Users\vbenton.crtsglobal\Desktop\temp\REV3~1.25\SOURCE~1\Subroutines.c
 0012                   .dbsym e next_desired_speed _next_desired_speed I
 0012           _extend_test::
 0012                   .blkb 1
                        .area idata
 0012 00                .byte 0
                        .area data
 0013                   .dbfile C:\Users\vbenton.crtsglobal\Desktop\temp\REV3~1.25\SOURCE~1\Subroutines.c
 0013                   .dbsym e extend_test _extend_test c
 0013           _retract_test::
 0013                   .blkb 1
                        .area idata
 0013 00                .byte 0
                        .area data
 0014                   .dbfile C:\Users\vbenton.crtsglobal\Desktop\temp\REV3~1.25\SOURCE~1\Subroutines.c
 0014                   .dbsym e retract_test _retract_test c
 0014           _LA_Moving::
 0014                   .blkb 1
                        .area idata
 0014 00                .byte 0
                        .area data
 0015                   .dbfile C:\Users\vbenton.crtsglobal\Desktop\temp\REV3~1.25\SOURCE~1\Subroutines.c
 0015                   .dbsym e LA_Moving _LA_Moving c
 0015           _Move_Position::
 0015                   .blkb 2
                        .area idata
 0015 FFFF              .word -1
                        .area data
 0017                   .dbfile C:\Users\vbenton.crtsglobal\Desktop\temp\REV3~1.25\SOURCE~1\Subroutines.c
 0017                   .dbsym e Move_Position _Move_Position I
 0017           _Move_Speed::
 0017                   .blkb 2
                        .area idata
 0017 0000              .word 0
                        .area data
 0019                   .dbfile C:\Users\vbenton.crtsglobal\Desktop\temp\REV3~1.25\SOURCE~1\Subroutines.c
 0019                   .dbsym e Move_Speed _Move_Speed I
 0019           _LA_Moved::
 0019                   .blkb 1
                        .area idata
 0019 00                .byte 0
                        .area data
 001A                   .dbfile C:\Users\vbenton.crtsglobal\Desktop\temp\REV3~1.25\SOURCE~1\Subroutines.c
 001A                   .dbsym e LA_Moved _LA_Moved c
 001A           _HeadRampCW::
 001A                   .blkb 1
                        .area idata
 001A 00                .byte 0
                        .area data
 001B                   .dbfile C:\Users\vbenton.crtsglobal\Desktop\temp\REV3~1.25\SOURCE~1\Subroutines.c
 001B                   .dbsym e HeadRampCW _HeadRampCW C
 001B           _HeadRampCCW::
 001B                   .blkb 1
                        .area idata
 001B 00                .byte 0
                        .area data
 001C                   .dbfile C:\Users\vbenton.crtsglobal\Desktop\temp\REV3~1.25\SOURCE~1\Subroutines.c
 001C                   .dbsym e HeadRampCCW _HeadRampCCW C
 001C           _State::
 001C                   .blkb 1
                        .area idata
 001C 23                .byte 35
                        .area data
 001D                   .dbfile C:\Users\vbenton.crtsglobal\Desktop\temp\REV3~1.25\SOURCE~1\Subroutines.c
 001D                   .dbsym e State _State c
 001D           _compTimedOutflag::
 001D                   .blkb 1
                        .area idata
 001D 00                .byte 0
                        .area data
 001E                   .dbfile C:\Users\vbenton.crtsglobal\Desktop\temp\REV3~1.25\SOURCE~1\Subroutines.c
 001E                   .dbsym e compTimedOutflag _compTimedOutflag c
 001E           _Use_IN_digi_15::
 001E                   .blkb 1
                        .area idata
 001E 00                .byte 0
                        .area data
 001F                   .dbfile C:\Users\vbenton.crtsglobal\Desktop\temp\REV3~1.25\SOURCE~1\Subroutines.c
 001F                   .dbsym e Use_IN_digi_15 _Use_IN_digi_15 c
                        .area text
 0000                   .dbfile C:\Users\vbenton.crtsglobal\Desktop\temp\REV3~1.25\SOURCE~1\Subroutines.c
 0000           _enum_NULL_str::
 0000 00                .byte 0
 0001                   .dbsym e enum_NULL_str _enum_NULL_str A[1:1]c
 0001           _enum_off_on_str::
 0001 4F46462C204F4E00  .byte 'O,'F,'F,44,32,'O,'N,0
 0009                   .dbsym e enum_off_on_str _enum_off_on_str A[8:8]c
 0009           _enum_cln_vac_str::
 0009 434C4E2C56414300  .byte 'C,'L,'N,44,'V,'A,'C,0
 0011                   .dbsym e enum_cln_vac_str _enum_cln_vac_str A[8:8]c
 0011           _enum_pos_neg_str::
 0011 504F532C4E454700  .byte 'P,'O,'S,44,'N,'E,'G,0
 0019                   .dbsym e enum_pos_neg_str _enum_pos_neg_str A[8:8]c
 0019           _enum_slow_fast_str::
 0019 4558534C572C20534C4F572C20464153  .byte 'E,'X,'S,'L,'W,44,32,'S,'L,'O,'W,44,32,'F,'A,'S
 0029 5400              .byte 'T,0
 002B                   .dbsym e enum_slow_fast_str _enum_slow_fast_str A[18:18]c
 002B           _enum_stop_retract_str::
 002B 20202053544F502C20455854454E442C  .byte 32,32,32,'S,'T,'O,'P,44,32,'E,'X,'T,'E,'N,'D,44
 003B 5245545241435400  .byte 'R,'E,'T,'R,'A,'C,'T,0
 0043                   .dbsym e enum_stop_retract_str _enum_stop_retract_str A[24:24]c
 0043           _enum_base_iso_str::
 0043 424153452C2049534F2C204F464600    .byte 'B,'A,'S,'E,44,32,'I,'S,'O,44,32,'O,'F,'F,0
 0052                   .dbsym e enum_base_iso_str _enum_base_iso_str A[15:15]c
 0052           _enum_lin_act_str::
 0052 434C45414E45522C4C494E2041435400  .byte 'C,'L,'E,'A,'N,'E,'R,44,'L,'I,'N,32,'A,'C,'T,0
 0062                   .dbsym e enum_lin_act_str _enum_lin_act_str A[16:16]c
 0062           _enum_machinesize_str::
 0062 30382D31302C31322D32322C32342D33  .byte 48,56,45,49,48,44,49,50,45,50,50,44,50,52,45,51
 0072 342C33362D343800  .byte 52,44,51,54,45,52,56,0
 007A                   .dbsym e enum_machinesize_str _enum_machinesize_str A[24:24]c
 007A           _enum_alpha_str::
 007A 202C412C422C432C442C452C462C472C  .byte 32,44,'A,44,'B,44,'C,44,'D,44,'E,44,'F,44,'G,44
 008A 482C492C4A2C4B2C4C2C4D2C4E2C4F2C  .byte 'H,44,'I,44,'J,44,'K,44,'L,44,'M,44,'N,44,'O,44
 009A 502C512C522C532C542C552C562C572C  .byte 'P,44,'Q,44,'R,44,'S,44,'T,44,'U,44,'V,44,'W,44
 00AA 582C592C5A2C302C312C322C332C342C  .byte 'X,44,'Y,44,'Z,44,48,44,49,44,50,44,51,44,52,44
 00BA 352C362C372C382C392C2E2C3C2C3E2C  .byte 53,44,54,44,55,44,56,44,57,44,46,44,60,44,62,44
 00CA 3B2C3A2C402C282C292C2D2C2D00      .byte 59,44,58,44,64,44,40,44,41,44,45,44,45,0
 00D8                   .dbsym e enum_alpha_str _enum_alpha_str A[94:94]c
 00D8           _enum_number_str::
 00D8 302C312C322C332C342C352C362C372C  .byte 48,44,49,44,50,44,51,44,52,44,53,44,54,44,55,44
 00E8 382C392C2D00      .byte 56,44,57,44,45,0
 00EE                   .dbsym e enum_number_str _enum_number_str A[22:22]c
                        .area data
 001F                   .dbfile C:\Users\vbenton.crtsglobal\Desktop\temp\REV3~1.25\SOURCE~1\Subroutines.c
 001F           _CompressorOnOff::
 001F                   .blkb 4
                        .area idata
 001F 40000000          .word 0x4000,0x0
                        .area data
 0023                   .dbfile C:\Users\vbenton.crtsglobal\Desktop\temp\REV3~1.25\SOURCE~1\Subroutines.c
 0023                   .blkb 4
                        .area idata
 0023 3F800000          .word 0x3f80,0x0
                        .area data
 0027                   .dbfile C:\Users\vbenton.crtsglobal\Desktop\temp\REV3~1.25\SOURCE~1\Subroutines.c
 0027                   .blkb 4
                        .area idata
 0027 3F800000          .word 0x3f80,0x0
                        .area data
 002B                   .dbfile C:\Users\vbenton.crtsglobal\Desktop\temp\REV3~1.25\SOURCE~1\Subroutines.c
 002B                   .blkb 4
                        .area idata
 002B 40000000          .word 0x4000,0x0
                        .area data
 002F                   .dbfile C:\Users\vbenton.crtsglobal\Desktop\temp\REV3~1.25\SOURCE~1\Subroutines.c
 002F                   .blkb 1
                        .area idata
 002F 00                .byte 0
                        .area data
 0030                   .dbfile C:\Users\vbenton.crtsglobal\Desktop\temp\REV3~1.25\SOURCE~1\Subroutines.c
 0030                   .blkb 1
                        .area idata
 0030 03                .byte 3
                        .area data
 0031                   .dbfile C:\Users\vbenton.crtsglobal\Desktop\temp\REV3~1.25\SOURCE~1\Subroutines.c
 0031                   .blkb 4
                        .area idata
 0031 204F4E00          .byte 32,'O,'N,0
                        .area data
 0035                   .dbfile C:\Users\vbenton.crtsglobal\Desktop\temp\REV3~1.25\SOURCE~1\Subroutines.c
 0035                   .blkb 8
                        .area idata
 0035 0000000000000000  .byte 0,0,0,0,0,0,0,0
                        .area data
 003D                   .dbfile C:\Users\vbenton.crtsglobal\Desktop\temp\REV3~1.25\SOURCE~1\Subroutines.c
 003D                   .blkw 1
                        .area idata
 003D 0001              .word _enum_off_on_str
                        .area data
 003F                   .dbfile C:\Users\vbenton.crtsglobal\Desktop\temp\REV3~1.25\SOURCE~1\Subroutines.c
 003F                   .blkb 2
                        .area idata
 003F 0000              .byte 0,0
                        .area data
 0041                   .dbfile C:\Users\vbenton.crtsglobal\Desktop\temp\REV3~1.25\SOURCE~1\Subroutines.c
 0041                   .dbstruct 0 34 menu_var
 0041                   .dbfield 0 value D
 0041                   .dbfield 4 inc D
 0041                   .dbfield 8 min D
 0041                   .dbfield 12 max D
 0041                   .dbfield 16 dec_pos c
 0041                   .dbfield 17 len_str C
 0041                   .dbfield 18 str_value A[12:12]c
 0041                   .dbfield 30 str_enum pc
 0041                   .dbfield 32 next_var pS[menu_var]
 0041                   .dbend
 0041                   .dbsym e CompressorOnOff _CompressorOnOff S[menu_var]
 0041           _CntrStrokes::
 0041                   .blkb 4
                        .area idata
 0041 40C00000          .word 0x40c0,0x0
                        .area data
 0045                   .dbfile C:\Users\vbenton.crtsglobal\Desktop\temp\REV3~1.25\SOURCE~1\Subroutines.c
 0045                   .blkb 4
                        .area idata
 0045 3F800000          .word 0x3f80,0x0
                        .area data
 0049                   .dbfile C:\Users\vbenton.crtsglobal\Desktop\temp\REV3~1.25\SOURCE~1\Subroutines.c
 0049                   .blkb 4
                        .area idata
 0049 00000000          .word 0x0,0x0
                        .area data
 004D                   .dbfile C:\Users\vbenton.crtsglobal\Desktop\temp\REV3~1.25\SOURCE~1\Subroutines.c
 004D                   .blkb 4
                        .area idata
 004D 41A00000          .word 0x41a0,0x0
                        .area data
 0051                   .dbfile C:\Users\vbenton.crtsglobal\Desktop\temp\REV3~1.25\SOURCE~1\Subroutines.c
 0051                   .blkb 1
                        .area idata
 0051 00                .byte 0
                        .area data
 0052                   .dbfile C:\Users\vbenton.crtsglobal\Desktop\temp\REV3~1.25\SOURCE~1\Subroutines.c
 0052                   .blkb 1
                        .area idata
 0052 02                .byte 2
                        .area data
 0053                   .dbfile C:\Users\vbenton.crtsglobal\Desktop\temp\REV3~1.25\SOURCE~1\Subroutines.c
 0053                   .blkb 3
                        .area idata
 0053 203600            .byte 32,54,0
                        .area data
 0056                   .dbfile C:\Users\vbenton.crtsglobal\Desktop\temp\REV3~1.25\SOURCE~1\Subroutines.c
 0056                   .blkb 9
                        .area idata
 0056 000000000000000000        .byte 0,0,0,0,0,0,0,0,0
                        .area data
 005F                   .dbfile C:\Users\vbenton.crtsglobal\Desktop\temp\REV3~1.25\SOURCE~1\Subroutines.c
 005F                   .blkw 1
                        .area idata
 005F 0000              .word _enum_NULL_str
                        .area data
 0061                   .dbfile C:\Users\vbenton.crtsglobal\Desktop\temp\REV3~1.25\SOURCE~1\Subroutines.c
 0061                   .blkb 2
                        .area idata
 0061 0000              .byte 0,0
                        .area data
 0063                   .dbfile C:\Users\vbenton.crtsglobal\Desktop\temp\REV3~1.25\SOURCE~1\Subroutines.c
 0063                   .dbsym e CntrStrokes _CntrStrokes S[menu_var]
 0063           _FullStrokes::
 0063                   .blkb 4
                        .area idata
 0063 40C00000          .word 0x40c0,0x0
                        .area data
 0067                   .dbfile C:\Users\vbenton.crtsglobal\Desktop\temp\REV3~1.25\SOURCE~1\Subroutines.c
 0067                   .blkb 4
                        .area idata
 0067 3F800000          .word 0x3f80,0x0
                        .area data
 006B                   .dbfile C:\Users\vbenton.crtsglobal\Desktop\temp\REV3~1.25\SOURCE~1\Subroutines.c
 006B                   .blkb 4
                        .area idata
 006B 00000000          .word 0x0,0x0
                        .area data
 006F                   .dbfile C:\Users\vbenton.crtsglobal\Desktop\temp\REV3~1.25\SOURCE~1\Subroutines.c
 006F                   .blkb 4
                        .area idata
 006F 41A00000          .word 0x41a0,0x0
                        .area data
 0073                   .dbfile C:\Users\vbenton.crtsglobal\Desktop\temp\REV3~1.25\SOURCE~1\Subroutines.c
 0073                   .blkb 1
                        .area idata
 0073 00                .byte 0
                        .area data
 0074                   .dbfile C:\Users\vbenton.crtsglobal\Desktop\temp\REV3~1.25\SOURCE~1\Subroutines.c
 0074                   .blkb 1
                        .area idata
 0074 02                .byte 2
                        .area data
 0075                   .dbfile C:\Users\vbenton.crtsglobal\Desktop\temp\REV3~1.25\SOURCE~1\Subroutines.c
 0075                   .blkb 3
                        .area idata
 0075 203600            .byte 32,54,0
                        .area data
 0078                   .dbfile C:\Users\vbenton.crtsglobal\Desktop\temp\REV3~1.25\SOURCE~1\Subroutines.c
 0078                   .blkb 9
                        .area idata
 0078 000000000000000000        .byte 0,0,0,0,0,0,0,0,0
                        .area data
 0081                   .dbfile C:\Users\vbenton.crtsglobal\Desktop\temp\REV3~1.25\SOURCE~1\Subroutines.c
 0081                   .blkw 1
                        .area idata
 0081 0000              .word _enum_NULL_str
                        .area data
 0083                   .dbfile C:\Users\vbenton.crtsglobal\Desktop\temp\REV3~1.25\SOURCE~1\Subroutines.c
 0083                   .blkb 2
                        .area idata
 0083 0000              .byte 0,0
                        .area data
 0085                   .dbfile C:\Users\vbenton.crtsglobal\Desktop\temp\REV3~1.25\SOURCE~1\Subroutines.c
 0085                   .dbsym e FullStrokes _FullStrokes S[menu_var]
 0085           _CntrDist::
 0085                   .blkb 4
                        .area idata
 0085 40800000          .word 0x4080,0x0
                        .area data
 0089                   .dbfile C:\Users\vbenton.crtsglobal\Desktop\temp\REV3~1.25\SOURCE~1\Subroutines.c
 0089                   .blkb 4
                        .area idata
 0089 3DCCCCCD          .word 0x3dcc,0xcccd
                        .area data
 008D                   .dbfile C:\Users\vbenton.crtsglobal\Desktop\temp\REV3~1.25\SOURCE~1\Subroutines.c
 008D                   .blkb 4
                        .area idata
 008D 3F800000          .word 0x3f80,0x0
                        .area data
 0091                   .dbfile C:\Users\vbenton.crtsglobal\Desktop\temp\REV3~1.25\SOURCE~1\Subroutines.c
 0091                   .blkb 4
                        .area idata
 0091 41A00000          .word 0x41a0,0x0
                        .area data
 0095                   .dbfile C:\Users\vbenton.crtsglobal\Desktop\temp\REV3~1.25\SOURCE~1\Subroutines.c
 0095                   .blkb 1
                        .area idata
 0095 01                .byte 1
                        .area data
 0096                   .dbfile C:\Users\vbenton.crtsglobal\Desktop\temp\REV3~1.25\SOURCE~1\Subroutines.c
 0096                   .blkb 1
                        .area idata
 0096 04                .byte 4
                        .area data
 0097                   .dbfile C:\Users\vbenton.crtsglobal\Desktop\temp\REV3~1.25\SOURCE~1\Subroutines.c
 0097                   .blkb 5
                        .area idata
 0097 20342E3000        .byte 32,52,46,48,0
                        .area data
 009C                   .dbfile C:\Users\vbenton.crtsglobal\Desktop\temp\REV3~1.25\SOURCE~1\Subroutines.c
 009C                   .blkb 7
                        .area idata
 009C 00000000000000    .byte 0,0,0,0,0,0,0
                        .area data
 00A3                   .dbfile C:\Users\vbenton.crtsglobal\Desktop\temp\REV3~1.25\SOURCE~1\Subroutines.c
 00A3                   .blkw 1
                        .area idata
 00A3 0000              .word _enum_NULL_str
                        .area data
 00A5                   .dbfile C:\Users\vbenton.crtsglobal\Desktop\temp\REV3~1.25\SOURCE~1\Subroutines.c
 00A5                   .blkb 2
                        .area idata
 00A5 0000              .byte 0,0
                        .area data
 00A7                   .dbfile C:\Users\vbenton.crtsglobal\Desktop\temp\REV3~1.25\SOURCE~1\Subroutines.c
 00A7                   .dbsym e CntrDist _CntrDist S[menu_var]
 00A7           _FullDist::
 00A7                   .blkb 4
                        .area idata
 00A7 41000000          .word 0x4100,0x0
                        .area data
 00AB                   .dbfile C:\Users\vbenton.crtsglobal\Desktop\temp\REV3~1.25\SOURCE~1\Subroutines.c
 00AB                   .blkb 4
                        .area idata
 00AB 3DCCCCCD          .word 0x3dcc,0xcccd
                        .area data
 00AF                   .dbfile C:\Users\vbenton.crtsglobal\Desktop\temp\REV3~1.25\SOURCE~1\Subroutines.c
 00AF                   .blkb 4
                        .area idata
 00AF 3F800000          .word 0x3f80,0x0
                        .area data
 00B3                   .dbfile C:\Users\vbenton.crtsglobal\Desktop\temp\REV3~1.25\SOURCE~1\Subroutines.c
 00B3                   .blkb 4
                        .area idata
 00B3 41A00000          .word 0x41a0,0x0
                        .area data
 00B7                   .dbfile C:\Users\vbenton.crtsglobal\Desktop\temp\REV3~1.25\SOURCE~1\Subroutines.c
 00B7                   .blkb 1
                        .area idata
 00B7 01                .byte 1
                        .area data
 00B8                   .dbfile C:\Users\vbenton.crtsglobal\Desktop\temp\REV3~1.25\SOURCE~1\Subroutines.c
 00B8                   .blkb 1
                        .area idata
 00B8 04                .byte 4
                        .area data
 00B9                   .dbfile C:\Users\vbenton.crtsglobal\Desktop\temp\REV3~1.25\SOURCE~1\Subroutines.c
 00B9                   .blkb 5
                        .area idata
 00B9 20382E3000        .byte 32,56,46,48,0
                        .area data
 00BE                   .dbfile C:\Users\vbenton.crtsglobal\Desktop\temp\REV3~1.25\SOURCE~1\Subroutines.c
 00BE                   .blkb 7
                        .area idata
 00BE 00000000000000    .byte 0,0,0,0,0,0,0
                        .area data
 00C5                   .dbfile C:\Users\vbenton.crtsglobal\Desktop\temp\REV3~1.25\SOURCE~1\Subroutines.c
 00C5                   .blkw 1
                        .area idata
 00C5 0000              .word _enum_NULL_str
                        .area data
 00C7                   .dbfile C:\Users\vbenton.crtsglobal\Desktop\temp\REV3~1.25\SOURCE~1\Subroutines.c
 00C7                   .blkb 2
                        .area idata
 00C7 0000              .byte 0,0
                        .area data
 00C9                   .dbfile C:\Users\vbenton.crtsglobal\Desktop\temp\REV3~1.25\SOURCE~1\Subroutines.c
 00C9                   .dbsym e FullDist _FullDist S[menu_var]
 00C9           _LACntr::
 00C9                   .blkb 4
                        .area idata
 00C9 40800000          .word 0x4080,0x0
                        .area data
 00CD                   .dbfile C:\Users\vbenton.crtsglobal\Desktop\temp\REV3~1.25\SOURCE~1\Subroutines.c
 00CD                   .blkb 4
                        .area idata
 00CD 3DCCCCCD          .word 0x3dcc,0xcccd
                        .area data
 00D1                   .dbfile C:\Users\vbenton.crtsglobal\Desktop\temp\REV3~1.25\SOURCE~1\Subroutines.c
 00D1                   .blkb 4
                        .area idata
 00D1 3F800000          .word 0x3f80,0x0
                        .area data
 00D5                   .dbfile C:\Users\vbenton.crtsglobal\Desktop\temp\REV3~1.25\SOURCE~1\Subroutines.c
 00D5                   .blkb 4
                        .area idata
 00D5 41A00000          .word 0x41a0,0x0
                        .area data
 00D9                   .dbfile C:\Users\vbenton.crtsglobal\Desktop\temp\REV3~1.25\SOURCE~1\Subroutines.c
 00D9                   .blkb 1
                        .area idata
 00D9 01                .byte 1
                        .area data
 00DA                   .dbfile C:\Users\vbenton.crtsglobal\Desktop\temp\REV3~1.25\SOURCE~1\Subroutines.c
 00DA                   .blkb 1
                        .area idata
 00DA 04                .byte 4
                        .area data
 00DB                   .dbfile C:\Users\vbenton.crtsglobal\Desktop\temp\REV3~1.25\SOURCE~1\Subroutines.c
 00DB                   .blkb 5
                        .area idata
 00DB 20342E3000        .byte 32,52,46,48,0
                        .area data
 00E0                   .dbfile C:\Users\vbenton.crtsglobal\Desktop\temp\REV3~1.25\SOURCE~1\Subroutines.c
 00E0                   .blkb 7
                        .area idata
 00E0 00000000000000    .byte 0,0,0,0,0,0,0
                        .area data
 00E7                   .dbfile C:\Users\vbenton.crtsglobal\Desktop\temp\REV3~1.25\SOURCE~1\Subroutines.c
 00E7                   .blkw 1
                        .area idata
 00E7 0000              .word _enum_NULL_str
                        .area data
 00E9                   .dbfile C:\Users\vbenton.crtsglobal\Desktop\temp\REV3~1.25\SOURCE~1\Subroutines.c
 00E9                   .blkb 2
                        .area idata
 00E9 0000              .byte 0,0
                        .area data
 00EB                   .dbfile C:\Users\vbenton.crtsglobal\Desktop\temp\REV3~1.25\SOURCE~1\Subroutines.c
 00EB                   .dbsym e LACntr _LACntr S[menu_var]
 00EB           _LASpeed::
 00EB                   .blkb 4
                        .area idata
 00EB 42C80000          .word 0x42c8,0x0
                        .area data
 00EF                   .dbfile C:\Users\vbenton.crtsglobal\Desktop\temp\REV3~1.25\SOURCE~1\Subroutines.c
 00EF                   .blkb 4
                        .area idata
 00EF 3F800000          .word 0x3f80,0x0
                        .area data
 00F3                   .dbfile C:\Users\vbenton.crtsglobal\Desktop\temp\REV3~1.25\SOURCE~1\Subroutines.c
 00F3                   .blkb 4
                        .area idata
 00F3 41C80000          .word 0x41c8,0x0
                        .area data
 00F7                   .dbfile C:\Users\vbenton.crtsglobal\Desktop\temp\REV3~1.25\SOURCE~1\Subroutines.c
 00F7                   .blkb 4
                        .area idata
 00F7 42C80000          .word 0x42c8,0x0
                        .area data
 00FB                   .dbfile C:\Users\vbenton.crtsglobal\Desktop\temp\REV3~1.25\SOURCE~1\Subroutines.c
 00FB                   .blkb 1
                        .area idata
 00FB 00                .byte 0
                        .area data
 00FC                   .dbfile C:\Users\vbenton.crtsglobal\Desktop\temp\REV3~1.25\SOURCE~1\Subroutines.c
 00FC                   .blkb 1
                        .area idata
 00FC 03                .byte 3
                        .area data
 00FD                   .dbfile C:\Users\vbenton.crtsglobal\Desktop\temp\REV3~1.25\SOURCE~1\Subroutines.c
 00FD                   .blkb 4
                        .area idata
 00FD 31303000          .byte 49,48,48,0
                        .area data
 0101                   .dbfile C:\Users\vbenton.crtsglobal\Desktop\temp\REV3~1.25\SOURCE~1\Subroutines.c
 0101                   .blkb 8
                        .area idata
 0101 0000000000000000  .byte 0,0,0,0,0,0,0,0
                        .area data
 0109                   .dbfile C:\Users\vbenton.crtsglobal\Desktop\temp\REV3~1.25\SOURCE~1\Subroutines.c
 0109                   .blkw 1
                        .area idata
 0109 0000              .word _enum_NULL_str
                        .area data
 010B                   .dbfile C:\Users\vbenton.crtsglobal\Desktop\temp\REV3~1.25\SOURCE~1\Subroutines.c
 010B                   .blkb 2
                        .area idata
 010B 0000              .byte 0,0
                        .area data
 010D                   .dbfile C:\Users\vbenton.crtsglobal\Desktop\temp\REV3~1.25\SOURCE~1\Subroutines.c
 010D                   .dbsym e LASpeed _LASpeed S[menu_var]
 010D           _LineUpDist::
 010D                   .blkb 4
                        .area idata
 010D 42960000          .word 0x4296,0x0
                        .area data
 0111                   .dbfile C:\Users\vbenton.crtsglobal\Desktop\temp\REV3~1.25\SOURCE~1\Subroutines.c
 0111                   .blkb 4
                        .area idata
 0111 3DCCCCCD          .word 0x3dcc,0xcccd
                        .area data
 0115                   .dbfile C:\Users\vbenton.crtsglobal\Desktop\temp\REV3~1.25\SOURCE~1\Subroutines.c
 0115                   .blkb 4
                        .area idata
 0115 00000000          .word 0x0,0x0
                        .area data
 0119                   .dbfile C:\Users\vbenton.crtsglobal\Desktop\temp\REV3~1.25\SOURCE~1\Subroutines.c
 0119                   .blkb 4
                        .area idata
 0119 43960000          .word 0x4396,0x0
                        .area data
 011D                   .dbfile C:\Users\vbenton.crtsglobal\Desktop\temp\REV3~1.25\SOURCE~1\Subroutines.c
 011D                   .blkb 1
                        .area idata
 011D 01                .byte 1
                        .area data
 011E                   .dbfile C:\Users\vbenton.crtsglobal\Desktop\temp\REV3~1.25\SOURCE~1\Subroutines.c
 011E                   .blkb 1
                        .area idata
 011E 05                .byte 5
                        .area data
 011F                   .dbfile C:\Users\vbenton.crtsglobal\Desktop\temp\REV3~1.25\SOURCE~1\Subroutines.c
 011F                   .blkb 6
                        .area idata
 011F 2037352E3000      .byte 32,55,53,46,48,0
                        .area data
 0125                   .dbfile C:\Users\vbenton.crtsglobal\Desktop\temp\REV3~1.25\SOURCE~1\Subroutines.c
 0125                   .blkb 6
                        .area idata
 0125 000000000000      .byte 0,0,0,0,0,0
                        .area data
 012B                   .dbfile C:\Users\vbenton.crtsglobal\Desktop\temp\REV3~1.25\SOURCE~1\Subroutines.c
 012B                   .blkw 1
                        .area idata
 012B 0000              .word _enum_NULL_str
                        .area data
 012D                   .dbfile C:\Users\vbenton.crtsglobal\Desktop\temp\REV3~1.25\SOURCE~1\Subroutines.c
 012D                   .blkb 2
                        .area idata
 012D 0000              .byte 0,0
                        .area data
 012F                   .dbfile C:\Users\vbenton.crtsglobal\Desktop\temp\REV3~1.25\SOURCE~1\Subroutines.c
 012F                   .dbsym e LineUpDist _LineUpDist S[menu_var]
 012F           _LineupSpeed::
 012F                   .blkb 4
                        .area idata
 012F 3F28F5C3          .word 0x3f28,0xf5c3
                        .area data
 0133                   .dbfile C:\Users\vbenton.crtsglobal\Desktop\temp\REV3~1.25\SOURCE~1\Subroutines.c
 0133                   .blkb 4
                        .area idata
 0133 3C23D70A          .word 0x3c23,0xd70a
                        .area data
 0137                   .dbfile C:\Users\vbenton.crtsglobal\Desktop\temp\REV3~1.25\SOURCE~1\Subroutines.c
 0137                   .blkb 4
                        .area idata
 0137 3E800000          .word 0x3e80,0x0
                        .area data
 013B                   .dbfile C:\Users\vbenton.crtsglobal\Desktop\temp\REV3~1.25\SOURCE~1\Subroutines.c
 013B                   .blkb 4
                        .area idata
 013B 3F666666          .word 0x3f66,0x6666
                        .area data
 013F                   .dbfile C:\Users\vbenton.crtsglobal\Desktop\temp\REV3~1.25\SOURCE~1\Subroutines.c
 013F                   .blkb 1
                        .area idata
 013F 02                .byte 2
                        .area data
 0140                   .dbfile C:\Users\vbenton.crtsglobal\Desktop\temp\REV3~1.25\SOURCE~1\Subroutines.c
 0140                   .blkb 1
                        .area idata
 0140 04                .byte 4
                        .area data
 0141                   .dbfile C:\Users\vbenton.crtsglobal\Desktop\temp\REV3~1.25\SOURCE~1\Subroutines.c
 0141                   .blkb 5
                        .area idata
 0141 302E363600        .byte 48,46,54,54,0
                        .area data
 0146                   .dbfile C:\Users\vbenton.crtsglobal\Desktop\temp\REV3~1.25\SOURCE~1\Subroutines.c
 0146                   .blkb 7
                        .area idata
 0146 00000000000000    .byte 0,0,0,0,0,0,0
                        .area data
 014D                   .dbfile C:\Users\vbenton.crtsglobal\Desktop\temp\REV3~1.25\SOURCE~1\Subroutines.c
 014D                   .blkw 1
                        .area idata
 014D 0000              .word _enum_NULL_str
                        .area data
 014F                   .dbfile C:\Users\vbenton.crtsglobal\Desktop\temp\REV3~1.25\SOURCE~1\Subroutines.c
 014F                   .blkb 2
                        .area idata
 014F 0000              .byte 0,0
                        .area data
 0151                   .dbfile C:\Users\vbenton.crtsglobal\Desktop\temp\REV3~1.25\SOURCE~1\Subroutines.c
 0151                   .dbsym e LineupSpeed _LineupSpeed S[menu_var]
 0151           _SealTime::
 0151                   .blkb 4
                        .area idata
 0151 41200000          .word 0x4120,0x0
                        .area data
 0155                   .dbfile C:\Users\vbenton.crtsglobal\Desktop\temp\REV3~1.25\SOURCE~1\Subroutines.c
 0155                   .blkb 4
                        .area idata
 0155 3F800000          .word 0x3f80,0x0
                        .area data
 0159                   .dbfile C:\Users\vbenton.crtsglobal\Desktop\temp\REV3~1.25\SOURCE~1\Subroutines.c
 0159                   .blkb 4
                        .area idata
 0159 00000000          .word 0x0,0x0
                        .area data
 015D                   .dbfile C:\Users\vbenton.crtsglobal\Desktop\temp\REV3~1.25\SOURCE~1\Subroutines.c
 015D                   .blkb 4
                        .area idata
 015D 41A00000          .word 0x41a0,0x0
                        .area data
 0161                   .dbfile C:\Users\vbenton.crtsglobal\Desktop\temp\REV3~1.25\SOURCE~1\Subroutines.c
 0161                   .blkb 1
                        .area idata
 0161 00                .byte 0
                        .area data
 0162                   .dbfile C:\Users\vbenton.crtsglobal\Desktop\temp\REV3~1.25\SOURCE~1\Subroutines.c
 0162                   .blkb 1
                        .area idata
 0162 02                .byte 2
                        .area data
 0163                   .dbfile C:\Users\vbenton.crtsglobal\Desktop\temp\REV3~1.25\SOURCE~1\Subroutines.c
 0163                   .blkb 3
                        .area idata
 0163 313000            .byte 49,48,0
                        .area data
 0166                   .dbfile C:\Users\vbenton.crtsglobal\Desktop\temp\REV3~1.25\SOURCE~1\Subroutines.c
 0166                   .blkb 9
                        .area idata
 0166 000000000000000000        .byte 0,0,0,0,0,0,0,0,0
                        .area data
 016F                   .dbfile C:\Users\vbenton.crtsglobal\Desktop\temp\REV3~1.25\SOURCE~1\Subroutines.c
 016F                   .blkw 1
                        .area idata
 016F 0000              .word _enum_NULL_str
                        .area data
 0171                   .dbfile C:\Users\vbenton.crtsglobal\Desktop\temp\REV3~1.25\SOURCE~1\Subroutines.c
 0171                   .blkb 2
                        .area idata
 0171 0000              .byte 0,0
                        .area data
 0173                   .dbfile C:\Users\vbenton.crtsglobal\Desktop\temp\REV3~1.25\SOURCE~1\Subroutines.c
 0173                   .dbsym e SealTime _SealTime S[menu_var]
 0173           _TestModeOnOff::
 0173                   .blkb 4
                        .area idata
 0173 3F800000          .word 0x3f80,0x0
                        .area data
 0177                   .dbfile C:\Users\vbenton.crtsglobal\Desktop\temp\REV3~1.25\SOURCE~1\Subroutines.c
 0177                   .blkb 4
                        .area idata
 0177 3F800000          .word 0x3f80,0x0
                        .area data
 017B                   .dbfile C:\Users\vbenton.crtsglobal\Desktop\temp\REV3~1.25\SOURCE~1\Subroutines.c
 017B                   .blkb 4
                        .area idata
 017B 3F800000          .word 0x3f80,0x0
                        .area data
 017F                   .dbfile C:\Users\vbenton.crtsglobal\Desktop\temp\REV3~1.25\SOURCE~1\Subroutines.c
 017F                   .blkb 4
                        .area idata
 017F 40000000          .word 0x4000,0x0
                        .area data
 0183                   .dbfile C:\Users\vbenton.crtsglobal\Desktop\temp\REV3~1.25\SOURCE~1\Subroutines.c
 0183                   .blkb 1
                        .area idata
 0183 00                .byte 0
                        .area data
 0184                   .dbfile C:\Users\vbenton.crtsglobal\Desktop\temp\REV3~1.25\SOURCE~1\Subroutines.c
 0184                   .blkb 1
                        .area idata
 0184 03                .byte 3
                        .area data
 0185                   .dbfile C:\Users\vbenton.crtsglobal\Desktop\temp\REV3~1.25\SOURCE~1\Subroutines.c
 0185                   .blkb 4
                        .area idata
 0185 4F464600          .byte 'O,'F,'F,0
                        .area data
 0189                   .dbfile C:\Users\vbenton.crtsglobal\Desktop\temp\REV3~1.25\SOURCE~1\Subroutines.c
 0189                   .blkb 8
                        .area idata
 0189 0000000000000000  .byte 0,0,0,0,0,0,0,0
                        .area data
 0191                   .dbfile C:\Users\vbenton.crtsglobal\Desktop\temp\REV3~1.25\SOURCE~1\Subroutines.c
 0191                   .blkw 1
                        .area idata
 0191 0001              .word _enum_off_on_str
                        .area data
 0193                   .dbfile C:\Users\vbenton.crtsglobal\Desktop\temp\REV3~1.25\SOURCE~1\Subroutines.c
 0193                   .blkb 2
                        .area idata
 0193 0000              .byte 0,0
                        .area data
 0195                   .dbfile C:\Users\vbenton.crtsglobal\Desktop\temp\REV3~1.25\SOURCE~1\Subroutines.c
 0195                   .dbsym e TestModeOnOff _TestModeOnOff S[menu_var]
 0195           _LineUpClnVac::
 0195                   .blkb 4
                        .area idata
 0195 3F800000          .word 0x3f80,0x0
                        .area data
 0199                   .dbfile C:\Users\vbenton.crtsglobal\Desktop\temp\REV3~1.25\SOURCE~1\Subroutines.c
 0199                   .blkb 4
                        .area idata
 0199 3F800000          .word 0x3f80,0x0
                        .area data
 019D                   .dbfile C:\Users\vbenton.crtsglobal\Desktop\temp\REV3~1.25\SOURCE~1\Subroutines.c
 019D                   .blkb 4
                        .area idata
 019D 3F800000          .word 0x3f80,0x0
                        .area data
 01A1                   .dbfile C:\Users\vbenton.crtsglobal\Desktop\temp\REV3~1.25\SOURCE~1\Subroutines.c
 01A1                   .blkb 4
                        .area idata
 01A1 40000000          .word 0x4000,0x0
                        .area data
 01A5                   .dbfile C:\Users\vbenton.crtsglobal\Desktop\temp\REV3~1.25\SOURCE~1\Subroutines.c
 01A5                   .blkb 1
                        .area idata
 01A5 00                .byte 0
                        .area data
 01A6                   .dbfile C:\Users\vbenton.crtsglobal\Desktop\temp\REV3~1.25\SOURCE~1\Subroutines.c
 01A6                   .blkb 1
                        .area idata
 01A6 03                .byte 3
                        .area data
 01A7                   .dbfile C:\Users\vbenton.crtsglobal\Desktop\temp\REV3~1.25\SOURCE~1\Subroutines.c
 01A7                   .blkb 4
                        .area idata
 01A7 434C4E00          .byte 'C,'L,'N,0
                        .area data
 01AB                   .dbfile C:\Users\vbenton.crtsglobal\Desktop\temp\REV3~1.25\SOURCE~1\Subroutines.c
 01AB                   .blkb 8
                        .area idata
 01AB 0000000000000000  .byte 0,0,0,0,0,0,0,0
                        .area data
 01B3                   .dbfile C:\Users\vbenton.crtsglobal\Desktop\temp\REV3~1.25\SOURCE~1\Subroutines.c
 01B3                   .blkw 1
                        .area idata
 01B3 0009              .word _enum_cln_vac_str
                        .area data
 01B5                   .dbfile C:\Users\vbenton.crtsglobal\Desktop\temp\REV3~1.25\SOURCE~1\Subroutines.c
 01B5                   .blkb 2
                        .area idata
 01B5 0000              .byte 0,0
                        .area data
 01B7                   .dbfile C:\Users\vbenton.crtsglobal\Desktop\temp\REV3~1.25\SOURCE~1\Subroutines.c
 01B7                   .dbsym e LineUpClnVac _LineUpClnVac S[menu_var]
 01B7           _LineupTimeOnOff::
 01B7                   .blkb 4
                        .area idata
 01B7 3F800000          .word 0x3f80,0x0
                        .area data
 01BB                   .dbfile C:\Users\vbenton.crtsglobal\Desktop\temp\REV3~1.25\SOURCE~1\Subroutines.c
 01BB                   .blkb 4
                        .area idata
 01BB 3F800000          .word 0x3f80,0x0
                        .area data
 01BF                   .dbfile C:\Users\vbenton.crtsglobal\Desktop\temp\REV3~1.25\SOURCE~1\Subroutines.c
 01BF                   .blkb 4
                        .area idata
 01BF 3F800000          .word 0x3f80,0x0
                        .area data
 01C3                   .dbfile C:\Users\vbenton.crtsglobal\Desktop\temp\REV3~1.25\SOURCE~1\Subroutines.c
 01C3                   .blkb 4
                        .area idata
 01C3 40000000          .word 0x4000,0x0
                        .area data
 01C7                   .dbfile C:\Users\vbenton.crtsglobal\Desktop\temp\REV3~1.25\SOURCE~1\Subroutines.c
 01C7                   .blkb 1
                        .area idata
 01C7 00                .byte 0
                        .area data
 01C8                   .dbfile C:\Users\vbenton.crtsglobal\Desktop\temp\REV3~1.25\SOURCE~1\Subroutines.c
 01C8                   .blkb 1
                        .area idata
 01C8 03                .byte 3
                        .area data
 01C9                   .dbfile C:\Users\vbenton.crtsglobal\Desktop\temp\REV3~1.25\SOURCE~1\Subroutines.c
 01C9                   .blkb 4
                        .area idata
 01C9 4F464600          .byte 'O,'F,'F,0
                        .area data
 01CD                   .dbfile C:\Users\vbenton.crtsglobal\Desktop\temp\REV3~1.25\SOURCE~1\Subroutines.c
 01CD                   .blkb 8
                        .area idata
 01CD 0000000000000000  .byte 0,0,0,0,0,0,0,0
                        .area data
 01D5                   .dbfile C:\Users\vbenton.crtsglobal\Desktop\temp\REV3~1.25\SOURCE~1\Subroutines.c
 01D5                   .blkw 1
                        .area idata
 01D5 0001              .word _enum_off_on_str
                        .area data
 01D7                   .dbfile C:\Users\vbenton.crtsglobal\Desktop\temp\REV3~1.25\SOURCE~1\Subroutines.c
 01D7                   .blkb 2
                        .area idata
 01D7 0000              .byte 0,0
                        .area data
 01D9                   .dbfile C:\Users\vbenton.crtsglobal\Desktop\temp\REV3~1.25\SOURCE~1\Subroutines.c
 01D9                   .dbsym e LineupTimeOnOff _LineupTimeOnOff S[menu_var]
 01D9           _laSwitchPol::
 01D9                   .blkb 4
                        .area idata
 01D9 40000000          .word 0x4000,0x0
                        .area data
 01DD                   .dbfile C:\Users\vbenton.crtsglobal\Desktop\temp\REV3~1.25\SOURCE~1\Subroutines.c
 01DD                   .blkb 4
                        .area idata
 01DD 3F800000          .word 0x3f80,0x0
                        .area data
 01E1                   .dbfile C:\Users\vbenton.crtsglobal\Desktop\temp\REV3~1.25\SOURCE~1\Subroutines.c
 01E1                   .blkb 4
                        .area idata
 01E1 3F800000          .word 0x3f80,0x0
                        .area data
 01E5                   .dbfile C:\Users\vbenton.crtsglobal\Desktop\temp\REV3~1.25\SOURCE~1\Subroutines.c
 01E5                   .blkb 4
                        .area idata
 01E5 40000000          .word 0x4000,0x0
                        .area data
 01E9                   .dbfile C:\Users\vbenton.crtsglobal\Desktop\temp\REV3~1.25\SOURCE~1\Subroutines.c
 01E9                   .blkb 1
                        .area idata
 01E9 00                .byte 0
                        .area data
 01EA                   .dbfile C:\Users\vbenton.crtsglobal\Desktop\temp\REV3~1.25\SOURCE~1\Subroutines.c
 01EA                   .blkb 1
                        .area idata
 01EA 03                .byte 3
                        .area data
 01EB                   .dbfile C:\Users\vbenton.crtsglobal\Desktop\temp\REV3~1.25\SOURCE~1\Subroutines.c
 01EB                   .blkb 4
                        .area idata
 01EB 4E454700          .byte 'N,'E,'G,0
                        .area data
 01EF                   .dbfile C:\Users\vbenton.crtsglobal\Desktop\temp\REV3~1.25\SOURCE~1\Subroutines.c
 01EF                   .blkb 8
                        .area idata
 01EF 0000000000000000  .byte 0,0,0,0,0,0,0,0
                        .area data
 01F7                   .dbfile C:\Users\vbenton.crtsglobal\Desktop\temp\REV3~1.25\SOURCE~1\Subroutines.c
 01F7                   .blkw 1
                        .area idata
 01F7 0011              .word _enum_pos_neg_str
                        .area data
 01F9                   .dbfile C:\Users\vbenton.crtsglobal\Desktop\temp\REV3~1.25\SOURCE~1\Subroutines.c
 01F9                   .blkb 2
                        .area idata
 01F9 0000              .byte 0,0
                        .area data
 01FB                   .dbfile C:\Users\vbenton.crtsglobal\Desktop\temp\REV3~1.25\SOURCE~1\Subroutines.c
 01FB                   .dbsym e laSwitchPol _laSwitchPol S[menu_var]
 01FB           _VacDist1::
 01FB                   .blkb 4
                        .area idata
 01FB 42C80000          .word 0x42c8,0x0
                        .area data
 01FF                   .dbfile C:\Users\vbenton.crtsglobal\Desktop\temp\REV3~1.25\SOURCE~1\Subroutines.c
 01FF                   .blkb 4
                        .area idata
 01FF 3F800000          .word 0x3f80,0x0
                        .area data
 0203                   .dbfile C:\Users\vbenton.crtsglobal\Desktop\temp\REV3~1.25\SOURCE~1\Subroutines.c
 0203                   .blkb 4
                        .area idata
 0203 00000000          .word 0x0,0x0
                        .area data
 0207                   .dbfile C:\Users\vbenton.crtsglobal\Desktop\temp\REV3~1.25\SOURCE~1\Subroutines.c
 0207                   .blkb 4
                        .area idata
 0207 43960000          .word 0x4396,0x0
                        .area data
 020B                   .dbfile C:\Users\vbenton.crtsglobal\Desktop\temp\REV3~1.25\SOURCE~1\Subroutines.c
 020B                   .blkb 1
                        .area idata
 020B 00                .byte 0
                        .area data
 020C                   .dbfile C:\Users\vbenton.crtsglobal\Desktop\temp\REV3~1.25\SOURCE~1\Subroutines.c
 020C                   .blkb 1
                        .area idata
 020C 03                .byte 3
                        .area data
 020D                   .dbfile C:\Users\vbenton.crtsglobal\Desktop\temp\REV3~1.25\SOURCE~1\Subroutines.c
 020D                   .blkb 4
                        .area idata
 020D 31303000          .byte 49,48,48,0
                        .area data
 0211                   .dbfile C:\Users\vbenton.crtsglobal\Desktop\temp\REV3~1.25\SOURCE~1\Subroutines.c
 0211                   .blkb 8
                        .area idata
 0211 0000000000000000  .byte 0,0,0,0,0,0,0,0
                        .area data
 0219                   .dbfile C:\Users\vbenton.crtsglobal\Desktop\temp\REV3~1.25\SOURCE~1\Subroutines.c
 0219                   .blkw 1
                        .area idata
 0219 0000              .word _enum_NULL_str
                        .area data
 021B                   .dbfile C:\Users\vbenton.crtsglobal\Desktop\temp\REV3~1.25\SOURCE~1\Subroutines.c
 021B                   .blkb 2
                        .area idata
 021B 0000              .byte 0,0
                        .area data
 021D                   .dbfile C:\Users\vbenton.crtsglobal\Desktop\temp\REV3~1.25\SOURCE~1\Subroutines.c
 021D                   .dbsym e VacDist1 _VacDist1 S[menu_var]
 021D           _VacDist2::
 021D                   .blkb 4
                        .area idata
 021D 42C80000          .word 0x42c8,0x0
                        .area data
 0221                   .dbfile C:\Users\vbenton.crtsglobal\Desktop\temp\REV3~1.25\SOURCE~1\Subroutines.c
 0221                   .blkb 4
                        .area idata
 0221 3F800000          .word 0x3f80,0x0
                        .area data
 0225                   .dbfile C:\Users\vbenton.crtsglobal\Desktop\temp\REV3~1.25\SOURCE~1\Subroutines.c
 0225                   .blkb 4
                        .area idata
 0225 00000000          .word 0x0,0x0
                        .area data
 0229                   .dbfile C:\Users\vbenton.crtsglobal\Desktop\temp\REV3~1.25\SOURCE~1\Subroutines.c
 0229                   .blkb 4
                        .area idata
 0229 43960000          .word 0x4396,0x0
                        .area data
 022D                   .dbfile C:\Users\vbenton.crtsglobal\Desktop\temp\REV3~1.25\SOURCE~1\Subroutines.c
 022D                   .blkb 1
                        .area idata
 022D 00                .byte 0
                        .area data
 022E                   .dbfile C:\Users\vbenton.crtsglobal\Desktop\temp\REV3~1.25\SOURCE~1\Subroutines.c
 022E                   .blkb 1
                        .area idata
 022E 03                .byte 3
                        .area data
 022F                   .dbfile C:\Users\vbenton.crtsglobal\Desktop\temp\REV3~1.25\SOURCE~1\Subroutines.c
 022F                   .blkb 4
                        .area idata
 022F 31303000          .byte 49,48,48,0
                        .area data
 0233                   .dbfile C:\Users\vbenton.crtsglobal\Desktop\temp\REV3~1.25\SOURCE~1\Subroutines.c
 0233                   .blkb 8
                        .area idata
 0233 0000000000000000  .byte 0,0,0,0,0,0,0,0
                        .area data
 023B                   .dbfile C:\Users\vbenton.crtsglobal\Desktop\temp\REV3~1.25\SOURCE~1\Subroutines.c
 023B                   .blkw 1
                        .area idata
 023B 0000              .word _enum_NULL_str
                        .area data
 023D                   .dbfile C:\Users\vbenton.crtsglobal\Desktop\temp\REV3~1.25\SOURCE~1\Subroutines.c
 023D                   .blkb 2
                        .area idata
 023D 0000              .byte 0,0
                        .area data
 023F                   .dbfile C:\Users\vbenton.crtsglobal\Desktop\temp\REV3~1.25\SOURCE~1\Subroutines.c
 023F                   .dbsym e VacDist2 _VacDist2 S[menu_var]
 023F           _VacDist3::
 023F                   .blkb 4
                        .area idata
 023F 42C80000          .word 0x42c8,0x0
                        .area data
 0243                   .dbfile C:\Users\vbenton.crtsglobal\Desktop\temp\REV3~1.25\SOURCE~1\Subroutines.c
 0243                   .blkb 4
                        .area idata
 0243 3F800000          .word 0x3f80,0x0
                        .area data
 0247                   .dbfile C:\Users\vbenton.crtsglobal\Desktop\temp\REV3~1.25\SOURCE~1\Subroutines.c
 0247                   .blkb 4
                        .area idata
 0247 00000000          .word 0x0,0x0
                        .area data
 024B                   .dbfile C:\Users\vbenton.crtsglobal\Desktop\temp\REV3~1.25\SOURCE~1\Subroutines.c
 024B                   .blkb 4
                        .area idata
 024B 43960000          .word 0x4396,0x0
                        .area data
 024F                   .dbfile C:\Users\vbenton.crtsglobal\Desktop\temp\REV3~1.25\SOURCE~1\Subroutines.c
 024F                   .blkb 1
                        .area idata
 024F 00                .byte 0
                        .area data
 0250                   .dbfile C:\Users\vbenton.crtsglobal\Desktop\temp\REV3~1.25\SOURCE~1\Subroutines.c
 0250                   .blkb 1
                        .area idata
 0250 03                .byte 3
                        .area data
 0251                   .dbfile C:\Users\vbenton.crtsglobal\Desktop\temp\REV3~1.25\SOURCE~1\Subroutines.c
 0251                   .blkb 4
                        .area idata
 0251 31303000          .byte 49,48,48,0
                        .area data
 0255                   .dbfile C:\Users\vbenton.crtsglobal\Desktop\temp\REV3~1.25\SOURCE~1\Subroutines.c
 0255                   .blkb 8
                        .area idata
 0255 0000000000000000  .byte 0,0,0,0,0,0,0,0
                        .area data
 025D                   .dbfile C:\Users\vbenton.crtsglobal\Desktop\temp\REV3~1.25\SOURCE~1\Subroutines.c
 025D                   .blkw 1
                        .area idata
 025D 0000              .word _enum_NULL_str
                        .area data
 025F                   .dbfile C:\Users\vbenton.crtsglobal\Desktop\temp\REV3~1.25\SOURCE~1\Subroutines.c
 025F                   .blkb 2
                        .area idata
 025F 0000              .byte 0,0
                        .area data
 0261                   .dbfile C:\Users\vbenton.crtsglobal\Desktop\temp\REV3~1.25\SOURCE~1\Subroutines.c
 0261                   .dbsym e VacDist3 _VacDist3 S[menu_var]
 0261           _VacDist4::
 0261                   .blkb 4
                        .area idata
 0261 00000000          .word 0x0,0x0
                        .area data
 0265                   .dbfile C:\Users\vbenton.crtsglobal\Desktop\temp\REV3~1.25\SOURCE~1\Subroutines.c
 0265                   .blkb 4
                        .area idata
 0265 3F800000          .word 0x3f80,0x0
                        .area data
 0269                   .dbfile C:\Users\vbenton.crtsglobal\Desktop\temp\REV3~1.25\SOURCE~1\Subroutines.c
 0269                   .blkb 4
                        .area idata
 0269 00000000          .word 0x0,0x0
                        .area data
 026D                   .dbfile C:\Users\vbenton.crtsglobal\Desktop\temp\REV3~1.25\SOURCE~1\Subroutines.c
 026D                   .blkb 4
                        .area idata
 026D 43960000          .word 0x4396,0x0
                        .area data
 0271                   .dbfile C:\Users\vbenton.crtsglobal\Desktop\temp\REV3~1.25\SOURCE~1\Subroutines.c
 0271                   .blkb 1
                        .area idata
 0271 00                .byte 0
                        .area data
 0272                   .dbfile C:\Users\vbenton.crtsglobal\Desktop\temp\REV3~1.25\SOURCE~1\Subroutines.c
 0272                   .blkb 1
                        .area idata
 0272 03                .byte 3
                        .area data
 0273                   .dbfile C:\Users\vbenton.crtsglobal\Desktop\temp\REV3~1.25\SOURCE~1\Subroutines.c
 0273                   .blkb 4
                        .area idata
 0273 20203000          .byte 32,32,48,0
                        .area data
 0277                   .dbfile C:\Users\vbenton.crtsglobal\Desktop\temp\REV3~1.25\SOURCE~1\Subroutines.c
 0277                   .blkb 8
                        .area idata
 0277 0000000000000000  .byte 0,0,0,0,0,0,0,0
                        .area data
 027F                   .dbfile C:\Users\vbenton.crtsglobal\Desktop\temp\REV3~1.25\SOURCE~1\Subroutines.c
 027F                   .blkw 1
                        .area idata
 027F 0000              .word _enum_NULL_str
                        .area data
 0281                   .dbfile C:\Users\vbenton.crtsglobal\Desktop\temp\REV3~1.25\SOURCE~1\Subroutines.c
 0281                   .blkb 2
                        .area idata
 0281 0000              .byte 0,0
                        .area data
 0283                   .dbfile C:\Users\vbenton.crtsglobal\Desktop\temp\REV3~1.25\SOURCE~1\Subroutines.c
 0283                   .dbsym e VacDist4 _VacDist4 S[menu_var]
 0283           _VacDist5::
 0283                   .blkb 4
                        .area idata
 0283 00000000          .word 0x0,0x0
                        .area data
 0287                   .dbfile C:\Users\vbenton.crtsglobal\Desktop\temp\REV3~1.25\SOURCE~1\Subroutines.c
 0287                   .blkb 4
                        .area idata
 0287 3F800000          .word 0x3f80,0x0
                        .area data
 028B                   .dbfile C:\Users\vbenton.crtsglobal\Desktop\temp\REV3~1.25\SOURCE~1\Subroutines.c
 028B                   .blkb 4
                        .area idata
 028B 00000000          .word 0x0,0x0
                        .area data
 028F                   .dbfile C:\Users\vbenton.crtsglobal\Desktop\temp\REV3~1.25\SOURCE~1\Subroutines.c
 028F                   .blkb 4
                        .area idata
 028F 43960000          .word 0x4396,0x0
                        .area data
 0293                   .dbfile C:\Users\vbenton.crtsglobal\Desktop\temp\REV3~1.25\SOURCE~1\Subroutines.c
 0293                   .blkb 1
                        .area idata
 0293 00                .byte 0
                        .area data
 0294                   .dbfile C:\Users\vbenton.crtsglobal\Desktop\temp\REV3~1.25\SOURCE~1\Subroutines.c
 0294                   .blkb 1
                        .area idata
 0294 03                .byte 3
                        .area data
 0295                   .dbfile C:\Users\vbenton.crtsglobal\Desktop\temp\REV3~1.25\SOURCE~1\Subroutines.c
 0295                   .blkb 4
                        .area idata
 0295 20203000          .byte 32,32,48,0
                        .area data
 0299                   .dbfile C:\Users\vbenton.crtsglobal\Desktop\temp\REV3~1.25\SOURCE~1\Subroutines.c
 0299                   .blkb 8
                        .area idata
 0299 0000000000000000  .byte 0,0,0,0,0,0,0,0
                        .area data
 02A1                   .dbfile C:\Users\vbenton.crtsglobal\Desktop\temp\REV3~1.25\SOURCE~1\Subroutines.c
 02A1                   .blkw 1
                        .area idata
 02A1 0000              .word _enum_NULL_str
                        .area data
 02A3                   .dbfile C:\Users\vbenton.crtsglobal\Desktop\temp\REV3~1.25\SOURCE~1\Subroutines.c
 02A3                   .blkb 2
                        .area idata
 02A3 0000              .byte 0,0
                        .area data
 02A5                   .dbfile C:\Users\vbenton.crtsglobal\Desktop\temp\REV3~1.25\SOURCE~1\Subroutines.c
 02A5                   .dbsym e VacDist5 _VacDist5 S[menu_var]
 02A5           _VacSpeed1::
 02A5                   .blkb 4
                        .area idata
 02A5 3F800000          .word 0x3f80,0x0
                        .area data
 02A9                   .dbfile C:\Users\vbenton.crtsglobal\Desktop\temp\REV3~1.25\SOURCE~1\Subroutines.c
 02A9                   .blkb 4
                        .area idata
 02A9 3F800000          .word 0x3f80,0x0
                        .area data
 02AD                   .dbfile C:\Users\vbenton.crtsglobal\Desktop\temp\REV3~1.25\SOURCE~1\Subroutines.c
 02AD                   .blkb 4
                        .area idata
 02AD 3F800000          .word 0x3f80,0x0
                        .area data
 02B1                   .dbfile C:\Users\vbenton.crtsglobal\Desktop\temp\REV3~1.25\SOURCE~1\Subroutines.c
 02B1                   .blkb 4
                        .area idata
 02B1 40400000          .word 0x4040,0x0
                        .area data
 02B5                   .dbfile C:\Users\vbenton.crtsglobal\Desktop\temp\REV3~1.25\SOURCE~1\Subroutines.c
 02B5                   .blkb 1
                        .area idata
 02B5 00                .byte 0
                        .area data
 02B6                   .dbfile C:\Users\vbenton.crtsglobal\Desktop\temp\REV3~1.25\SOURCE~1\Subroutines.c
 02B6                   .blkb 1
                        .area idata
 02B6 05                .byte 5
                        .area data
 02B7                   .dbfile C:\Users\vbenton.crtsglobal\Desktop\temp\REV3~1.25\SOURCE~1\Subroutines.c
 02B7                   .blkb 6
                        .area idata
 02B7 4558534C5700      .byte 'E,'X,'S,'L,'W,0
                        .area data
 02BD                   .dbfile C:\Users\vbenton.crtsglobal\Desktop\temp\REV3~1.25\SOURCE~1\Subroutines.c
 02BD                   .blkb 6
                        .area idata
 02BD 000000000000      .byte 0,0,0,0,0,0
                        .area data
 02C3                   .dbfile C:\Users\vbenton.crtsglobal\Desktop\temp\REV3~1.25\SOURCE~1\Subroutines.c
 02C3                   .blkw 1
                        .area idata
 02C3 0019              .word _enum_slow_fast_str
                        .area data
 02C5                   .dbfile C:\Users\vbenton.crtsglobal\Desktop\temp\REV3~1.25\SOURCE~1\Subroutines.c
 02C5                   .blkb 2
                        .area idata
 02C5 0000              .byte 0,0
                        .area data
 02C7                   .dbfile C:\Users\vbenton.crtsglobal\Desktop\temp\REV3~1.25\SOURCE~1\Subroutines.c
 02C7                   .dbsym e VacSpeed1 _VacSpeed1 S[menu_var]
 02C7           _VacSpeed2::
 02C7                   .blkb 4
                        .area idata
 02C7 3F800000          .word 0x3f80,0x0
                        .area data
 02CB                   .dbfile C:\Users\vbenton.crtsglobal\Desktop\temp\REV3~1.25\SOURCE~1\Subroutines.c
 02CB                   .blkb 4
                        .area idata
 02CB 3F800000          .word 0x3f80,0x0
                        .area data
 02CF                   .dbfile C:\Users\vbenton.crtsglobal\Desktop\temp\REV3~1.25\SOURCE~1\Subroutines.c
 02CF                   .blkb 4
                        .area idata
 02CF 3F800000          .word 0x3f80,0x0
                        .area data
 02D3                   .dbfile C:\Users\vbenton.crtsglobal\Desktop\temp\REV3~1.25\SOURCE~1\Subroutines.c
 02D3                   .blkb 4
                        .area idata
 02D3 40400000          .word 0x4040,0x0
                        .area data
 02D7                   .dbfile C:\Users\vbenton.crtsglobal\Desktop\temp\REV3~1.25\SOURCE~1\Subroutines.c
 02D7                   .blkb 1
                        .area idata
 02D7 00                .byte 0
                        .area data
 02D8                   .dbfile C:\Users\vbenton.crtsglobal\Desktop\temp\REV3~1.25\SOURCE~1\Subroutines.c
 02D8                   .blkb 1
                        .area idata
 02D8 05                .byte 5
                        .area data
 02D9                   .dbfile C:\Users\vbenton.crtsglobal\Desktop\temp\REV3~1.25\SOURCE~1\Subroutines.c
 02D9                   .blkb 6
                        .area idata
 02D9 4558534C5700      .byte 'E,'X,'S,'L,'W,0
                        .area data
 02DF                   .dbfile C:\Users\vbenton.crtsglobal\Desktop\temp\REV3~1.25\SOURCE~1\Subroutines.c
 02DF                   .blkb 6
                        .area idata
 02DF 000000000000      .byte 0,0,0,0,0,0
                        .area data
 02E5                   .dbfile C:\Users\vbenton.crtsglobal\Desktop\temp\REV3~1.25\SOURCE~1\Subroutines.c
 02E5                   .blkw 1
                        .area idata
 02E5 0019              .word _enum_slow_fast_str
                        .area data
 02E7                   .dbfile C:\Users\vbenton.crtsglobal\Desktop\temp\REV3~1.25\SOURCE~1\Subroutines.c
 02E7                   .blkb 2
                        .area idata
 02E7 0000              .byte 0,0
                        .area data
 02E9                   .dbfile C:\Users\vbenton.crtsglobal\Desktop\temp\REV3~1.25\SOURCE~1\Subroutines.c
 02E9                   .dbsym e VacSpeed2 _VacSpeed2 S[menu_var]
 02E9           _VacSpeed3::
 02E9                   .blkb 4
                        .area idata
 02E9 3F800000          .word 0x3f80,0x0
                        .area data
 02ED                   .dbfile C:\Users\vbenton.crtsglobal\Desktop\temp\REV3~1.25\SOURCE~1\Subroutines.c
 02ED                   .blkb 4
                        .area idata
 02ED 3F800000          .word 0x3f80,0x0
                        .area data
 02F1                   .dbfile C:\Users\vbenton.crtsglobal\Desktop\temp\REV3~1.25\SOURCE~1\Subroutines.c
 02F1                   .blkb 4
                        .area idata
 02F1 3F800000          .word 0x3f80,0x0
                        .area data
 02F5                   .dbfile C:\Users\vbenton.crtsglobal\Desktop\temp\REV3~1.25\SOURCE~1\Subroutines.c
 02F5                   .blkb 4
                        .area idata
 02F5 40400000          .word 0x4040,0x0
                        .area data
 02F9                   .dbfile C:\Users\vbenton.crtsglobal\Desktop\temp\REV3~1.25\SOURCE~1\Subroutines.c
 02F9                   .blkb 1
                        .area idata
 02F9 00                .byte 0
                        .area data
 02FA                   .dbfile C:\Users\vbenton.crtsglobal\Desktop\temp\REV3~1.25\SOURCE~1\Subroutines.c
 02FA                   .blkb 1
                        .area idata
 02FA 05                .byte 5
                        .area data
 02FB                   .dbfile C:\Users\vbenton.crtsglobal\Desktop\temp\REV3~1.25\SOURCE~1\Subroutines.c
 02FB                   .blkb 6
                        .area idata
 02FB 4558534C5700      .byte 'E,'X,'S,'L,'W,0
                        .area data
 0301                   .dbfile C:\Users\vbenton.crtsglobal\Desktop\temp\REV3~1.25\SOURCE~1\Subroutines.c
 0301                   .blkb 6
                        .area idata
 0301 000000000000      .byte 0,0,0,0,0,0
                        .area data
 0307                   .dbfile C:\Users\vbenton.crtsglobal\Desktop\temp\REV3~1.25\SOURCE~1\Subroutines.c
 0307                   .blkw 1
                        .area idata
 0307 0019              .word _enum_slow_fast_str
                        .area data
 0309                   .dbfile C:\Users\vbenton.crtsglobal\Desktop\temp\REV3~1.25\SOURCE~1\Subroutines.c
 0309                   .blkb 2
                        .area idata
 0309 0000              .byte 0,0
                        .area data
 030B                   .dbfile C:\Users\vbenton.crtsglobal\Desktop\temp\REV3~1.25\SOURCE~1\Subroutines.c
 030B                   .dbsym e VacSpeed3 _VacSpeed3 S[menu_var]
 030B           _VacSpeed4::
 030B                   .blkb 4
                        .area idata
 030B 3F800000          .word 0x3f80,0x0
                        .area data
 030F                   .dbfile C:\Users\vbenton.crtsglobal\Desktop\temp\REV3~1.25\SOURCE~1\Subroutines.c
 030F                   .blkb 4
                        .area idata
 030F 3F800000          .word 0x3f80,0x0
                        .area data
 0313                   .dbfile C:\Users\vbenton.crtsglobal\Desktop\temp\REV3~1.25\SOURCE~1\Subroutines.c
 0313                   .blkb 4
                        .area idata
 0313 3F800000          .word 0x3f80,0x0
                        .area data
 0317                   .dbfile C:\Users\vbenton.crtsglobal\Desktop\temp\REV3~1.25\SOURCE~1\Subroutines.c
 0317                   .blkb 4
                        .area idata
 0317 40400000          .word 0x4040,0x0
                        .area data
 031B                   .dbfile C:\Users\vbenton.crtsglobal\Desktop\temp\REV3~1.25\SOURCE~1\Subroutines.c
 031B                   .blkb 1
                        .area idata
 031B 00                .byte 0
                        .area data
 031C                   .dbfile C:\Users\vbenton.crtsglobal\Desktop\temp\REV3~1.25\SOURCE~1\Subroutines.c
 031C                   .blkb 1
                        .area idata
 031C 05                .byte 5
                        .area data
 031D                   .dbfile C:\Users\vbenton.crtsglobal\Desktop\temp\REV3~1.25\SOURCE~1\Subroutines.c
 031D                   .blkb 6
                        .area idata
 031D 4558534C5700      .byte 'E,'X,'S,'L,'W,0
                        .area data
 0323                   .dbfile C:\Users\vbenton.crtsglobal\Desktop\temp\REV3~1.25\SOURCE~1\Subroutines.c
 0323                   .blkb 6
                        .area idata
 0323 000000000000      .byte 0,0,0,0,0,0
                        .area data
 0329                   .dbfile C:\Users\vbenton.crtsglobal\Desktop\temp\REV3~1.25\SOURCE~1\Subroutines.c
 0329                   .blkw 1
                        .area idata
 0329 0019              .word _enum_slow_fast_str
                        .area data
 032B                   .dbfile C:\Users\vbenton.crtsglobal\Desktop\temp\REV3~1.25\SOURCE~1\Subroutines.c
 032B                   .blkb 2
                        .area idata
 032B 0000              .byte 0,0
                        .area data
 032D                   .dbfile C:\Users\vbenton.crtsglobal\Desktop\temp\REV3~1.25\SOURCE~1\Subroutines.c
 032D                   .dbsym e VacSpeed4 _VacSpeed4 S[menu_var]
 032D           _VacSpeed5::
 032D                   .blkb 4
                        .area idata
 032D 3F800000          .word 0x3f80,0x0
                        .area data
 0331                   .dbfile C:\Users\vbenton.crtsglobal\Desktop\temp\REV3~1.25\SOURCE~1\Subroutines.c
 0331                   .blkb 4
                        .area idata
 0331 3F800000          .word 0x3f80,0x0
                        .area data
 0335                   .dbfile C:\Users\vbenton.crtsglobal\Desktop\temp\REV3~1.25\SOURCE~1\Subroutines.c
 0335                   .blkb 4
                        .area idata
 0335 3F800000          .word 0x3f80,0x0
                        .area data
 0339                   .dbfile C:\Users\vbenton.crtsglobal\Desktop\temp\REV3~1.25\SOURCE~1\Subroutines.c
 0339                   .blkb 4
                        .area idata
 0339 40400000          .word 0x4040,0x0
                        .area data
 033D                   .dbfile C:\Users\vbenton.crtsglobal\Desktop\temp\REV3~1.25\SOURCE~1\Subroutines.c
 033D                   .blkb 1
                        .area idata
 033D 00                .byte 0
                        .area data
 033E                   .dbfile C:\Users\vbenton.crtsglobal\Desktop\temp\REV3~1.25\SOURCE~1\Subroutines.c
 033E                   .blkb 1
                        .area idata
 033E 05                .byte 5
                        .area data
 033F                   .dbfile C:\Users\vbenton.crtsglobal\Desktop\temp\REV3~1.25\SOURCE~1\Subroutines.c
 033F                   .blkb 6
                        .area idata
 033F 4558534C5700      .byte 'E,'X,'S,'L,'W,0
                        .area data
 0345                   .dbfile C:\Users\vbenton.crtsglobal\Desktop\temp\REV3~1.25\SOURCE~1\Subroutines.c
 0345                   .blkb 6
                        .area idata
 0345 000000000000      .byte 0,0,0,0,0,0
                        .area data
 034B                   .dbfile C:\Users\vbenton.crtsglobal\Desktop\temp\REV3~1.25\SOURCE~1\Subroutines.c
 034B                   .blkw 1
                        .area idata
 034B 0019              .word _enum_slow_fast_str
                        .area data
 034D                   .dbfile C:\Users\vbenton.crtsglobal\Desktop\temp\REV3~1.25\SOURCE~1\Subroutines.c
 034D                   .blkb 2
                        .area idata
 034D 0000              .byte 0,0
                        .area data
 034F                   .dbfile C:\Users\vbenton.crtsglobal\Desktop\temp\REV3~1.25\SOURCE~1\Subroutines.c
 034F                   .dbsym e VacSpeed5 _VacSpeed5 S[menu_var]
 034F           _LowSetPoint::
 034F                   .blkb 4
                        .area idata
 034F 42B40000          .word 0x42b4,0x0
                        .area data
 0353                   .dbfile C:\Users\vbenton.crtsglobal\Desktop\temp\REV3~1.25\SOURCE~1\Subroutines.c
 0353                   .blkb 4
                        .area idata
 0353 3F800000          .word 0x3f80,0x0
                        .area data
 0357                   .dbfile C:\Users\vbenton.crtsglobal\Desktop\temp\REV3~1.25\SOURCE~1\Subroutines.c
 0357                   .blkb 4
                        .area idata
 0357 41200000          .word 0x4120,0x0
                        .area data
 035B                   .dbfile C:\Users\vbenton.crtsglobal\Desktop\temp\REV3~1.25\SOURCE~1\Subroutines.c
 035B                   .blkb 4
                        .area idata
 035B 42B40000          .word 0x42b4,0x0
                        .area data
 035F                   .dbfile C:\Users\vbenton.crtsglobal\Desktop\temp\REV3~1.25\SOURCE~1\Subroutines.c
 035F                   .blkb 1
                        .area idata
 035F 00                .byte 0
                        .area data
 0360                   .dbfile C:\Users\vbenton.crtsglobal\Desktop\temp\REV3~1.25\SOURCE~1\Subroutines.c
 0360                   .blkb 1
                        .area idata
 0360 02                .byte 2
                        .area data
 0361                   .dbfile C:\Users\vbenton.crtsglobal\Desktop\temp\REV3~1.25\SOURCE~1\Subroutines.c
 0361                   .blkb 3
                        .area idata
 0361 393000            .byte 57,48,0
                        .area data
 0364                   .dbfile C:\Users\vbenton.crtsglobal\Desktop\temp\REV3~1.25\SOURCE~1\Subroutines.c
 0364                   .blkb 9
                        .area idata
 0364 000000000000000000        .byte 0,0,0,0,0,0,0,0,0
                        .area data
 036D                   .dbfile C:\Users\vbenton.crtsglobal\Desktop\temp\REV3~1.25\SOURCE~1\Subroutines.c
 036D                   .blkw 1
                        .area idata
 036D 0000              .word _enum_NULL_str
                        .area data
 036F                   .dbfile C:\Users\vbenton.crtsglobal\Desktop\temp\REV3~1.25\SOURCE~1\Subroutines.c
 036F                   .blkb 2
                        .area idata
 036F 0000              .byte 0,0
                        .area data
 0371                   .dbfile C:\Users\vbenton.crtsglobal\Desktop\temp\REV3~1.25\SOURCE~1\Subroutines.c
 0371                   .dbsym e LowSetPoint _LowSetPoint S[menu_var]
 0371           _HighSetPoint::
 0371                   .blkb 4
                        .area idata
 0371 42C80000          .word 0x42c8,0x0
                        .area data
 0375                   .dbfile C:\Users\vbenton.crtsglobal\Desktop\temp\REV3~1.25\SOURCE~1\Subroutines.c
 0375                   .blkb 4
                        .area idata
 0375 3F800000          .word 0x3f80,0x0
                        .area data
 0379                   .dbfile C:\Users\vbenton.crtsglobal\Desktop\temp\REV3~1.25\SOURCE~1\Subroutines.c
 0379                   .blkb 4
                        .area idata
 0379 41A00000          .word 0x41a0,0x0
                        .area data
 037D                   .dbfile C:\Users\vbenton.crtsglobal\Desktop\temp\REV3~1.25\SOURCE~1\Subroutines.c
 037D                   .blkb 4
                        .area idata
 037D 42C80000          .word 0x42c8,0x0
                        .area data
 0381                   .dbfile C:\Users\vbenton.crtsglobal\Desktop\temp\REV3~1.25\SOURCE~1\Subroutines.c
 0381                   .blkb 1
                        .area idata
 0381 00                .byte 0
                        .area data
 0382                   .dbfile C:\Users\vbenton.crtsglobal\Desktop\temp\REV3~1.25\SOURCE~1\Subroutines.c
 0382                   .blkb 1
                        .area idata
 0382 03                .byte 3
                        .area data
 0383                   .dbfile C:\Users\vbenton.crtsglobal\Desktop\temp\REV3~1.25\SOURCE~1\Subroutines.c
 0383                   .blkb 4
                        .area idata
 0383 31303000          .byte 49,48,48,0
                        .area data
 0387                   .dbfile C:\Users\vbenton.crtsglobal\Desktop\temp\REV3~1.25\SOURCE~1\Subroutines.c
 0387                   .blkb 8
                        .area idata
 0387 0000000000000000  .byte 0,0,0,0,0,0,0,0
                        .area data
 038F                   .dbfile C:\Users\vbenton.crtsglobal\Desktop\temp\REV3~1.25\SOURCE~1\Subroutines.c
 038F                   .blkw 1
                        .area idata
 038F 0000              .word _enum_NULL_str
                        .area data
 0391                   .dbfile C:\Users\vbenton.crtsglobal\Desktop\temp\REV3~1.25\SOURCE~1\Subroutines.c
 0391                   .blkb 2
                        .area idata
 0391 0000              .byte 0,0
                        .area data
 0393                   .dbfile C:\Users\vbenton.crtsglobal\Desktop\temp\REV3~1.25\SOURCE~1\Subroutines.c
 0393                   .dbsym e HighSetPoint _HighSetPoint S[menu_var]
 0393           _MachineSize::
 0393                   .blkb 4
                        .area idata
 0393 3F800000          .word 0x3f80,0x0
                        .area data
 0397                   .dbfile C:\Users\vbenton.crtsglobal\Desktop\temp\REV3~1.25\SOURCE~1\Subroutines.c
 0397                   .blkb 4
                        .area idata
 0397 3F800000          .word 0x3f80,0x0
                        .area data
 039B                   .dbfile C:\Users\vbenton.crtsglobal\Desktop\temp\REV3~1.25\SOURCE~1\Subroutines.c
 039B                   .blkb 4
                        .area idata
 039B 3F800000          .word 0x3f80,0x0
                        .area data
 039F                   .dbfile C:\Users\vbenton.crtsglobal\Desktop\temp\REV3~1.25\SOURCE~1\Subroutines.c
 039F                   .blkb 4
                        .area idata
 039F 40800000          .word 0x4080,0x0
                        .area data
 03A3                   .dbfile C:\Users\vbenton.crtsglobal\Desktop\temp\REV3~1.25\SOURCE~1\Subroutines.c
 03A3                   .blkb 1
                        .area idata
 03A3 00                .byte 0
                        .area data
 03A4                   .dbfile C:\Users\vbenton.crtsglobal\Desktop\temp\REV3~1.25\SOURCE~1\Subroutines.c
 03A4                   .blkb 1
                        .area idata
 03A4 05                .byte 5
                        .area data
 03A5                   .dbfile C:\Users\vbenton.crtsglobal\Desktop\temp\REV3~1.25\SOURCE~1\Subroutines.c
 03A5                   .blkb 6
                        .area idata
 03A5 30382D313000      .byte 48,56,45,49,48,0
                        .area data
 03AB                   .dbfile C:\Users\vbenton.crtsglobal\Desktop\temp\REV3~1.25\SOURCE~1\Subroutines.c
 03AB                   .blkb 6
                        .area idata
 03AB 000000000000      .byte 0,0,0,0,0,0
                        .area data
 03B1                   .dbfile C:\Users\vbenton.crtsglobal\Desktop\temp\REV3~1.25\SOURCE~1\Subroutines.c
 03B1                   .blkw 1
                        .area idata
 03B1 0062              .word _enum_machinesize_str
                        .area data
 03B3                   .dbfile C:\Users\vbenton.crtsglobal\Desktop\temp\REV3~1.25\SOURCE~1\Subroutines.c
 03B3                   .blkb 2
                        .area idata
 03B3 0000              .byte 0,0
                        .area data
 03B5                   .dbfile C:\Users\vbenton.crtsglobal\Desktop\temp\REV3~1.25\SOURCE~1\Subroutines.c
 03B5                   .dbsym e MachineSize _MachineSize S[menu_var]
 03B5           _ZoomSpeed::
 03B5                   .blkb 4
                        .area idata
 03B5 42C80000          .word 0x42c8,0x0
                        .area data
 03B9                   .dbfile C:\Users\vbenton.crtsglobal\Desktop\temp\REV3~1.25\SOURCE~1\Subroutines.c
 03B9                   .blkb 4
                        .area idata
 03B9 3F800000          .word 0x3f80,0x0
                        .area data
 03BD                   .dbfile C:\Users\vbenton.crtsglobal\Desktop\temp\REV3~1.25\SOURCE~1\Subroutines.c
 03BD                   .blkb 4
                        .area idata
 03BD 00000000          .word 0x0,0x0
                        .area data
 03C1                   .dbfile C:\Users\vbenton.crtsglobal\Desktop\temp\REV3~1.25\SOURCE~1\Subroutines.c
 03C1                   .blkb 4
                        .area idata
 03C1 42C80000          .word 0x42c8,0x0
                        .area data
 03C5                   .dbfile C:\Users\vbenton.crtsglobal\Desktop\temp\REV3~1.25\SOURCE~1\Subroutines.c
 03C5                   .blkb 1
                        .area idata
 03C5 00                .byte 0
                        .area data
 03C6                   .dbfile C:\Users\vbenton.crtsglobal\Desktop\temp\REV3~1.25\SOURCE~1\Subroutines.c
 03C6                   .blkb 1
                        .area idata
 03C6 03                .byte 3
                        .area data
 03C7                   .dbfile C:\Users\vbenton.crtsglobal\Desktop\temp\REV3~1.25\SOURCE~1\Subroutines.c
 03C7                   .blkb 4
                        .area idata
 03C7 31303000          .byte 49,48,48,0
                        .area data
 03CB                   .dbfile C:\Users\vbenton.crtsglobal\Desktop\temp\REV3~1.25\SOURCE~1\Subroutines.c
 03CB                   .blkb 8
                        .area idata
 03CB 0000000000000000  .byte 0,0,0,0,0,0,0,0
                        .area data
 03D3                   .dbfile C:\Users\vbenton.crtsglobal\Desktop\temp\REV3~1.25\SOURCE~1\Subroutines.c
 03D3                   .blkw 1
                        .area idata
 03D3 0000              .word _enum_NULL_str
                        .area data
 03D5                   .dbfile C:\Users\vbenton.crtsglobal\Desktop\temp\REV3~1.25\SOURCE~1\Subroutines.c
 03D5                   .blkb 2
                        .area idata
 03D5 0000              .byte 0,0
                        .area data
 03D7                   .dbfile C:\Users\vbenton.crtsglobal\Desktop\temp\REV3~1.25\SOURCE~1\Subroutines.c
 03D7                   .dbsym e ZoomSpeed _ZoomSpeed S[menu_var]
 03D7           _FocusSpeed::
 03D7                   .blkb 4
                        .area idata
 03D7 42C80000          .word 0x42c8,0x0
                        .area data
 03DB                   .dbfile C:\Users\vbenton.crtsglobal\Desktop\temp\REV3~1.25\SOURCE~1\Subroutines.c
 03DB                   .blkb 4
                        .area idata
 03DB 3F800000          .word 0x3f80,0x0
                        .area data
 03DF                   .dbfile C:\Users\vbenton.crtsglobal\Desktop\temp\REV3~1.25\SOURCE~1\Subroutines.c
 03DF                   .blkb 4
                        .area idata
 03DF 00000000          .word 0x0,0x0
                        .area data
 03E3                   .dbfile C:\Users\vbenton.crtsglobal\Desktop\temp\REV3~1.25\SOURCE~1\Subroutines.c
 03E3                   .blkb 4
                        .area idata
 03E3 42C80000          .word 0x42c8,0x0
                        .area data
 03E7                   .dbfile C:\Users\vbenton.crtsglobal\Desktop\temp\REV3~1.25\SOURCE~1\Subroutines.c
 03E7                   .blkb 1
                        .area idata
 03E7 00                .byte 0
                        .area data
 03E8                   .dbfile C:\Users\vbenton.crtsglobal\Desktop\temp\REV3~1.25\SOURCE~1\Subroutines.c
 03E8                   .blkb 1
                        .area idata
 03E8 03                .byte 3
                        .area data
 03E9                   .dbfile C:\Users\vbenton.crtsglobal\Desktop\temp\REV3~1.25\SOURCE~1\Subroutines.c
 03E9                   .blkb 4
                        .area idata
 03E9 31303000          .byte 49,48,48,0
                        .area data
 03ED                   .dbfile C:\Users\vbenton.crtsglobal\Desktop\temp\REV3~1.25\SOURCE~1\Subroutines.c
 03ED                   .blkb 8
                        .area idata
 03ED 0000000000000000  .byte 0,0,0,0,0,0,0,0
                        .area data
 03F5                   .dbfile C:\Users\vbenton.crtsglobal\Desktop\temp\REV3~1.25\SOURCE~1\Subroutines.c
 03F5                   .blkw 1
                        .area idata
 03F5 0000              .word _enum_NULL_str
                        .area data
 03F7                   .dbfile C:\Users\vbenton.crtsglobal\Desktop\temp\REV3~1.25\SOURCE~1\Subroutines.c
 03F7                   .blkb 2
                        .area idata
 03F7 0000              .byte 0,0
                        .area data
 03F9                   .dbfile C:\Users\vbenton.crtsglobal\Desktop\temp\REV3~1.25\SOURCE~1\Subroutines.c
 03F9                   .dbsym e FocusSpeed _FocusSpeed S[menu_var]
 03F9           _LightLevel::
 03F9                   .blkb 4
                        .area idata
 03F9 42C80000          .word 0x42c8,0x0
                        .area data
 03FD                   .dbfile C:\Users\vbenton.crtsglobal\Desktop\temp\REV3~1.25\SOURCE~1\Subroutines.c
 03FD                   .blkb 4
                        .area idata
 03FD 3F800000          .word 0x3f80,0x0
                        .area data
 0401                   .dbfile C:\Users\vbenton.crtsglobal\Desktop\temp\REV3~1.25\SOURCE~1\Subroutines.c
 0401                   .blkb 4
                        .area idata
 0401 00000000          .word 0x0,0x0
                        .area data
 0405                   .dbfile C:\Users\vbenton.crtsglobal\Desktop\temp\REV3~1.25\SOURCE~1\Subroutines.c
 0405                   .blkb 4
                        .area idata
 0405 42C80000          .word 0x42c8,0x0
                        .area data
 0409                   .dbfile C:\Users\vbenton.crtsglobal\Desktop\temp\REV3~1.25\SOURCE~1\Subroutines.c
 0409                   .blkb 1
                        .area idata
 0409 00                .byte 0
                        .area data
 040A                   .dbfile C:\Users\vbenton.crtsglobal\Desktop\temp\REV3~1.25\SOURCE~1\Subroutines.c
 040A                   .blkb 1
                        .area idata
 040A 03                .byte 3
                        .area data
 040B                   .dbfile C:\Users\vbenton.crtsglobal\Desktop\temp\REV3~1.25\SOURCE~1\Subroutines.c
 040B                   .blkb 4
                        .area idata
 040B 31303000          .byte 49,48,48,0
                        .area data
 040F                   .dbfile C:\Users\vbenton.crtsglobal\Desktop\temp\REV3~1.25\SOURCE~1\Subroutines.c
 040F                   .blkb 8
                        .area idata
 040F 0000000000000000  .byte 0,0,0,0,0,0,0,0
                        .area data
 0417                   .dbfile C:\Users\vbenton.crtsglobal\Desktop\temp\REV3~1.25\SOURCE~1\Subroutines.c
 0417                   .blkw 1
                        .area idata
 0417 0000              .word _enum_NULL_str
                        .area data
 0419                   .dbfile C:\Users\vbenton.crtsglobal\Desktop\temp\REV3~1.25\SOURCE~1\Subroutines.c
 0419                   .blkb 2
                        .area idata
 0419 0000              .byte 0,0
                        .area data
 041B                   .dbfile C:\Users\vbenton.crtsglobal\Desktop\temp\REV3~1.25\SOURCE~1\Subroutines.c
 041B                   .dbsym e LightLevel _LightLevel S[menu_var]
 041B           _AdvanceTime::
 041B                   .blkb 4
                        .area idata
 041B 3F800000          .word 0x3f80,0x0
                        .area data
 041F                   .dbfile C:\Users\vbenton.crtsglobal\Desktop\temp\REV3~1.25\SOURCE~1\Subroutines.c
 041F                   .blkb 4
                        .area idata
 041F 3F800000          .word 0x3f80,0x0
                        .area data
 0423                   .dbfile C:\Users\vbenton.crtsglobal\Desktop\temp\REV3~1.25\SOURCE~1\Subroutines.c
 0423                   .blkb 4
                        .area idata
 0423 3F800000          .word 0x3f80,0x0
                        .area data
 0427                   .dbfile C:\Users\vbenton.crtsglobal\Desktop\temp\REV3~1.25\SOURCE~1\Subroutines.c
 0427                   .blkb 4
                        .area idata
 0427 40A00000          .word 0x40a0,0x0
                        .area data
 042B                   .dbfile C:\Users\vbenton.crtsglobal\Desktop\temp\REV3~1.25\SOURCE~1\Subroutines.c
 042B                   .blkb 1
                        .area idata
 042B 00                .byte 0
                        .area data
 042C                   .dbfile C:\Users\vbenton.crtsglobal\Desktop\temp\REV3~1.25\SOURCE~1\Subroutines.c
 042C                   .blkb 1
                        .area idata
 042C 01                .byte 1
                        .area data
 042D                   .dbfile C:\Users\vbenton.crtsglobal\Desktop\temp\REV3~1.25\SOURCE~1\Subroutines.c
 042D                   .blkb 2
                        .area idata
 042D 3100              .byte 49,0
                        .area data
 042F                   .dbfile C:\Users\vbenton.crtsglobal\Desktop\temp\REV3~1.25\SOURCE~1\Subroutines.c
 042F                   .blkb 10
                        .area idata
 042F 00000000000000000000      .byte 0,0,0,0,0,0,0,0,0,0
                        .area data
 0439                   .dbfile C:\Users\vbenton.crtsglobal\Desktop\temp\REV3~1.25\SOURCE~1\Subroutines.c
 0439                   .blkw 1
                        .area idata
 0439 0000              .word _enum_NULL_str
                        .area data
 043B                   .dbfile C:\Users\vbenton.crtsglobal\Desktop\temp\REV3~1.25\SOURCE~1\Subroutines.c
 043B                   .blkb 2
                        .area idata
 043B 0000              .byte 0,0
                        .area data
 043D                   .dbfile C:\Users\vbenton.crtsglobal\Desktop\temp\REV3~1.25\SOURCE~1\Subroutines.c
 043D                   .dbsym e AdvanceTime _AdvanceTime S[menu_var]
 043D           _CamTag::
 043D                   .blkb 4
                        .area idata
 043D 3F800000          .word 0x3f80,0x0
                        .area data
 0441                   .dbfile C:\Users\vbenton.crtsglobal\Desktop\temp\REV3~1.25\SOURCE~1\Subroutines.c
 0441                   .blkb 4
                        .area idata
 0441 3F800000          .word 0x3f80,0x0
                        .area data
 0445                   .dbfile C:\Users\vbenton.crtsglobal\Desktop\temp\REV3~1.25\SOURCE~1\Subroutines.c
 0445                   .blkb 4
                        .area idata
 0445 3F800000          .word 0x3f80,0x0
                        .area data
 0449                   .dbfile C:\Users\vbenton.crtsglobal\Desktop\temp\REV3~1.25\SOURCE~1\Subroutines.c
 0449                   .blkb 4
                        .area idata
 0449 42380000          .word 0x4238,0x0
                        .area data
 044D                   .dbfile C:\Users\vbenton.crtsglobal\Desktop\temp\REV3~1.25\SOURCE~1\Subroutines.c
 044D                   .blkb 1
                        .area idata
 044D 00                .byte 0
                        .area data
 044E                   .dbfile C:\Users\vbenton.crtsglobal\Desktop\temp\REV3~1.25\SOURCE~1\Subroutines.c
 044E                   .blkb 1
                        .area idata
 044E F5                .byte 245
                        .area data
 044F                   .dbfile C:\Users\vbenton.crtsglobal\Desktop\temp\REV3~1.25\SOURCE~1\Subroutines.c
 044F                   .blkb 12
                        .area idata
 044F 434C45414E45522043414D00  .byte 'C,'L,'E,'A,'N,'E,'R,32,'C,'A,'M,0
                        .area data
 045B                   .dbfile C:\Users\vbenton.crtsglobal\Desktop\temp\REV3~1.25\SOURCE~1\Subroutines.c
 045B                   .blkw 1
                        .area idata
 045B 007A              .word _enum_alpha_str
                        .area data
 045D                   .dbfile C:\Users\vbenton.crtsglobal\Desktop\temp\REV3~1.25\SOURCE~1\Subroutines.c
 045D                   .blkb 2
                        .area idata
 045D 0000              .byte 0,0
                        .area data
 045F                   .dbfile C:\Users\vbenton.crtsglobal\Desktop\temp\REV3~1.25\SOURCE~1\Subroutines.c
 045F                   .dbsym e CamTag _CamTag S[menu_var]
 045F           _disp_add::
 045F                   .blkb 4
                        .area idata
 045F 3F800000          .word 0x3f80,0x0
                        .area data
 0463                   .dbfile C:\Users\vbenton.crtsglobal\Desktop\temp\REV3~1.25\SOURCE~1\Subroutines.c
 0463                   .blkb 4
                        .area idata
 0463 3F800000          .word 0x3f80,0x0
                        .area data
 0467                   .dbfile C:\Users\vbenton.crtsglobal\Desktop\temp\REV3~1.25\SOURCE~1\Subroutines.c
 0467                   .blkb 4
                        .area idata
 0467 3F800000          .word 0x3f80,0x0
                        .area data
 046B                   .dbfile C:\Users\vbenton.crtsglobal\Desktop\temp\REV3~1.25\SOURCE~1\Subroutines.c
 046B                   .blkb 4
                        .area idata
 046B 42380000          .word 0x4238,0x0
                        .area data
 046F                   .dbfile C:\Users\vbenton.crtsglobal\Desktop\temp\REV3~1.25\SOURCE~1\Subroutines.c
 046F                   .blkb 1
                        .area idata
 046F 00                .byte 0
                        .area data
 0470                   .dbfile C:\Users\vbenton.crtsglobal\Desktop\temp\REV3~1.25\SOURCE~1\Subroutines.c
 0470                   .blkb 1
                        .area idata
 0470 FC                .byte 252
                        .area data
 0471                   .dbfile C:\Users\vbenton.crtsglobal\Desktop\temp\REV3~1.25\SOURCE~1\Subroutines.c
 0471                   .blkb 5
                        .area idata
 0471 3132333400        .byte 49,50,51,52,0
                        .area data
 0476                   .dbfile C:\Users\vbenton.crtsglobal\Desktop\temp\REV3~1.25\SOURCE~1\Subroutines.c
 0476                   .blkb 7
                        .area idata
 0476 00000000000000    .byte 0,0,0,0,0,0,0
                        .area data
 047D                   .dbfile C:\Users\vbenton.crtsglobal\Desktop\temp\REV3~1.25\SOURCE~1\Subroutines.c
 047D                   .blkw 1
                        .area idata
 047D 007A              .word _enum_alpha_str
                        .area data
 047F                   .dbfile C:\Users\vbenton.crtsglobal\Desktop\temp\REV3~1.25\SOURCE~1\Subroutines.c
 047F                   .blkb 2
                        .area idata
 047F 0000              .byte 0,0
                        .area data
 0481                   .dbfile C:\Users\vbenton.crtsglobal\Desktop\temp\REV3~1.25\SOURCE~1\Subroutines.c
 0481                   .dbsym e disp_add _disp_add S[menu_var]
 0481           _SerialNum::
 0481                   .blkb 4
                        .area idata
 0481 3F800000          .word 0x3f80,0x0
                        .area data
 0485                   .dbfile C:\Users\vbenton.crtsglobal\Desktop\temp\REV3~1.25\SOURCE~1\Subroutines.c
 0485                   .blkb 4
                        .area idata
 0485 3F800000          .word 0x3f80,0x0
                        .area data
 0489                   .dbfile C:\Users\vbenton.crtsglobal\Desktop\temp\REV3~1.25\SOURCE~1\Subroutines.c
 0489                   .blkb 4
                        .area idata
 0489 3F800000          .word 0x3f80,0x0
                        .area data
 048D                   .dbfile C:\Users\vbenton.crtsglobal\Desktop\temp\REV3~1.25\SOURCE~1\Subroutines.c
 048D                   .blkb 4
                        .area idata
 048D 41200000          .word 0x4120,0x0
                        .area data
 0491                   .dbfile C:\Users\vbenton.crtsglobal\Desktop\temp\REV3~1.25\SOURCE~1\Subroutines.c
 0491                   .blkb 1
                        .area idata
 0491 00                .byte 0
                        .area data
 0492                   .dbfile C:\Users\vbenton.crtsglobal\Desktop\temp\REV3~1.25\SOURCE~1\Subroutines.c
 0492                   .blkb 1
                        .area idata
 0492 FA                .byte 250
                        .area data
 0493                   .dbfile C:\Users\vbenton.crtsglobal\Desktop\temp\REV3~1.25\SOURCE~1\Subroutines.c
 0493                   .blkb 7
                        .area idata
 0493 2D2D2D2D2D2D00    .byte 45,45,45,45,45,45,0
                        .area data
 049A                   .dbfile C:\Users\vbenton.crtsglobal\Desktop\temp\REV3~1.25\SOURCE~1\Subroutines.c
 049A                   .blkb 5
                        .area idata
 049A 0000000000        .byte 0,0,0,0,0
                        .area data
 049F                   .dbfile C:\Users\vbenton.crtsglobal\Desktop\temp\REV3~1.25\SOURCE~1\Subroutines.c
 049F                   .blkw 1
                        .area idata
 049F 00D8              .word _enum_number_str
                        .area data
 04A1                   .dbfile C:\Users\vbenton.crtsglobal\Desktop\temp\REV3~1.25\SOURCE~1\Subroutines.c
 04A1                   .blkb 2
                        .area idata
 04A1 0000              .byte 0,0
                        .area data
 04A3                   .dbfile C:\Users\vbenton.crtsglobal\Desktop\temp\REV3~1.25\SOURCE~1\Subroutines.c
 04A3                   .dbsym e SerialNum _SerialNum S[menu_var]
 04A3           _TrigCam4::
 04A3                   .blkb 1
                        .area idata
 04A3 7B                .byte 123
                        .area data
 04A4                   .dbfile C:\Users\vbenton.crtsglobal\Desktop\temp\REV3~1.25\SOURCE~1\Subroutines.c
 04A4                   .dbsym e TrigCam4 _TrigCam4 c
 04A4           _TrigCam5::
 04A4                   .blkb 1
                        .area idata
 04A4 2D                .byte 45
                        .area data
 04A5                   .dbfile C:\Users\vbenton.crtsglobal\Desktop\temp\REV3~1.25\SOURCE~1\Subroutines.c
 04A5                   .dbsym e TrigCam5 _TrigCam5 c
 04A5           _HeadCWOnOff::
 04A5                   .blkb 4
                        .area idata
 04A5 3F800000          .word 0x3f80,0x0
                        .area data
 04A9                   .dbfile C:\Users\vbenton.crtsglobal\Desktop\temp\REV3~1.25\SOURCE~1\Subroutines.c
 04A9                   .blkb 4
                        .area idata
 04A9 3F800000          .word 0x3f80,0x0
                        .area data
 04AD                   .dbfile C:\Users\vbenton.crtsglobal\Desktop\temp\REV3~1.25\SOURCE~1\Subroutines.c
 04AD                   .blkb 4
                        .area idata
 04AD 3F800000          .word 0x3f80,0x0
                        .area data
 04B1                   .dbfile C:\Users\vbenton.crtsglobal\Desktop\temp\REV3~1.25\SOURCE~1\Subroutines.c
 04B1                   .blkb 4
                        .area idata
 04B1 40000000          .word 0x4000,0x0
                        .area data
 04B5                   .dbfile C:\Users\vbenton.crtsglobal\Desktop\temp\REV3~1.25\SOURCE~1\Subroutines.c
 04B5                   .blkb 1
                        .area idata
 04B5 00                .byte 0
                        .area data
 04B6                   .dbfile C:\Users\vbenton.crtsglobal\Desktop\temp\REV3~1.25\SOURCE~1\Subroutines.c
 04B6                   .blkb 1
                        .area idata
 04B6 03                .byte 3
                        .area data
 04B7                   .dbfile C:\Users\vbenton.crtsglobal\Desktop\temp\REV3~1.25\SOURCE~1\Subroutines.c
 04B7                   .blkb 4
                        .area idata
 04B7 4F464600          .byte 'O,'F,'F,0
                        .area data
 04BB                   .dbfile C:\Users\vbenton.crtsglobal\Desktop\temp\REV3~1.25\SOURCE~1\Subroutines.c
 04BB                   .blkb 8
                        .area idata
 04BB 0000000000000000  .byte 0,0,0,0,0,0,0,0
                        .area data
 04C3                   .dbfile C:\Users\vbenton.crtsglobal\Desktop\temp\REV3~1.25\SOURCE~1\Subroutines.c
 04C3                   .blkw 1
                        .area idata
 04C3 0001              .word _enum_off_on_str
                        .area data
 04C5                   .dbfile C:\Users\vbenton.crtsglobal\Desktop\temp\REV3~1.25\SOURCE~1\Subroutines.c
 04C5                   .blkb 2
                        .area idata
 04C5 0000              .byte 0,0
                        .area data
 04C7                   .dbfile C:\Users\vbenton.crtsglobal\Desktop\temp\REV3~1.25\SOURCE~1\Subroutines.c
 04C7                   .dbsym e HeadCWOnOff _HeadCWOnOff S[menu_var]
 04C7           _HeadCCWOnOff::
 04C7                   .blkb 4
                        .area idata
 04C7 3F800000          .word 0x3f80,0x0
                        .area data
 04CB                   .dbfile C:\Users\vbenton.crtsglobal\Desktop\temp\REV3~1.25\SOURCE~1\Subroutines.c
 04CB                   .blkb 4
                        .area idata
 04CB 3F800000          .word 0x3f80,0x0
                        .area data
 04CF                   .dbfile C:\Users\vbenton.crtsglobal\Desktop\temp\REV3~1.25\SOURCE~1\Subroutines.c
 04CF                   .blkb 4
                        .area idata
 04CF 3F800000          .word 0x3f80,0x0
                        .area data
 04D3                   .dbfile C:\Users\vbenton.crtsglobal\Desktop\temp\REV3~1.25\SOURCE~1\Subroutines.c
 04D3                   .blkb 4
                        .area idata
 04D3 40000000          .word 0x4000,0x0
                        .area data
 04D7                   .dbfile C:\Users\vbenton.crtsglobal\Desktop\temp\REV3~1.25\SOURCE~1\Subroutines.c
 04D7                   .blkb 1
                        .area idata
 04D7 00                .byte 0
                        .area data
 04D8                   .dbfile C:\Users\vbenton.crtsglobal\Desktop\temp\REV3~1.25\SOURCE~1\Subroutines.c
 04D8                   .blkb 1
                        .area idata
 04D8 03                .byte 3
                        .area data
 04D9                   .dbfile C:\Users\vbenton.crtsglobal\Desktop\temp\REV3~1.25\SOURCE~1\Subroutines.c
 04D9                   .blkb 4
                        .area idata
 04D9 4F464600          .byte 'O,'F,'F,0
                        .area data
 04DD                   .dbfile C:\Users\vbenton.crtsglobal\Desktop\temp\REV3~1.25\SOURCE~1\Subroutines.c
 04DD                   .blkb 8
                        .area idata
 04DD 0000000000000000  .byte 0,0,0,0,0,0,0,0
                        .area data
 04E5                   .dbfile C:\Users\vbenton.crtsglobal\Desktop\temp\REV3~1.25\SOURCE~1\Subroutines.c
 04E5                   .blkw 1
                        .area idata
 04E5 0001              .word _enum_off_on_str
                        .area data
 04E7                   .dbfile C:\Users\vbenton.crtsglobal\Desktop\temp\REV3~1.25\SOURCE~1\Subroutines.c
 04E7                   .blkb 2
                        .area idata
 04E7 0000              .byte 0,0
                        .area data
 04E9                   .dbfile C:\Users\vbenton.crtsglobal\Desktop\temp\REV3~1.25\SOURCE~1\Subroutines.c
 04E9                   .dbsym e HeadCCWOnOff _HeadCCWOnOff S[menu_var]
 04E9           _BlowersOnOff::
 04E9                   .blkb 4
                        .area idata
 04E9 3F800000          .word 0x3f80,0x0
                        .area data
 04ED                   .dbfile C:\Users\vbenton.crtsglobal\Desktop\temp\REV3~1.25\SOURCE~1\Subroutines.c
 04ED                   .blkb 4
                        .area idata
 04ED 3F800000          .word 0x3f80,0x0
                        .area data
 04F1                   .dbfile C:\Users\vbenton.crtsglobal\Desktop\temp\REV3~1.25\SOURCE~1\Subroutines.c
 04F1                   .blkb 4
                        .area idata
 04F1 3F800000          .word 0x3f80,0x0
                        .area data
 04F5                   .dbfile C:\Users\vbenton.crtsglobal\Desktop\temp\REV3~1.25\SOURCE~1\Subroutines.c
 04F5                   .blkb 4
                        .area idata
 04F5 40000000          .word 0x4000,0x0
                        .area data
 04F9                   .dbfile C:\Users\vbenton.crtsglobal\Desktop\temp\REV3~1.25\SOURCE~1\Subroutines.c
 04F9                   .blkb 1
                        .area idata
 04F9 00                .byte 0
                        .area data
 04FA                   .dbfile C:\Users\vbenton.crtsglobal\Desktop\temp\REV3~1.25\SOURCE~1\Subroutines.c
 04FA                   .blkb 1
                        .area idata
 04FA 03                .byte 3
                        .area data
 04FB                   .dbfile C:\Users\vbenton.crtsglobal\Desktop\temp\REV3~1.25\SOURCE~1\Subroutines.c
 04FB                   .blkb 4
                        .area idata
 04FB 4F464600          .byte 'O,'F,'F,0
                        .area data
 04FF                   .dbfile C:\Users\vbenton.crtsglobal\Desktop\temp\REV3~1.25\SOURCE~1\Subroutines.c
 04FF                   .blkb 8
                        .area idata
 04FF 0000000000000000  .byte 0,0,0,0,0,0,0,0
                        .area data
 0507                   .dbfile C:\Users\vbenton.crtsglobal\Desktop\temp\REV3~1.25\SOURCE~1\Subroutines.c
 0507                   .blkw 1
                        .area idata
 0507 0001              .word _enum_off_on_str
                        .area data
 0509                   .dbfile C:\Users\vbenton.crtsglobal\Desktop\temp\REV3~1.25\SOURCE~1\Subroutines.c
 0509                   .blkb 2
                        .area idata
 0509 0000              .byte 0,0
                        .area data
 050B                   .dbfile C:\Users\vbenton.crtsglobal\Desktop\temp\REV3~1.25\SOURCE~1\Subroutines.c
 050B                   .dbsym e BlowersOnOff _BlowersOnOff S[menu_var]
 050B           _VacuumOnOff::
 050B                   .blkb 4
                        .area idata
 050B 3F800000          .word 0x3f80,0x0
                        .area data
 050F                   .dbfile C:\Users\vbenton.crtsglobal\Desktop\temp\REV3~1.25\SOURCE~1\Subroutines.c
 050F                   .blkb 4
                        .area idata
 050F 3F800000          .word 0x3f80,0x0
                        .area data
 0513                   .dbfile C:\Users\vbenton.crtsglobal\Desktop\temp\REV3~1.25\SOURCE~1\Subroutines.c
 0513                   .blkb 4
                        .area idata
 0513 3F800000          .word 0x3f80,0x0
                        .area data
 0517                   .dbfile C:\Users\vbenton.crtsglobal\Desktop\temp\REV3~1.25\SOURCE~1\Subroutines.c
 0517                   .blkb 4
                        .area idata
 0517 40000000          .word 0x4000,0x0
                        .area data
 051B                   .dbfile C:\Users\vbenton.crtsglobal\Desktop\temp\REV3~1.25\SOURCE~1\Subroutines.c
 051B                   .blkb 1
                        .area idata
 051B 00                .byte 0
                        .area data
 051C                   .dbfile C:\Users\vbenton.crtsglobal\Desktop\temp\REV3~1.25\SOURCE~1\Subroutines.c
 051C                   .blkb 1
                        .area idata
 051C 03                .byte 3
                        .area data
 051D                   .dbfile C:\Users\vbenton.crtsglobal\Desktop\temp\REV3~1.25\SOURCE~1\Subroutines.c
 051D                   .blkb 4
                        .area idata
 051D 4F464600          .byte 'O,'F,'F,0
                        .area data
 0521                   .dbfile C:\Users\vbenton.crtsglobal\Desktop\temp\REV3~1.25\SOURCE~1\Subroutines.c
 0521                   .blkb 8
                        .area idata
 0521 0000000000000000  .byte 0,0,0,0,0,0,0,0
                        .area data
 0529                   .dbfile C:\Users\vbenton.crtsglobal\Desktop\temp\REV3~1.25\SOURCE~1\Subroutines.c
 0529                   .blkw 1
                        .area idata
 0529 0001              .word _enum_off_on_str
                        .area data
 052B                   .dbfile C:\Users\vbenton.crtsglobal\Desktop\temp\REV3~1.25\SOURCE~1\Subroutines.c
 052B                   .blkb 2
                        .area idata
 052B 0000              .byte 0,0
                        .area data
 052D                   .dbfile C:\Users\vbenton.crtsglobal\Desktop\temp\REV3~1.25\SOURCE~1\Subroutines.c
 052D                   .dbsym e VacuumOnOff _VacuumOnOff S[menu_var]
 052D           _SealsOnOff::
 052D                   .blkb 4
                        .area idata
 052D 3F800000          .word 0x3f80,0x0
                        .area data
 0531                   .dbfile C:\Users\vbenton.crtsglobal\Desktop\temp\REV3~1.25\SOURCE~1\Subroutines.c
 0531                   .blkb 4
                        .area idata
 0531 3F800000          .word 0x3f80,0x0
                        .area data
 0535                   .dbfile C:\Users\vbenton.crtsglobal\Desktop\temp\REV3~1.25\SOURCE~1\Subroutines.c
 0535                   .blkb 4
                        .area idata
 0535 3F800000          .word 0x3f80,0x0
                        .area data
 0539                   .dbfile C:\Users\vbenton.crtsglobal\Desktop\temp\REV3~1.25\SOURCE~1\Subroutines.c
 0539                   .blkb 4
                        .area idata
 0539 40000000          .word 0x4000,0x0
                        .area data
 053D                   .dbfile C:\Users\vbenton.crtsglobal\Desktop\temp\REV3~1.25\SOURCE~1\Subroutines.c
 053D                   .blkb 1
                        .area idata
 053D 00                .byte 0
                        .area data
 053E                   .dbfile C:\Users\vbenton.crtsglobal\Desktop\temp\REV3~1.25\SOURCE~1\Subroutines.c
 053E                   .blkb 1
                        .area idata
 053E 03                .byte 3
                        .area data
 053F                   .dbfile C:\Users\vbenton.crtsglobal\Desktop\temp\REV3~1.25\SOURCE~1\Subroutines.c
 053F                   .blkb 4
                        .area idata
 053F 4F464600          .byte 'O,'F,'F,0
                        .area data
 0543                   .dbfile C:\Users\vbenton.crtsglobal\Desktop\temp\REV3~1.25\SOURCE~1\Subroutines.c
 0543                   .blkb 8
                        .area idata
 0543 0000000000000000  .byte 0,0,0,0,0,0,0,0
                        .area data
 054B                   .dbfile C:\Users\vbenton.crtsglobal\Desktop\temp\REV3~1.25\SOURCE~1\Subroutines.c
 054B                   .blkw 1
                        .area idata
 054B 0001              .word _enum_off_on_str
                        .area data
 054D                   .dbfile C:\Users\vbenton.crtsglobal\Desktop\temp\REV3~1.25\SOURCE~1\Subroutines.c
 054D                   .blkb 2
                        .area idata
 054D 0000              .byte 0,0
                        .area data
 054F                   .dbfile C:\Users\vbenton.crtsglobal\Desktop\temp\REV3~1.25\SOURCE~1\Subroutines.c
 054F                   .dbsym e SealsOnOff _SealsOnOff S[menu_var]
 054F           _Pressure::
 054F                   .blkb 4
                        .area idata
 054F 42C80000          .word 0x42c8,0x0
                        .area data
 0553                   .dbfile C:\Users\vbenton.crtsglobal\Desktop\temp\REV3~1.25\SOURCE~1\Subroutines.c
 0553                   .blkb 4
                        .area idata
 0553 3F800000          .word 0x3f80,0x0
                        .area data
 0557                   .dbfile C:\Users\vbenton.crtsglobal\Desktop\temp\REV3~1.25\SOURCE~1\Subroutines.c
 0557                   .blkb 4
                        .area idata
 0557 00000000          .word 0x0,0x0
                        .area data
 055B                   .dbfile C:\Users\vbenton.crtsglobal\Desktop\temp\REV3~1.25\SOURCE~1\Subroutines.c
 055B                   .blkb 4
                        .area idata
 055B 447A0000          .word 0x447a,0x0
                        .area data
 055F                   .dbfile C:\Users\vbenton.crtsglobal\Desktop\temp\REV3~1.25\SOURCE~1\Subroutines.c
 055F                   .blkb 1
                        .area idata
 055F 00                .byte 0
                        .area data
 0560                   .dbfile C:\Users\vbenton.crtsglobal\Desktop\temp\REV3~1.25\SOURCE~1\Subroutines.c
 0560                   .blkb 1
                        .area idata
 0560 04                .byte 4
                        .area data
 0561                   .dbfile C:\Users\vbenton.crtsglobal\Desktop\temp\REV3~1.25\SOURCE~1\Subroutines.c
 0561                   .blkb 5
                        .area idata
 0561 2031303000        .byte 32,49,48,48,0
                        .area data
 0566                   .dbfile C:\Users\vbenton.crtsglobal\Desktop\temp\REV3~1.25\SOURCE~1\Subroutines.c
 0566                   .blkb 7
                        .area idata
 0566 00000000000000    .byte 0,0,0,0,0,0,0
                        .area data
 056D                   .dbfile C:\Users\vbenton.crtsglobal\Desktop\temp\REV3~1.25\SOURCE~1\Subroutines.c
 056D                   .blkw 1
                        .area idata
 056D 0000              .word _enum_NULL_str
                        .area data
 056F                   .dbfile C:\Users\vbenton.crtsglobal\Desktop\temp\REV3~1.25\SOURCE~1\Subroutines.c
 056F                   .blkb 2
                        .area idata
 056F 0000              .byte 0,0
                        .area data
 0571                   .dbfile C:\Users\vbenton.crtsglobal\Desktop\temp\REV3~1.25\SOURCE~1\Subroutines.c
 0571                   .dbsym e Pressure _Pressure S[menu_var]
 0571           _Rev::
 0571                   .blkb 4
                        .area idata
 0571 3F800000          .word 0x3f80,0x0
                        .area data
 0575                   .dbfile C:\Users\vbenton.crtsglobal\Desktop\temp\REV3~1.25\SOURCE~1\Subroutines.c
 0575                   .blkb 4
                        .area idata
 0575 3F800000          .word 0x3f80,0x0
                        .area data
 0579                   .dbfile C:\Users\vbenton.crtsglobal\Desktop\temp\REV3~1.25\SOURCE~1\Subroutines.c
 0579                   .blkb 4
                        .area idata
 0579 3F800000          .word 0x3f80,0x0
                        .area data
 057D                   .dbfile C:\Users\vbenton.crtsglobal\Desktop\temp\REV3~1.25\SOURCE~1\Subroutines.c
 057D                   .blkb 4
                        .area idata
 057D 42380000          .word 0x4238,0x0
                        .area data
 0581                   .dbfile C:\Users\vbenton.crtsglobal\Desktop\temp\REV3~1.25\SOURCE~1\Subroutines.c
 0581                   .blkb 1
                        .area idata
 0581 00                .byte 0
                        .area data
 0582                   .dbfile C:\Users\vbenton.crtsglobal\Desktop\temp\REV3~1.25\SOURCE~1\Subroutines.c
 0582                   .blkb 1
                        .area idata
 0582 FC                .byte 252
                        .area data
 0583                   .dbfile C:\Users\vbenton.crtsglobal\Desktop\temp\REV3~1.25\SOURCE~1\Subroutines.c
 0583                   .blkb 5
                        .area idata
 0583 332E323500        .byte 51,46,50,53,0
                        .area data
 0588                   .dbfile C:\Users\vbenton.crtsglobal\Desktop\temp\REV3~1.25\SOURCE~1\Subroutines.c
 0588                   .blkb 7
                        .area idata
 0588 00000000000000    .byte 0,0,0,0,0,0,0
                        .area data
 058F                   .dbfile C:\Users\vbenton.crtsglobal\Desktop\temp\REV3~1.25\SOURCE~1\Subroutines.c
 058F                   .blkw 1
                        .area idata
 058F 007A              .word _enum_alpha_str
                        .area data
 0591                   .dbfile C:\Users\vbenton.crtsglobal\Desktop\temp\REV3~1.25\SOURCE~1\Subroutines.c
 0591                   .blkb 2
                        .area idata
 0591 0000              .byte 0,0
                        .area data
 0593                   .dbfile C:\Users\vbenton.crtsglobal\Desktop\temp\REV3~1.25\SOURCE~1\Subroutines.c
 0593                   .dbsym e Rev _Rev S[menu_var]
                        .area memory(abs)
                        .org 0xda00
 DA00                   .dbfile C:\Users\vbenton.crtsglobal\Desktop\temp\REV3~1.25\SOURCE~1\Subroutines.c
 DA00           _Menuc::
 DA00 0000              .byte 0,0
 DA02 0000              .byte 0,0
 DA04 202020434C45414E45522D5641435555  .byte 32,32,32,'C,'L,'E,'A,'N,'E,'R,45,'V,'A,'C,'U,'U
 DA14 4D20202000        .byte 'M,32,32,32,0
 DA19 20434C45414E45522020202020202020  .byte 32,'C,'L,'E,'A,'N,'E,'R,32,32,32,32,32,32,32,32
 DA29 2020202000        .byte 32,32,32,32,0
 DA2E 2056414355554D202020202020202020  .byte 32,'V,'A,'C,'U,'U,'M,32,32,32,32,32,32,32,32,32
 DA3E 2020202000        .byte 32,32,32,32,0
 DA43 20434F4D50524553534F522020202020  .byte 32,'C,'O,'M,'P,'R,'E,'S,'S,'O,'R,32,32,32,32,32
 DA53 2020202000        .byte 32,32,32,32,0
 DA58 2043414D455241202020202020202020  .byte 32,'C,'A,'M,'E,'R,'A,32,32,32,32,32,32,32,32,32
 DA68 2020202000        .byte 32,32,32,32,0
 DA6D 20535441545553202020202020202020  .byte 32,'S,'T,'A,'T,'U,'S,32,32,32,32,32,32,32,32,32
 DA7D 2020202000        .byte 32,32,32,32,0
 DA82 204D414348494E452053495A45202020  .byte 32,'M,'A,'C,'H,'I,'N,'E,32,'S,'I,'Z,'E,32,32,32
 DA92 2020202000        .byte 32,32,32,32,0
 DA97 2044454641554C545320202020202020  .byte 32,'D,'E,'F,'A,'U,'L,'T,'S,32,32,32,32,32,32,32
 DAA7 2020202000        .byte 32,32,32,32,0
 DAAC 20455849542020202020202020202020  .byte 32,'E,'X,'I,'T,32,32,32,32,32,32,32,32,32,32,32
 DABC 2020202000        .byte 32,32,32,32,0
 DAC1 20202020202020202020202020202020  .byte 32,32,32,32,32,32,32,32,32,32,32,32,32,32,32,32
 DAD1 2020202000        .byte 32,32,32,32,0
 DAD6 20202020202020202020202020202020  .byte 32,32,32,32,32,32,32,32,32,32,32,32,32,32,32,32
 DAE6 2020202000        .byte 32,32,32,32,0
 DAEB 20202020202020202020202020202020  .byte 32,32,32,32,32,32,32,32,32,32,32,32,32,32,32,32
 DAFB 2020202000        .byte 32,32,32,32,0
 DB00 0F00              .byte 15,0
 DB02 0000              .byte 0,0
 DB04 000F              .byte 0,15
 DB06 0000              .byte 0,0
 DB08 0000              .byte 0,0
 DB0A 00                .byte 0
 DB0B 0104              .word _NullVar
 DB0D 0104              .word _NullVar
 DB0F 0104              .word _NullVar
 DB11 0104              .word _NullVar
 DB13 0104              .word _NullVar
 DB15 0393              .word _MachineSize
 DB17 0104              .word _NullVar
 DB19 0104              .word _NullVar
 DB1B 0104              .word _NullVar
 DB1D 0104              .word _NullVar
 DB1F 0104              .word _NullVar
 DB21 0000              .word _NullFunction
 DB23 0000              .word _NullFunction
 DB25 0000              .word _NullFunction
 DB27 0000              .word _NullFunction
 DB29 0000              .word _NullFunction
 DB2B 0000              .word _StdVarFunction
 DB2D 0000              .word _NullFunction
 DB2F 0000              .word _ExitMenu
 DB31 0000              .word _NullFunction
 DB33 0000              .word _NullFunction
 DB35 0000              .word _NullFunction
 DB37 0000              .byte 0,0
 DB39 0001              .byte 0,1
 DB3B 20202020202020434C45414E45522020  .byte 32,32,32,32,32,32,32,'C,'L,'E,'A,'N,'E,'R,32,32
 DB4B 2020202000        .byte 32,32,32,32,0
 DB50 2053455454494E475320202020202020  .byte 32,'S,'E,'T,'T,'I,'N,'G,'S,32,32,32,32,32,32,32
 DB60 2020202000        .byte 32,32,32,32,0
 DB65 2053455454494E475320322020202020  .byte 32,'S,'E,'T,'T,'I,'N,'G,'S,32,50,32,32,32,32,32
 DB75 2020202000        .byte 32,32,32,32,0
 DB7A 20444941474E4F535449435320202020  .byte 32,'D,'I,'A,'G,'N,'O,'S,'T,'I,'C,'S,32,32,32,32
 DB8A 2020202000        .byte 32,32,32,32,0
 DB8F 20455849542020202020202020202020  .byte 32,'E,'X,'I,'T,32,32,32,32,32,32,32,32,32,32,32
 DB9F 2020202000        .byte 32,32,32,32,0
 DBA4 20202020202020202020202020202020  .byte 32,32,32,32,32,32,32,32,32,32,32,32,32,32,32,32
 DBB4 2020202000        .byte 32,32,32,32,0
 DBB9 20202020202020202020202020202020  .byte 32,32,32,32,32,32,32,32,32,32,32,32,32,32,32,32
 DBC9 2020202000        .byte 32,32,32,32,0
 DBCE 20202020202020202020202020202020  .byte 32,32,32,32,32,32,32,32,32,32,32,32,32,32,32,32
 DBDE 2020202000        .byte 32,32,32,32,0
 DBE3 20202020202020202020202020202020  .byte 32,32,32,32,32,32,32,32,32,32,32,32,32,32,32,32
 DBF3 2020202000        .byte 32,32,32,32,0
 DBF8 20202020202020202020202020202020  .byte 32,32,32,32,32,32,32,32,32,32,32,32,32,32,32,32
 DC08 2020202000        .byte 32,32,32,32,0
 DC0D 20202020202020202020202020202020  .byte 32,32,32,32,32,32,32,32,32,32,32,32,32,32,32,32
 DC1D 2020202000        .byte 32,32,32,32,0
 DC22 20202020202020202020202020202020  .byte 32,32,32,32,32,32,32,32,32,32,32,32,32,32,32,32
 DC32 2020202000        .byte 32,32,32,32,0
 DC37 0000              .byte 0,0
 DC39 0000              .byte 0,0
 DC3B 0000              .byte 0,0
 DC3D 0000              .byte 0,0
 DC3F 0000              .byte 0,0
 DC41 00                .byte 0
 DC42 0104              .word _NullVar
 DC44 0104              .word _NullVar
 DC46 0104              .word _NullVar
 DC48 0104              .word _NullVar
 DC4A 0104              .word _NullVar
 DC4C 0104              .word _NullVar
 DC4E 0104              .word _NullVar
 DC50 0104              .word _NullVar
 DC52 0104              .word _NullVar
 DC54 0104              .word _NullVar
 DC56 0104              .word _NullVar
 DC58 0000              .word _NullFunction
 DC5A 0000              .word _NullFunction
 DC5C 0000              .word _NullFunction
 DC5E 0000              .word _ExitMenu
 DC60 0000              .word _NullFunction
 DC62 0000              .word _NullFunction
 DC64 0000              .word _NullFunction
 DC66 0000              .word _NullFunction
 DC68 0000              .word _NullFunction
 DC6A 0000              .word _NullFunction
 DC6C 0000              .word _NullFunction
 DC6E 0000              .byte 0,0
 DC70 0101              .byte 1,1
 DC72 2020434C45414E45522053455454494E  .byte 32,32,'C,'L,'E,'A,'N,'E,'R,32,'S,'E,'T,'T,'I,'N
 DC82 4753202000        .byte 'G,'S,32,32,0
 DC87 2043454E544552205354524F4B455320  .byte 32,'C,'E,'N,'T,'E,'R,32,'S,'T,'R,'O,'K,'E,'S,32
 DC97 2020202000        .byte 32,32,32,32,0
 DC9C 2046554C4C205354524F4B4553202020  .byte 32,'F,'U,'L,'L,32,'S,'T,'R,'O,'K,'E,'S,32,32,32
 DCAC 2020202000        .byte 32,32,32,32,0
 DCB1 2043454E544552204449535420202020  .byte 32,'C,'E,'N,'T,'E,'R,32,'D,'I,'S,'T,32,32,32,32
 DCC1 2020202000        .byte 32,32,32,32,0
 DCC6 2046554C4C2044495354202020202020  .byte 32,'F,'U,'L,'L,32,'D,'I,'S,'T,32,32,32,32,32,32
 DCD6 2020202000        .byte 32,32,32,32,0
 DCDB 204C412043454E544552202020202020  .byte 32,'L,'A,32,'C,'E,'N,'T,'E,'R,32,32,32,32,32,32
 DCEB 2020202000        .byte 32,32,32,32,0
 DCF0 204C4120535045454420202020202020  .byte 32,'L,'A,32,'S,'P,'E,'E,'D,32,32,32,32,32,32,32
 DD00 2020202000        .byte 32,32,32,32,0
 DD05 204C494E452D55502044495354202020  .byte 32,'L,'I,'N,'E,45,'U,'P,32,'D,'I,'S,'T,32,32,32
 DD15 2020202000        .byte 32,32,32,32,0
 DD1A 205345414C2054494D45202020202020  .byte 32,'S,'E,'A,'L,32,'T,'I,'M,'E,32,32,32,32,32,32
 DD2A 2020202000        .byte 32,32,32,32,0
 DD2F 2054455354204D4F4445202020202020  .byte 32,'T,'E,'S,'T,32,'M,'O,'D,'E,32,32,32,32,32,32
 DD3F 2020202000        .byte 32,32,32,32,0
 DD44 204C4120535749544348202020202020  .byte 32,'L,'A,32,'S,'W,'I,'T,'C,'H,32,32,32,32,32,32
 DD54 2020202000        .byte 32,32,32,32,0
 DD59 20455849542020202020202020202020  .byte 32,'E,'X,'I,'T,32,32,32,32,32,32,32,32,32,32,32
 DD69 2020202000        .byte 32,32,32,32,0
 DD6E 1212              .byte 18,18
 DD70 1010              .byte 16,16
 DD72 1011              .byte 16,17
 DD74 0F12              .byte 15,18
 DD76 1111              .byte 17,17
 DD78 00                .byte 0
 DD79 0041              .word _CntrStrokes
 DD7B 0063              .word _FullStrokes
 DD7D 0085              .word _CntrDist
 DD7F 00A7              .word _FullDist
 DD81 00C9              .word _LACntr
 DD83 00EB              .word _LASpeed
 DD85 010D              .word _LineUpDist
 DD87 0151              .word _SealTime
 DD89 0173              .word _TestModeOnOff
 DD8B 01D9              .word _laSwitchPol
 DD8D 0104              .word _NullVar
 DD8F 0000              .word _StdVarFunction
 DD91 0000              .word _StdVarFunction
 DD93 0000              .word _StdVarFunction
 DD95 0000              .word _StdVarFunction
 DD97 0000              .word _StdVarFunction
 DD99 0000              .word _StdVarFunction
 DD9B 0000              .word _StdVarFunction
 DD9D 0000              .word _StdVarFunction
 DD9F 0000              .word _StdVarFunction
 DDA1 0000              .word _StdVarFunction
 DDA3 0000              .word _ExitMenu
 DDA5 0000              .byte 0,0
 DDA7 0102              .byte 1,2
 DDA9 202020202053455454494E4753203220  .byte 32,32,32,32,32,'S,'E,'T,'T,'I,'N,'G,'S,32,50,32
 DDB9 2020202000        .byte 32,32,32,32,0
 DDBE 2053454C20545249472043414D202020  .byte 32,'S,'E,'L,32,'T,'R,'I,'G,32,'C,'A,'M,32,32,32
 DDCE 2020202000        .byte 32,32,32,32,0
 DDD3 204C494E45205550204F4E2020202020  .byte 32,'L,'I,'N,'E,32,'U,'P,32,'O,'N,32,32,32,32,32
 DDE3 2020202000        .byte 32,32,32,32,0
 DDE8 204C494E4555502054494D4552202020  .byte 32,'L,'I,'N,'E,'U,'P,32,'T,'I,'M,'E,'R,32,32,32
 DDF8 2020202000        .byte 32,32,32,32,0
 DDFD 204C494E455550205350454544202020  .byte 32,'L,'I,'N,'E,'U,'P,32,'S,'P,'E,'E,'D,32,32,32
 DE0D 2020202000        .byte 32,32,32,32,0
 DE12 20455849542020202020202020202020  .byte 32,'E,'X,'I,'T,32,32,32,32,32,32,32,32,32,32,32
 DE22 2020202000        .byte 32,32,32,32,0
 DE27 2020202020205741524E494E47202020  .byte 32,32,32,32,32,32,'W,'A,'R,'N,'I,'N,'G,32,32,32
 DE37 2020202000        .byte 32,32,32,32,0
 DE3C 5448452043555252454E542043414D45  .byte 'T,'H,'E,32,'C,'U,'R,'R,'E,'N,'T,32,'C,'A,'M,'E
 DE4C 5241202000        .byte 'R,'A,32,32,0
 DE51 57494C4C2042452053454C4543544544  .byte 'W,'I,'L,'L,32,'B,'E,32,'S,'E,'L,'E,'C,'T,'E,'D
 DE61 2041532000        .byte 32,'A,'S,32,0
 DE66 54484520545249474745522043414D45  .byte 'T,'H,'E,32,'T,'R,'I,'G,'G,'E,'R,32,'C,'A,'M,'E
 DE76 5241202000        .byte 'R,'A,32,32,0
 DE7B 20202020202020202020202020202020  .byte 32,32,32,32,32,32,32,32,32,32,32,32,32,32,32,32
 DE8B 2020202000        .byte 32,32,32,32,0
 DE90 20202020202020202020202020202020  .byte 32,32,32,32,32,32,32,32,32,32,32,32,32,32,32,32
 DEA0 2020202000        .byte 32,32,32,32,0
 DEA5 0010              .byte 0,16
 DEA7 100F              .byte 16,15
 DEA9 0000              .byte 0,0
 DEAB 0000              .byte 0,0
 DEAD 0000              .byte 0,0
 DEAF 00                .byte 0
 DEB0 0104              .word _NullVar
 DEB2 0195              .word _LineUpClnVac
 DEB4 01B7              .word _LineupTimeOnOff
 DEB6 012F              .word _LineupSpeed
 DEB8 0104              .word _NullVar
 DEBA 0104              .word _NullVar
 DEBC 0104              .word _NullVar
 DEBE 0104              .word _NullVar
 DEC0 0104              .word _NullVar
 DEC2 0104              .word _NullVar
 DEC4 0104              .word _NullVar
 DEC6 0274              .word _GetTrigCam
 DEC8 0000              .word _StdVarFunction
 DECA 0000              .word _StdVarFunction
 DECC 0000              .word _StdVarFunction
 DECE 0000              .word _ExitMenu
 DED0 0000              .word _NullFunction
 DED2 0000              .word _NullFunction
 DED4 0000              .word _NullFunction
 DED6 0000              .word _NullFunction
 DED8 0000              .word _NullFunction
 DEDA 0000              .word _NullFunction
 DEDC 0000              .byte 0,0
 DEDE 0103              .byte 1,3
 DEE0 20434C45414E455220444941474E4F53  .byte 32,'C,'L,'E,'A,'N,'E,'R,32,'D,'I,'A,'G,'N,'O,'S
 DEF0 5449435300        .byte 'T,'I,'C,'S,0
 DEF5 2052455452414354204C412020202020  .byte 32,'R,'E,'T,'R,'A,'C,'T,32,'L,'A,32,32,32,32,32
 DF05 2020202000        .byte 32,32,32,32,0
 DF0A 2043454E544552204C41202020202020  .byte 32,'C,'E,'N,'T,'E,'R,32,'L,'A,32,32,32,32,32,32
 DF1A 2020202000        .byte 32,32,32,32,0
 DF1F 20455854454E44204C41202020202020  .byte 32,'E,'X,'T,'E,'N,'D,32,'L,'A,32,32,32,32,32,32
 DF2F 2020202000        .byte 32,32,32,32,0
 DF34 20484541442043572020202020202020  .byte 32,'H,'E,'A,'D,32,'C,'W,32,32,32,32,32,32,32,32
 DF44 2020202000        .byte 32,32,32,32,0
 DF49 20484541442043435720202020202020  .byte 32,'H,'E,'A,'D,32,'C,'C,'W,32,32,32,32,32,32,32
 DF59 2020202000        .byte 32,32,32,32,0
 DF5E 205345414C5320202020202020202020  .byte 32,'S,'E,'A,'L,'S,32,32,32,32,32,32,32,32,32,32
 DF6E 2020202000        .byte 32,32,32,32,0
 DF73 20475249542020202020202020202020  .byte 32,'G,'R,'I,'T,32,32,32,32,32,32,32,32,32,32,32
 DF83 2020202000        .byte 32,32,32,32,0
 DF88 2056414355554D202020202020202020  .byte 32,'V,'A,'C,'U,'U,'M,32,32,32,32,32,32,32,32,32
 DF98 2020202000        .byte 32,32,32,32,0
 DF9D 20455849542020202020202020202020  .byte 32,'E,'X,'I,'T,32,32,32,32,32,32,32,32,32,32,32
 DFAD 2020202000        .byte 32,32,32,32,0
 DFB2 20202020202020202020202020202020  .byte 32,32,32,32,32,32,32,32,32,32,32,32,32,32,32,32
 DFC2 2020202000        .byte 32,32,32,32,0
 DFC7 20202020202020202020202020202020  .byte 32,32,32,32,32,32,32,32,32,32,32,32,32,32,32,32
 DFD7 2020202000        .byte 32,32,32,32,0
 DFDC 0000              .byte 0,0
 DFDE 0010              .byte 0,16
 DFE0 1010              .byte 16,16
 DFE2 1010              .byte 16,16
 DFE4 0000              .byte 0,0
 DFE6 00                .byte 0
 DFE7 0104              .word _NullVar
 DFE9 0104              .word _NullVar
 DFEB 0104              .word _NullVar
 DFED 04A5              .word _HeadCWOnOff
 DFEF 04C7              .word _HeadCCWOnOff
 DFF1 052D              .word _SealsOnOff
 DFF3 04E9              .word _BlowersOnOff
 DFF5 050B              .word _VacuumOnOff
 DFF7 0104              .word _NullVar
 DFF9 0104              .word _NullVar
 DFFB 0104              .word _NullVar
 DFFD 011D              .word _RetractLA
 DFFF 0139              .word _CenterLA
 E001 016E              .word _ExtendLA
 E003 0000              .word _StdVarFunction
 E005 0000              .word _StdVarFunction
 E007 0000              .word _StdVarFunction
 E009 0000              .word _StdVarFunction
 E00B 0000              .word _StdVarFunction
 E00D 0000              .word _ExitMenu
 E00F 0000              .word _NullFunction
 E011 0000              .word _NullFunction
 E013 0000              .byte 0,0
 E015 0002              .byte 0,2
 E017 2020202020202056414355554D202020  .byte 32,32,32,32,32,32,32,'V,'A,'C,'U,'U,'M,32,32,32
 E027 2020202000        .byte 32,32,32,32,0
 E02C 2053455454494E475320202020202020  .byte 32,'S,'E,'T,'T,'I,'N,'G,'S,32,32,32,32,32,32,32
 E03C 2020202000        .byte 32,32,32,32,0
 E041 20444941474E4F535449435320202020  .byte 32,'D,'I,'A,'G,'N,'O,'S,'T,'I,'C,'S,32,32,32,32
 E051 2020202000        .byte 32,32,32,32,0
 E056 20455849542020202020202020202020  .byte 32,'E,'X,'I,'T,32,32,32,32,32,32,32,32,32,32,32
 E066 2020202000        .byte 32,32,32,32,0
 E06B 20202020202020202020202020202020  .byte 32,32,32,32,32,32,32,32,32,32,32,32,32,32,32,32
 E07B 2020202000        .byte 32,32,32,32,0
 E080 20202020202020202020202020202020  .byte 32,32,32,32,32,32,32,32,32,32,32,32,32,32,32,32
 E090 2020202000        .byte 32,32,32,32,0
 E095 20202020202020202020202020202020  .byte 32,32,32,32,32,32,32,32,32,32,32,32,32,32,32,32
 E0A5 2020202000        .byte 32,32,32,32,0
 E0AA 20202020202020202020202020202020  .byte 32,32,32,32,32,32,32,32,32,32,32,32,32,32,32,32
 E0BA 2020202000        .byte 32,32,32,32,0
 E0BF 20202020202020202020202020202020  .byte 32,32,32,32,32,32,32,32,32,32,32,32,32,32,32,32
 E0CF 2020202000        .byte 32,32,32,32,0
 E0D4 20202020202020202020202020202020  .byte 32,32,32,32,32,32,32,32,32,32,32,32,32,32,32,32
 E0E4 2020202000        .byte 32,32,32,32,0
 E0E9 20202020202020202020202020202020  .byte 32,32,32,32,32,32,32,32,32,32,32,32,32,32,32,32
 E0F9 2020202000        .byte 32,32,32,32,0
 E0FE 20202020202020202020202020202020  .byte 32,32,32,32,32,32,32,32,32,32,32,32,32,32,32,32
 E10E 2020202000        .byte 32,32,32,32,0
 E113 0000              .byte 0,0
 E115 0000              .byte 0,0
 E117 0000              .byte 0,0
 E119 0000              .byte 0,0
 E11B 0000              .byte 0,0
 E11D 00                .byte 0
 E11E 0104              .word _NullVar
 E120 0104              .word _NullVar
 E122 0104              .word _NullVar
 E124 0104              .word _NullVar
 E126 0104              .word _NullVar
 E128 0104              .word _NullVar
 E12A 0104              .word _NullVar
 E12C 0104              .word _NullVar
 E12E 0104              .word _NullVar
 E130 0104              .word _NullVar
 E132 0104              .word _NullVar
 E134 0000              .word _NullFunction
 E136 0000              .word _NullFunction
 E138 0000              .word _ExitMenu
 E13A 0000              .word _NullFunction
 E13C 0000              .word _NullFunction
 E13E 0000              .word _NullFunction
 E140 0000              .word _NullFunction
 E142 0000              .word _NullFunction
 E144 0000              .word _NullFunction
 E146 0000              .word _NullFunction
 E148 0000              .word _NullFunction
 E14A 0000              .byte 0,0
 E14C 0201              .byte 2,1
 E14E 20202056414355554D2053455454494E  .byte 32,32,32,'V,'A,'C,'U,'U,'M,32,'S,'E,'T,'T,'I,'N
 E15E 4753202000        .byte 'G,'S,32,32,0
 E163 20315354205641432044495354202020  .byte 32,49,'S,'T,32,'V,'A,'C,32,'D,'I,'S,'T,32,32,32
 E173 2020202000        .byte 32,32,32,32,0
 E178 20324E44205641432044495354202020  .byte 32,50,'N,'D,32,'V,'A,'C,32,'D,'I,'S,'T,32,32,32
 E188 2020202000        .byte 32,32,32,32,0
 E18D 20335244205641432044495354202020  .byte 32,51,'R,'D,32,'V,'A,'C,32,'D,'I,'S,'T,32,32,32
 E19D 2020202000        .byte 32,32,32,32,0
 E1A2 20345448205641432044495354202020  .byte 32,52,'T,'H,32,'V,'A,'C,32,'D,'I,'S,'T,32,32,32
 E1B2 2020202000        .byte 32,32,32,32,0
 E1B7 20355448205641432044495354202020  .byte 32,53,'T,'H,32,'V,'A,'C,32,'D,'I,'S,'T,32,32,32
 E1C7 2020202000        .byte 32,32,32,32,0
 E1CC 20315354205641432053504545442020  .byte 32,49,'S,'T,32,'V,'A,'C,32,'S,'P,'E,'E,'D,32,32
 E1DC 2020202000        .byte 32,32,32,32,0
 E1E1 20324E44205641432053504545442020  .byte 32,50,'N,'D,32,'V,'A,'C,32,'S,'P,'E,'E,'D,32,32
 E1F1 2020202000        .byte 32,32,32,32,0
 E1F6 20335244205641432053504545442020  .byte 32,51,'R,'D,32,'V,'A,'C,32,'S,'P,'E,'E,'D,32,32
 E206 2020202000        .byte 32,32,32,32,0
 E20B 20345448205641432053504545442020  .byte 32,52,'T,'H,32,'V,'A,'C,32,'S,'P,'E,'E,'D,32,32
 E21B 2020202000        .byte 32,32,32,32,0
 E220 20355448205641432053504545442020  .byte 32,53,'T,'H,32,'V,'A,'C,32,'S,'P,'E,'E,'D,32,32
 E230 2020202000        .byte 32,32,32,32,0
 E235 20455849542020202020202020202020  .byte 32,'E,'X,'I,'T,32,32,32,32,32,32,32,32,32,32,32
 E245 2020202000        .byte 32,32,32,32,0
 E24A 1111              .byte 17,17
 E24C 1111              .byte 17,17
 E24E 110F              .byte 17,15
 E250 0F0F              .byte 15,15
 E252 0F0F              .byte 15,15
 E254 00                .byte 0
 E255 01FB              .word _VacDist1
 E257 021D              .word _VacDist2
 E259 023F              .word _VacDist3
 E25B 0261              .word _VacDist4
 E25D 0283              .word _VacDist5
 E25F 02A5              .word _VacSpeed1
 E261 02C7              .word _VacSpeed2
 E263 02E9              .word _VacSpeed3
 E265 030B              .word _VacSpeed4
 E267 032D              .word _VacSpeed5
 E269 0104              .word _NullVar
 E26B 0000              .word _StdVarFunction
 E26D 0000              .word _StdVarFunction
 E26F 0000              .word _StdVarFunction
 E271 0000              .word _StdVarFunction
 E273 0000              .word _StdVarFunction
 E275 0000              .word _StdVarFunction
 E277 0000              .word _StdVarFunction
 E279 0000              .word _StdVarFunction
 E27B 0000              .word _StdVarFunction
 E27D 0000              .word _StdVarFunction
 E27F 0000              .word _ExitMenu
 E281 0000              .byte 0,0
 E283 0202              .byte 2,2
 E285 2056414355554D20444941474E4F5354  .byte 32,'V,'A,'C,'U,'U,'M,32,'D,'I,'A,'G,'N,'O,'S,'T
 E295 4943532000        .byte 'I,'C,'S,32,0
 E29A 20475249542020202020202020202020  .byte 32,'G,'R,'I,'T,32,32,32,32,32,32,32,32,32,32,32
 E2AA 2020202000        .byte 32,32,32,32,0
 E2AF 2056414355554D202020202020202020  .byte 32,'V,'A,'C,'U,'U,'M,32,32,32,32,32,32,32,32,32
 E2BF 2020202000        .byte 32,32,32,32,0
 E2C4 20455849542020202020202020202020  .byte 32,'E,'X,'I,'T,32,32,32,32,32,32,32,32,32,32,32
 E2D4 2020202000        .byte 32,32,32,32,0
 E2D9 20202020202020202020202020202020  .byte 32,32,32,32,32,32,32,32,32,32,32,32,32,32,32,32
 E2E9 2020202000        .byte 32,32,32,32,0
 E2EE 20202020202020202020202020202020  .byte 32,32,32,32,32,32,32,32,32,32,32,32,32,32,32,32
 E2FE 2020202000        .byte 32,32,32,32,0
 E303 20202020202020202020202020202020  .byte 32,32,32,32,32,32,32,32,32,32,32,32,32,32,32,32
 E313 2020202000        .byte 32,32,32,32,0
 E318 20202020202020202020202020202020  .byte 32,32,32,32,32,32,32,32,32,32,32,32,32,32,32,32
 E328 2020202000        .byte 32,32,32,32,0
 E32D 20202020202020202020202020202020  .byte 32,32,32,32,32,32,32,32,32,32,32,32,32,32,32,32
 E33D 2020202000        .byte 32,32,32,32,0
 E342 20202020202020202020202020202020  .byte 32,32,32,32,32,32,32,32,32,32,32,32,32,32,32,32
 E352 2020202000        .byte 32,32,32,32,0
 E357 20202020202020202020202020202020  .byte 32,32,32,32,32,32,32,32,32,32,32,32,32,32,32,32
 E367 2020202000        .byte 32,32,32,32,0
 E36C 20202020202020202020202020202020  .byte 32,32,32,32,32,32,32,32,32,32,32,32,32,32,32,32
 E37C 2020202000        .byte 32,32,32,32,0
 E381 1010              .byte 16,16
 E383 0000              .byte 0,0
 E385 0000              .byte 0,0
 E387 0000              .byte 0,0
 E389 0000              .byte 0,0
 E38B 00                .byte 0
 E38C 04E9              .word _BlowersOnOff
 E38E 050B              .word _VacuumOnOff
 E390 0104              .word _NullVar
 E392 0104              .word _NullVar
 E394 0104              .word _NullVar
 E396 0104              .word _NullVar
 E398 0104              .word _NullVar
 E39A 0104              .word _NullVar
 E39C 0104              .word _NullVar
 E39E 0104              .word _NullVar
 E3A0 0104              .word _NullVar
 E3A2 0000              .word _StdVarFunction
 E3A4 0000              .word _StdVarFunction
 E3A6 0000              .word _ExitMenu
 E3A8 0000              .word _NullFunction
 E3AA 0000              .word _NullFunction
 E3AC 0000              .word _NullFunction
 E3AE 0000              .word _NullFunction
 E3B0 0000              .word _NullFunction
 E3B2 0000              .word _NullFunction
 E3B4 0000              .word _NullFunction
 E3B6 0000              .word _NullFunction
 E3B8 0000              .byte 0,0
 E3BA 0003              .byte 0,3
 E3BC 2020202020434F4D50524553534F5220  .byte 32,32,32,32,32,'C,'O,'M,'P,'R,'E,'S,'S,'O,'R,32
 E3CC 2020202000        .byte 32,32,32,32,0
 E3D1 2053455454494E475320202020202020  .byte 32,'S,'E,'T,'T,'I,'N,'G,'S,32,32,32,32,32,32,32
 E3E1 2020202000        .byte 32,32,32,32,0
 E3E6 20444941474E4F535449435320202020  .byte 32,'D,'I,'A,'G,'N,'O,'S,'T,'I,'C,'S,32,32,32,32
 E3F6 2020202000        .byte 32,32,32,32,0
 E3FB 20455849542020202020202020202020  .byte 32,'E,'X,'I,'T,32,32,32,32,32,32,32,32,32,32,32
 E40B 2020202000        .byte 32,32,32,32,0
 E410 20202020202020202020202020202020  .byte 32,32,32,32,32,32,32,32,32,32,32,32,32,32,32,32
 E420 2020202000        .byte 32,32,32,32,0
 E425 20202020202020202020202020202020  .byte 32,32,32,32,32,32,32,32,32,32,32,32,32,32,32,32
 E435 2020202000        .byte 32,32,32,32,0
 E43A 20202020202020202020202020202020  .byte 32,32,32,32,32,32,32,32,32,32,32,32,32,32,32,32
 E44A 2020202000        .byte 32,32,32,32,0
 E44F 20202020202020202020202020202020  .byte 32,32,32,32,32,32,32,32,32,32,32,32,32,32,32,32
 E45F 2020202000        .byte 32,32,32,32,0
 E464 20202020202020202020202020202020  .byte 32,32,32,32,32,32,32,32,32,32,32,32,32,32,32,32
 E474 2020202000        .byte 32,32,32,32,0
 E479 20202020202020202020202020202020  .byte 32,32,32,32,32,32,32,32,32,32,32,32,32,32,32,32
 E489 2020202000        .byte 32,32,32,32,0
 E48E 20202020202020202020202020202020  .byte 32,32,32,32,32,32,32,32,32,32,32,32,32,32,32,32
 E49E 2020202000        .byte 32,32,32,32,0
 E4A3 20202020202020202020202020202020  .byte 32,32,32,32,32,32,32,32,32,32,32,32,32,32,32,32
 E4B3 2020202000        .byte 32,32,32,32,0
 E4B8 0000              .byte 0,0
 E4BA 0000              .byte 0,0
 E4BC 0000              .byte 0,0
 E4BE 0000              .byte 0,0
 E4C0 0000              .byte 0,0
 E4C2 00                .byte 0
 E4C3 0104              .word _NullVar
 E4C5 0104              .word _NullVar
 E4C7 0104              .word _NullVar
 E4C9 0104              .word _NullVar
 E4CB 0104              .word _NullVar
 E4CD 0104              .word _NullVar
 E4CF 0104              .word _NullVar
 E4D1 0104              .word _NullVar
 E4D3 0104              .word _NullVar
 E4D5 0104              .word _NullVar
 E4D7 0104              .word _NullVar
 E4D9 0000              .word _NullFunction
 E4DB 0000              .word _NullFunction
 E4DD 0000              .word _ExitMenu
 E4DF 0000              .word _NullFunction
 E4E1 0000              .word _NullFunction
 E4E3 0000              .word _NullFunction
 E4E5 0000              .word _NullFunction
 E4E7 0000              .word _NullFunction
 E4E9 0000              .word _NullFunction
 E4EB 0000              .word _NullFunction
 E4ED 0000              .word _NullFunction
 E4EF 0000              .byte 0,0
 E4F1 0301              .byte 3,1
 E4F3 20434F4D50524553534F522053455454  .byte 32,'C,'O,'M,'P,'R,'E,'S,'S,'O,'R,32,'S,'E,'T,'T
 E503 494E475300        .byte 'I,'N,'G,'S,0
 E508 20434F4D50524553534F522020202020  .byte 32,'C,'O,'M,'P,'R,'E,'S,'S,'O,'R,32,32,32,32,32
 E518 2020202000        .byte 32,32,32,32,0
 E51D 204C4F572053455420504F494E542020  .byte 32,'L,'O,'W,32,'S,'E,'T,32,'P,'O,'I,'N,'T,32,32
 E52D 2020202000        .byte 32,32,32,32,0
 E532 20484947482053455420504F494E5420  .byte 32,'H,'I,'G,'H,32,'S,'E,'T,32,'P,'O,'I,'N,'T,32
 E542 2020202000        .byte 32,32,32,32,0
 E547 20505245535355524520202020202020  .byte 32,'P,'R,'E,'S,'S,'U,'R,'E,32,32,32,32,32,32,32
 E557 2020202000        .byte 32,32,32,32,0
 E55C 20455849542020202020202020202020  .byte 32,'E,'X,'I,'T,32,32,32,32,32,32,32,32,32,32,32
 E56C 2020202000        .byte 32,32,32,32,0
 E571 20202020202020202020202020202020  .byte 32,32,32,32,32,32,32,32,32,32,32,32,32,32,32,32
 E581 2020202000        .byte 32,32,32,32,0
 E586 20202020202020202020202020202020  .byte 32,32,32,32,32,32,32,32,32,32,32,32,32,32,32,32
 E596 2020202000        .byte 32,32,32,32,0
 E59B 20202020202020202020202020202020  .byte 32,32,32,32,32,32,32,32,32,32,32,32,32,32,32,32
 E5AB 2020202000        .byte 32,32,32,32,0
 E5B0 20202020202020202020202020202020  .byte 32,32,32,32,32,32,32,32,32,32,32,32,32,32,32,32
 E5C0 2020202000        .byte 32,32,32,32,0
 E5C5 20202020202020202020202020202020  .byte 32,32,32,32,32,32,32,32,32,32,32,32,32,32,32,32
 E5D5 2020202000        .byte 32,32,32,32,0
 E5DA 20202020202020202020202020202020  .byte 32,32,32,32,32,32,32,32,32,32,32,32,32,32,32,32
 E5EA 2020202000        .byte 32,32,32,32,0
 E5EF 1112              .byte 17,18
 E5F1 1110              .byte 17,16
 E5F3 0000              .byte 0,0
 E5F5 0000              .byte 0,0
 E5F7 0000              .byte 0,0
 E5F9 00                .byte 0
 E5FA 001F              .word _CompressorOnOff
 E5FC 034F              .word _LowSetPoint
 E5FE 0371              .word _HighSetPoint
 E600 054F              .word _Pressure
 E602 0104              .word _NullVar
 E604 0104              .word _NullVar
 E606 0104              .word _NullVar
 E608 0104              .word _NullVar
 E60A 0104              .word _NullVar
 E60C 0104              .word _NullVar
 E60E 0104              .word _NullVar
 E610 0000              .word _StdVarFunction
 E612 0000              .word _StdVarFunction
 E614 0000              .word _StdVarFunction
 E616 0000              .word _NullFunction
 E618 0000              .word _ExitMenu
 E61A 0000              .word _NullFunction
 E61C 0000              .word _NullFunction
 E61E 0000              .word _NullFunction
 E620 0000              .word _NullFunction
 E622 0000              .word _NullFunction
 E624 0000              .word _NullFunction
 E626 0000              .byte 0,0
 E628 0302              .byte 3,2
 E62A 202020434F4D50524553534F52204449  .byte 32,32,32,'C,'O,'M,'P,'R,'E,'S,'S,'O,'R,32,'D,'I
 E63A 4147202000        .byte 'A,'G,32,32,0
 E63F 205345414C5320202020202020202020  .byte 32,'S,'E,'A,'L,'S,32,32,32,32,32,32,32,32,32,32
 E64F 2020202000        .byte 32,32,32,32,0
 E654 20455849542020202020202020202020  .byte 32,'E,'X,'I,'T,32,32,32,32,32,32,32,32,32,32,32
 E664 2020202000        .byte 32,32,32,32,0
 E669 20202020202020202020202020202020  .byte 32,32,32,32,32,32,32,32,32,32,32,32,32,32,32,32
 E679 2020202000        .byte 32,32,32,32,0
 E67E 20202020202020202020202020202020  .byte 32,32,32,32,32,32,32,32,32,32,32,32,32,32,32,32
 E68E 2020202000        .byte 32,32,32,32,0
 E693 20202020202020202020202020202020  .byte 32,32,32,32,32,32,32,32,32,32,32,32,32,32,32,32
 E6A3 2020202000        .byte 32,32,32,32,0
 E6A8 20202020202020202020202020202020  .byte 32,32,32,32,32,32,32,32,32,32,32,32,32,32,32,32
 E6B8 2020202000        .byte 32,32,32,32,0
 E6BD 20202020202020202020202020202020  .byte 32,32,32,32,32,32,32,32,32,32,32,32,32,32,32,32
 E6CD 2020202000        .byte 32,32,32,32,0
 E6D2 20202020202020202020202020202020  .byte 32,32,32,32,32,32,32,32,32,32,32,32,32,32,32,32
 E6E2 2020202000        .byte 32,32,32,32,0
 E6E7 20202020202020202020202020202020  .byte 32,32,32,32,32,32,32,32,32,32,32,32,32,32,32,32
 E6F7 2020202000        .byte 32,32,32,32,0
 E6FC 20202020202020202020202020202020  .byte 32,32,32,32,32,32,32,32,32,32,32,32,32,32,32,32
 E70C 2020202000        .byte 32,32,32,32,0
 E711 20202020202020202020202020202020  .byte 32,32,32,32,32,32,32,32,32,32,32,32,32,32,32,32
 E721 2020202000        .byte 32,32,32,32,0
 E726 1000              .byte 16,0
 E728 0000              .byte 0,0
 E72A 0000              .byte 0,0
 E72C 0000              .byte 0,0
 E72E 0000              .byte 0,0
 E730 00                .byte 0
 E731 052D              .word _SealsOnOff
 E733 0104              .word _NullVar
 E735 0104              .word _NullVar
 E737 0104              .word _NullVar
 E739 0104              .word _NullVar
 E73B 0104              .word _NullVar
 E73D 0104              .word _NullVar
 E73F 0104              .word _NullVar
 E741 0104              .word _NullVar
 E743 0104              .word _NullVar
 E745 0104              .word _NullVar
 E747 0000              .word _StdVarFunction
 E749 0000              .word _ExitMenu
 E74B 0000              .word _NullFunction
 E74D 0000              .word _NullFunction
 E74F 0000              .word _NullFunction
 E751 0000              .word _NullFunction
 E753 0000              .word _NullFunction
 E755 0000              .word _NullFunction
 E757 0000              .word _NullFunction
 E759 0000              .word _NullFunction
 E75B 0000              .word _NullFunction
 E75D 0000              .byte 0,0
 E75F 0004              .byte 0,4
 E761 2020202020202043414D455241202020  .byte 32,32,32,32,32,32,32,'C,'A,'M,'E,'R,'A,32,32,32
 E771 2020202000        .byte 32,32,32,32,0
 E776 2053455454494E475320202020202020  .byte 32,'S,'E,'T,'T,'I,'N,'G,'S,32,32,32,32,32,32,32
 E786 2020202000        .byte 32,32,32,32,0
 E78B 20444941474E4F535449435320202020  .byte 32,'D,'I,'A,'G,'N,'O,'S,'T,'I,'C,'S,32,32,32,32
 E79B 2020202000        .byte 32,32,32,32,0
 E7A0 20535441545553202020202020202020  .byte 32,'S,'T,'A,'T,'U,'S,32,32,32,32,32,32,32,32,32
 E7B0 2020202000        .byte 32,32,32,32,0
 E7B5 20455849542020202020202020202020  .byte 32,'E,'X,'I,'T,32,32,32,32,32,32,32,32,32,32,32
 E7C5 2020202000        .byte 32,32,32,32,0
 E7CA 20202020202020202020202020202020  .byte 32,32,32,32,32,32,32,32,32,32,32,32,32,32,32,32
 E7DA 2020202000        .byte 32,32,32,32,0
 E7DF 20202020202020202020202020202020  .byte 32,32,32,32,32,32,32,32,32,32,32,32,32,32,32,32
 E7EF 2020202000        .byte 32,32,32,32,0
 E7F4 20202020202020202020202020202020  .byte 32,32,32,32,32,32,32,32,32,32,32,32,32,32,32,32
 E804 2020202000        .byte 32,32,32,32,0
 E809 20202020202020202020202020202020  .byte 32,32,32,32,32,32,32,32,32,32,32,32,32,32,32,32
 E819 2020202000        .byte 32,32,32,32,0
 E81E 20202020202020202020202020202020  .byte 32,32,32,32,32,32,32,32,32,32,32,32,32,32,32,32
 E82E 2020202000        .byte 32,32,32,32,0
 E833 20202020202020202020202020202020  .byte 32,32,32,32,32,32,32,32,32,32,32,32,32,32,32,32
 E843 2020202000        .byte 32,32,32,32,0
 E848 20202020202020202020202020202020  .byte 32,32,32,32,32,32,32,32,32,32,32,32,32,32,32,32
 E858 2020202000        .byte 32,32,32,32,0
 E85D 0000              .byte 0,0
 E85F 0000              .byte 0,0
 E861 0000              .byte 0,0
 E863 0000              .byte 0,0
 E865 0000              .byte 0,0
 E867 00                .byte 0
 E868 0104              .word _NullVar
 E86A 0104              .word _NullVar
 E86C 0104              .word _NullVar
 E86E 0104              .word _NullVar
 E870 0104              .word _NullVar
 E872 0104              .word _NullVar
 E874 0104              .word _NullVar
 E876 0104              .word _NullVar
 E878 0104              .word _NullVar
 E87A 0104              .word _NullVar
 E87C 0104              .word _NullVar
 E87E 0000              .word _NullFunction
 E880 0000              .word _NullFunction
 E882 0000              .word _NullFunction
 E884 0000              .word _ExitMenu
 E886 0000              .word _NullFunction
 E888 0000              .word _NullFunction
 E88A 0000              .word _NullFunction
 E88C 0000              .word _NullFunction
 E88E 0000              .word _NullFunction
 E890 0000              .word _NullFunction
 E892 0000              .word _NullFunction
 E894 0000              .byte 0,0
 E896 0401              .byte 4,1
 E898 20202043414D4552412053455454494E  .byte 32,32,32,'C,'A,'M,'E,'R,'A,32,'S,'E,'T,'T,'I,'N
 E8A8 4753202000        .byte 'G,'S,32,32,0
 E8AD 204C49474854494E4720202020202020  .byte 32,'L,'I,'G,'H,'T,'I,'N,'G,32,32,32,32,32,32,32
 E8BD 2020202000        .byte 32,32,32,32,0
 E8C2 205A4F4F4D2053504545442020202020  .byte 32,'Z,'O,'O,'M,32,'S,'P,'E,'E,'D,32,32,32,32,32
 E8D2 2020202000        .byte 32,32,32,32,0
 E8D7 20464F43555320535045454420202020  .byte 32,'F,'O,'C,'U,'S,32,'S,'P,'E,'E,'D,32,32,32,32
 E8E7 2020202000        .byte 32,32,32,32,0
 E8EC 2046494C4D20414456414E4345202020  .byte 32,'F,'I,'L,'M,32,'A,'D,'V,'A,'N,'C,'E,32,32,32
 E8FC 2020202000        .byte 32,32,32,32,0
 E901 20544147202020202020202020202020  .byte 32,'T,'A,'G,32,32,32,32,32,32,32,32,32,32,32,32
 E911 2020202000        .byte 32,32,32,32,0
 E916 20455849542020202020202020202020  .byte 32,'E,'X,'I,'T,32,32,32,32,32,32,32,32,32,32,32
 E926 2020202000        .byte 32,32,32,32,0
 E92B 20202020202020202020202020202020  .byte 32,32,32,32,32,32,32,32,32,32,32,32,32,32,32,32
 E93B 2020202000        .byte 32,32,32,32,0
 E940 20202020202020202020202020202020  .byte 32,32,32,32,32,32,32,32,32,32,32,32,32,32,32,32
 E950 2020202000        .byte 32,32,32,32,0
 E955 20202020202020202020202020202020  .byte 32,32,32,32,32,32,32,32,32,32,32,32,32,32,32,32
 E965 2020202000        .byte 32,32,32,32,0
 E96A 20202020202020202020202020202020  .byte 32,32,32,32,32,32,32,32,32,32,32,32,32,32,32,32
 E97A 2020202000        .byte 32,32,32,32,0
 E97F 20202020202020202020202020202020  .byte 32,32,32,32,32,32,32,32,32,32,32,32,32,32,32,32
 E98F 2020202000        .byte 32,32,32,32,0
 E994 1010              .byte 16,16
 E996 1012              .byte 16,18
 E998 0800              .byte 8,0
 E99A 0000              .byte 0,0
 E99C 0000              .byte 0,0
 E99E 00                .byte 0
 E99F 03F9              .word _LightLevel
 E9A1 03B5              .word _ZoomSpeed
 E9A3 03D7              .word _FocusSpeed
 E9A5 041B              .word _AdvanceTime
 E9A7 043D              .word _CamTag
 E9A9 0104              .word _NullVar
 E9AB 0104              .word _NullVar
 E9AD 0104              .word _NullVar
 E9AF 0104              .word _NullVar
 E9B1 0104              .word _NullVar
 E9B3 0104              .word _NullVar
 E9B5 0000              .word _StdVarFunction
 E9B7 0000              .word _StdVarFunction
 E9B9 0000              .word _StdVarFunction
 E9BB 0000              .word _StdVarFunction
 E9BD 0000              .word _StdVarFunction
 E9BF 0000              .word _ExitMenu
 E9C1 0000              .word _NullFunction
 E9C3 0000              .word _NullFunction
 E9C5 0000              .word _NullFunction
 E9C7 0000              .word _NullFunction
 E9C9 0000              .word _NullFunction
 E9CB 0000              .byte 0,0
 E9CD 0402              .byte 4,2
 E9CF 2043414D45524120444941474E4F5354  .byte 32,'C,'A,'M,'E,'R,'A,32,'D,'I,'A,'G,'N,'O,'S,'T
 E9DF 4943532000        .byte 'I,'C,'S,32,0
 E9E4 20414456414E43452046494C4D202020  .byte 32,'A,'D,'V,'A,'N,'C,'E,32,'F,'I,'L,'M,32,32,32
 E9F4 2020202000        .byte 32,32,32,32,0
 E9F9 205A4F4F4D20494E2020202020202020  .byte 32,'Z,'O,'O,'M,32,'I,'N,32,32,32,32,32,32,32,32
 EA09 2020202000        .byte 32,32,32,32,0
 EA0E 205A4F4F4D204F555420202020202020  .byte 32,'Z,'O,'O,'M,32,'O,'U,'T,32,32,32,32,32,32,32
 EA1E 2020202000        .byte 32,32,32,32,0
 EA23 20464F43555320464152202020202020  .byte 32,'F,'O,'C,'U,'S,32,'F,'A,'R,32,32,32,32,32,32
 EA33 2020202000        .byte 32,32,32,32,0
 EA38 20464F435553204E4541522020202020  .byte 32,'F,'O,'C,'U,'S,32,'N,'E,'A,'R,32,32,32,32,32
 EA48 2020202000        .byte 32,32,32,32,0
 EA4D 20455849542020202020202020202020  .byte 32,'E,'X,'I,'T,32,32,32,32,32,32,32,32,32,32,32
 EA5D 2020202000        .byte 32,32,32,32,0
 EA62 20202020202020202020202020202020  .byte 32,32,32,32,32,32,32,32,32,32,32,32,32,32,32,32
 EA72 2020202000        .byte 32,32,32,32,0
 EA77 20202020202020202020202020202020  .byte 32,32,32,32,32,32,32,32,32,32,32,32,32,32,32,32
 EA87 2020202000        .byte 32,32,32,32,0
 EA8C 20202020202020202020202020202020  .byte 32,32,32,32,32,32,32,32,32,32,32,32,32,32,32,32
 EA9C 2020202000        .byte 32,32,32,32,0
 EAA1 20202020202020202020202020202020  .byte 32,32,32,32,32,32,32,32,32,32,32,32,32,32,32,32
 EAB1 2020202000        .byte 32,32,32,32,0
 EAB6 20202020202020202020202020202020  .byte 32,32,32,32,32,32,32,32,32,32,32,32,32,32,32,32
 EAC6 2020202000        .byte 32,32,32,32,0
 EACB 0000              .byte 0,0
 EACD 0000              .byte 0,0
 EACF 0000              .byte 0,0
 EAD1 0000              .byte 0,0
 EAD3 0000              .byte 0,0
 EAD5 00                .byte 0
 EAD6 0104              .word _NullVar
 EAD8 0104              .word _NullVar
 EADA 0104              .word _NullVar
 EADC 0104              .word _NullVar
 EADE 0104              .word _NullVar
 EAE0 0104              .word _NullVar
 EAE2 0104              .word _NullVar
 EAE4 0104              .word _NullVar
 EAE6 0104              .word _NullVar
 EAE8 0104              .word _NullVar
 EAEA 0104              .word _NullVar
 EAEC 01A3              .word _Advance
 EAEE 01CA              .word _ZoomInFunct
 EAF0 01E8              .word _ZoomOutFunct
 EAF2 0213              .word _FocusFarFunct
 EAF4 0231              .word _FocusNearFunct
 EAF6 0000              .word _ExitMenu
 EAF8 0000              .word _NullFunction
 EAFA 0000              .word _NullFunction
 EAFC 0000              .word _NullFunction
 EAFE 0000              .word _NullFunction
 EB00 0000              .word _NullFunction
 EB02 0000              .byte 0,0
 EB04 0403              .byte 4,3
 EB06 2020202020535441545553204D454E55  .byte 32,32,32,32,32,'S,'T,'A,'T,'U,'S,32,'M,'E,'N,'U
 EB16 2020202000        .byte 32,32,32,32,0
 EB1B 20534F46545741524520524556202020  .byte 32,'S,'O,'F,'T,'W,'A,'R,'E,32,'R,'E,'V,32,32,32
 EB2B 2020202000        .byte 32,32,32,32,0
 EB30 2043414D455241204944202020202020  .byte 32,'C,'A,'M,'E,'R,'A,32,'I,'D,32,32,32,32,32,32
 EB40 2020202000        .byte 32,32,32,32,0
 EB45 2053455249414C204E554D2020202020  .byte 32,'S,'E,'R,'I,'A,'L,32,'N,'U,'M,32,32,32,32,32
 EB55 2020202000        .byte 32,32,32,32,0
 EB5A 20455849542020202020202020202020  .byte 32,'E,'X,'I,'T,32,32,32,32,32,32,32,32,32,32,32
 EB6A 2020202000        .byte 32,32,32,32,0
 EB6F 20202020202020202020202020202020  .byte 32,32,32,32,32,32,32,32,32,32,32,32,32,32,32,32
 EB7F 2020202000        .byte 32,32,32,32,0
 EB84 20202020202020202020202020202020  .byte 32,32,32,32,32,32,32,32,32,32,32,32,32,32,32,32
 EB94 2020202000        .byte 32,32,32,32,0
 EB99 20202020202020202020202020202020  .byte 32,32,32,32,32,32,32,32,32,32,32,32,32,32,32,32
 EBA9 2020202000        .byte 32,32,32,32,0
 EBAE 20202020202020202020202020202020  .byte 32,32,32,32,32,32,32,32,32,32,32,32,32,32,32,32
 EBBE 2020202000        .byte 32,32,32,32,0
 EBC3 20202020202020202020202020202020  .byte 32,32,32,32,32,32,32,32,32,32,32,32,32,32,32,32
 EBD3 2020202000        .byte 32,32,32,32,0
 EBD8 20202020202020202020202020202020  .byte 32,32,32,32,32,32,32,32,32,32,32,32,32,32,32,32
 EBE8 2020202000        .byte 32,32,32,32,0
 EBED 20202020202020202020202020202020  .byte 32,32,32,32,32,32,32,32,32,32,32,32,32,32,32,32
 EBFD 2020202000        .byte 32,32,32,32,0
 EC02 0F0F              .byte 15,15
 EC04 0D00              .byte 13,0
 EC06 0000              .byte 0,0
 EC08 0000              .byte 0,0
 EC0A 0000              .byte 0,0
 EC0C 00                .byte 0
 EC0D 0571              .word _Rev
 EC0F 045F              .word _disp_add
 EC11 0481              .word _SerialNum
 EC13 0104              .word _NullVar
 EC15 0104              .word _NullVar
 EC17 0104              .word _NullVar
 EC19 0104              .word _NullVar
 EC1B 0104              .word _NullVar
 EC1D 0104              .word _NullVar
 EC1F 0104              .word _NullVar
 EC21 0104              .word _NullVar
 EC23 0000              .word _NullFunction
 EC25 0000              .word _NullFunction
 EC27 0000              .word _NullFunction
 EC29 0000              .word _ExitMenu
 EC2B 0000              .word _NullFunction
 EC2D 0000              .word _NullFunction
 EC2F 0000              .word _NullFunction
 EC31 0000              .word _NullFunction
 EC33 0000              .word _NullFunction
 EC35 0000              .word _NullFunction
 EC37 0000              .word _NullFunction
 EC39 0000              .byte 0,0
 EC3B 0005              .byte 0,5
 EC3D 2020202020535441545553204D454E55  .byte 32,32,32,32,32,'S,'T,'A,'T,'U,'S,32,'M,'E,'N,'U
 EC4D 2020202000        .byte 32,32,32,32,0
 EC52 20534F46545741524520524556202020  .byte 32,'S,'O,'F,'T,'W,'A,'R,'E,32,'R,'E,'V,32,32,32
 EC62 2020202000        .byte 32,32,32,32,0
 EC67 20505245535355524520202020202020  .byte 32,'P,'R,'E,'S,'S,'U,'R,'E,32,32,32,32,32,32,32
 EC77 2020202000        .byte 32,32,32,32,0
 EC7C 2043414D455241204944202020202020  .byte 32,'C,'A,'M,'E,'R,'A,32,'I,'D,32,32,32,32,32,32
 EC8C 2020202000        .byte 32,32,32,32,0
 EC91 2053455249414C204E554D2020202020  .byte 32,'S,'E,'R,'I,'A,'L,32,'N,'U,'M,32,32,32,32,32
 ECA1 2020202000        .byte 32,32,32,32,0
 ECA6 20455849542020202020202020202020  .byte 32,'E,'X,'I,'T,32,32,32,32,32,32,32,32,32,32,32
 ECB6 2020202000        .byte 32,32,32,32,0
 ECBB 20202020202020202020202020202020  .byte 32,32,32,32,32,32,32,32,32,32,32,32,32,32,32,32
 ECCB 2020202000        .byte 32,32,32,32,0
 ECD0 20202020202020202020202020202020  .byte 32,32,32,32,32,32,32,32,32,32,32,32,32,32,32,32
 ECE0 2020202000        .byte 32,32,32,32,0
 ECE5 20202020202020202020202020202020  .byte 32,32,32,32,32,32,32,32,32,32,32,32,32,32,32,32
 ECF5 2020202000        .byte 32,32,32,32,0
 ECFA 20202020202020202020202020202020  .byte 32,32,32,32,32,32,32,32,32,32,32,32,32,32,32,32
 ED0A 2020202000        .byte 32,32,32,32,0
 ED0F 20202020202020202020202020202020  .byte 32,32,32,32,32,32,32,32,32,32,32,32,32,32,32,32
 ED1F 2020202000        .byte 32,32,32,32,0
 ED24 20202020202020202020202020202020  .byte 32,32,32,32,32,32,32,32,32,32,32,32,32,32,32,32
 ED34 2020202000        .byte 32,32,32,32,0
 ED39 0F0F              .byte 15,15
 ED3B 0F0D              .byte 15,13
 ED3D 0000              .byte 0,0
 ED3F 0000              .byte 0,0
 ED41 0000              .byte 0,0
 ED43 00                .byte 0
 ED44 0571              .word _Rev
 ED46 054F              .word _Pressure
 ED48 045F              .word _disp_add
 ED4A 0481              .word _SerialNum
 ED4C 0104              .word _NullVar
 ED4E 0104              .word _NullVar
 ED50 0104              .word _NullVar
 ED52 0104              .word _NullVar
 ED54 0104              .word _NullVar
 ED56 0104              .word _NullVar
 ED58 0104              .word _NullVar
 ED5A 0000              .word _NullFunction
 ED5C 0000              .word _NullFunction
 ED5E 0000              .word _NullFunction
 ED60 0000              .word _StdVarFunction
 ED62 0000              .word _ExitMenu
 ED64 0000              .word _NullFunction
 ED66 0000              .word _NullFunction
 ED68 0000              .word _NullFunction
 ED6A 0000              .word _NullFunction
 ED6C 0000              .word _NullFunction
 ED6E 0000              .word _NullFunction
 ED70 0000              .byte 0,0
 ED72 0007              .byte 0,7
 ED74 202020202044454641554C5453202020  .byte 32,32,32,32,32,'D,'E,'F,'A,'U,'L,'T,'S,32,32,32
 ED84 2020202000        .byte 32,32,32,32,0
 ED89 20455849542020202020202020202020  .byte 32,'E,'X,'I,'T,32,32,32,32,32,32,32,32,32,32,32
 ED99 2020202000        .byte 32,32,32,32,0
 ED9E 20524553544F52452044454641554C54  .byte 32,'R,'E,'S,'T,'O,'R,'E,32,'D,'E,'F,'A,'U,'L,'T
 EDAE 5320202000        .byte 'S,32,32,32,0
 EDB3 20202020202020202020202020202020  .byte 32,32,32,32,32,32,32,32,32,32,32,32,32,32,32,32
 EDC3 2020202000        .byte 32,32,32,32,0
 EDC8 2020202020205741524E494E47202020  .byte 32,32,32,32,32,32,'W,'A,'R,'N,'I,'N,'G,32,32,32
 EDD8 2020202000        .byte 32,32,32,32,0
 EDDD 594F552057494C4C204C4F534520414C  .byte 'Y,'O,'U,32,'W,'I,'L,'L,32,'L,'O,'S,'E,32,'A,'L
 EDED 4C20202000        .byte 'L,32,32,32,0
 EDF2 4F46205448452043555252454E542020  .byte 'O,'F,32,'T,'H,'E,32,'C,'U,'R,'R,'E,'N,'T,32,32
 EE02 2020202000        .byte 32,32,32,32,0
 EE07 53455454494E4753205748454E202020  .byte 'S,'E,'T,'T,'I,'N,'G,'S,32,'W,'H,'E,'N,32,32,32
 EE17 2020202000        .byte 32,32,32,32,0
 EE1C 524553544F52494E472044454641554C  .byte 'R,'E,'S,'T,'O,'R,'I,'N,'G,32,'D,'E,'F,'A,'U,'L
 EE2C 5453202000        .byte 'T,'S,32,32,0
 EE31 20202020202020202020202020202020  .byte 32,32,32,32,32,32,32,32,32,32,32,32,32,32,32,32
 EE41 2020202000        .byte 32,32,32,32,0
 EE46 20202020202020202020202020202020  .byte 32,32,32,32,32,32,32,32,32,32,32,32,32,32,32,32
 EE56 2020202000        .byte 32,32,32,32,0
 EE5B 20202020202020202020202020202020  .byte 32,32,32,32,32,32,32,32,32,32,32,32,32,32,32,32
 EE6B 2020202000        .byte 32,32,32,32,0
 EE70 0000              .byte 0,0
 EE72 0000              .byte 0,0
 EE74 0000              .byte 0,0
 EE76 0000              .byte 0,0
 EE78 0000              .byte 0,0
 EE7A 00                .byte 0
 EE7B 0104              .word _NullVar
 EE7D 0104              .word _NullVar
 EE7F 0104              .word _NullVar
 EE81 0104              .word _NullVar
 EE83 0104              .word _NullVar
 EE85 0104              .word _NullVar
 EE87 0104              .word _NullVar
 EE89 0104              .word _NullVar
 EE8B 0104              .word _NullVar
 EE8D 0104              .word _NullVar
 EE8F 0104              .word _NullVar
 EE91 0000              .word _ExitMenu
 EE93 025C              .word _RestoreDefaults
 EE95 0000              .word _NullFunction
 EE97 0000              .word _NullFunction
 EE99 0000              .word _NullFunction
 EE9B 0000              .word _NullFunction
 EE9D 0000              .word _NullFunction
 EE9F 0000              .word _NullFunction
 EEA1 0000              .word _NullFunction
 EEA3 0000              .word _NullFunction
 EEA5 0000              .word _NullFunction
 EEA7                   .dbstruct 0 311 MenuStruct
 EEA7                   .dbfield 0 Index A[4:4]c
 EEA7                   .dbfield 4 Entry A[252:12:21]c
 EEA7                   .dbfield 256 Pos A[11:11]c
 EEA7                   .dbfield 267 VarPntr A[22:11]pS[menu_var]
 EEA7                   .dbfield 289 FunctPtr A[22:11]pfI
 EEA7                   .dbend
 EEA7                   .dbsym e Menuc _Menuc A[5287:17]S[MenuStruct]
                        .area data
 0593                   .dbfile C:\Users\vbenton.crtsglobal\Desktop\temp\REV3~1.25\SOURCE~1\Subroutines.c
 0593           _MenuStackc::
 0593                   .blkb 2
                        .area idata
 0593 0000              .byte 0,0
                        .area data
 0595                   .dbfile C:\Users\vbenton.crtsglobal\Desktop\temp\REV3~1.25\SOURCE~1\Subroutines.c
 0595                   .blkb 2
                        .area idata
 0595 0000              .byte 0,0
                        .area data
 0597                   .dbfile C:\Users\vbenton.crtsglobal\Desktop\temp\REV3~1.25\SOURCE~1\Subroutines.c
 0597                   .blkb 1
                        .area idata
 0597 01                .byte 1
                        .area data
 0598                   .dbfile C:\Users\vbenton.crtsglobal\Desktop\temp\REV3~1.25\SOURCE~1\Subroutines.c
 0598                   .blkb 1
                        .area idata
 0598 00                .byte 0
                        .area data
 0599                   .dbfile C:\Users\vbenton.crtsglobal\Desktop\temp\REV3~1.25\SOURCE~1\Subroutines.c
 0599                   .blkb 24
                        .area idata
 0599 00000000000000000000      .word 0,0,0,0,0
 05A3 00000000000000000000      .word 0,0,0,0,0
 05AD 00000000          .byte 0,0,0,0
                        .area data
 05B1                   .dbfile C:\Users\vbenton.crtsglobal\Desktop\temp\REV3~1.25\SOURCE~1\Subroutines.c
 05B1                   .dbstruct 0 6 MenuStack
 05B1                   .dbfield 0 Index A[4:4]c
 05B1                   .dbfield 4 CursorPos c
 05B1                   .dbfield 5 FirstLine c
 05B1                   .dbend
 05B1                   .dbsym e MenuStackc _MenuStackc A[30:5]S[MenuStack]
 05B1           _StackPointer::
 05B1                   .blkb 1
                        .area idata
 05B1 00                .byte 0
                        .area data
 05B2                   .dbfile C:\Users\vbenton.crtsglobal\Desktop\temp\REV3~1.25\SOURCE~1\Subroutines.c
 05B2                   .dbsym e StackPointer _StackPointer c
 05B2           _VariableFlag::
 05B2                   .blkb 1
                        .area idata
 05B2 00                .byte 0
                        .area data
 05B3                   .dbfile C:\Users\vbenton.crtsglobal\Desktop\temp\REV3~1.25\SOURCE~1\Subroutines.c
 05B3                   .dbsym e VariableFlag _VariableFlag c
                        .area extcode(paged)
 0000                   .dbfile C:\Users\vbenton.crtsglobal\Desktop\temp\REV3~1.25\SOURCE~1\Subroutines.c
 0000                   .dbfunc e InitPorts _InitPorts fV
 0000           $_InitPorts::
 0000                   .dbline -1
 0000                   .dbline 996
 0000           ; #include <stdio.h>
 0000           ; #include <string.h>
 0000           ; #include <stdlib.h>
 0000           ; 
 0000           ; #include "Subroutines.h"
 0000           ; #include "mc9s12a128.h"
 0000           ; #include "Interrupts.h"
 0000           ; #include "mcohw.h"
 0000           ; #include "EEProm.h"
 0000           ; #include "string.h"
 0000           ; #include "PID.h"
 0000           ; 
 0000           ; char save_serial_flag;
 0000           ; extern char Gen_Flags;
 0000           ; 
 0000           ; extern char SIN0Buf[SIN0BufLen];
 0000           ; extern int SIN0Bufptr;
 0000           ; extern char SOUT0Buf[SOUT0BufLen];
 0000           ; extern int SOUT0Bufptr;
 0000           ; 
 0000           ; extern char SIN1Buf[SIN1BufLen];
 0000           ; extern int SIN1Bufptr;
 0000           ; extern char SOUT1Buf[SOUT1BufLen];
 0000           ; extern int SOUT1Bufptr;
 0000           ; 
 0000           ; unsigned cam_add;
 0000           ; unsigned ran_num = 0;  //used to create unique camera address  
 0000           ; 
 0000           ; extern unsigned int TC0_RCVD_Data;
 0000           ; 
 0000           ; extern CAN_MSG gTxNMT;
 0000           ; 
 0000           ; CAN_MSG gTxMsg;
 0000           ; 
 0000           ; extern unsigned int Timer1;
 0000           ; extern unsigned int Timer2;
 0000           ; extern int Update_Menu_Timer;
 0000           ; extern unsigned int CompressorTimer;
 0000           ; extern unsigned int FocusZoomTimer;
 0000           ; extern unsigned int AdvanceTimer;
 0000           ; extern unsigned int LA_Wait_Timer;
 0000           ; extern int updatePressureTimer;        //limit frequency of updates to menu
 0000           ; extern unsigned int SequenceTimer;
 0000           ; extern unsigned int HdOffTimer;
 0000           ; extern unsigned long LineupTimer;
 0000           ; extern unsigned long LineupTimeCapture;
 0000           ; 
 0000           ; char UpdateMenu;
 0000           ; char cursor_row;    //row position of cursor, zero is at top of display
 0000           ; extern char InProcess;
 0000           ; extern char AcceptKeys;
 0000           ; 
 0000           ; extern unsigned int MenuTimer;
 0000           ; 
 0000           ; extern unsigned char StoreFlag;
 0000           ; 
 0000           ; float margin=0.02;
 0000           ; char done=1;
 0000           ; int desired_position=0;
 0000           ; int next_desired_position=0;
 0000           ; int prev_desired_position=0;  //this needs to initially be some invalid position, so the actuator can move to 0
 0000           ; extern int LA_position;
 0000           ; extern int prevLA_position;
 0000           ; extern char phase;
 0000           ; extern char prev_phase;
 0000           ; extern char resolver;
 0000           ; signed char start_sequence=1;
 0000           ; int desired_speed=0;
 0000           ; int next_desired_speed=0;
 0000           ; extern signed char direction;
 0000           ; char extend_test=0;
 0000           ; char retract_test=0;
 0000           ; char LA_Moving=0;
 0000           ; int Move_Position=-1;
 0000           ; int Move_Speed=0;
 0000           ; char LA_Moved = 0;
 0000           ; 
 0000           ; int CStrks;
 0000           ; int   FStrks;
 0000           ; int   CDist;
 0000           ; int   FDist;
 0000           ; int   Cntr;
 0000           ; 
 0000           ; signed char HeadRampCW=0;
 0000           ; signed char HeadRampCCW=0;
 0000           ; int HeadSpeed;
 0000           ; 
 0000           ; char State = FinishState;
 0000           ; extern unsigned long  StateTime;
 0000           ; char HdDirection;
 0000           ; 
 0000           ; extern unsigned int PID_Timer;
 0000           ; extern long LA_speed;
 0000           ; 
 0000           ; char FractionFlag;
 0000           ; char compTimedOutflag = 0;
 0000           ; 
 0000           ; char Variable_flag;
 0000           ; char String_Var_ptr;
 0000           ; char Multi_Var_ptr;
 0000           ; extern char CursorUpFlag;
 0000           ; extern char CursorDownFlag;
 0000           ; extern char SelectFlag;
 0000           ; char PressureMsgSent;
 0000           ; char CamAddressXmitd;
 0000           ; 
 0000           ; unsigned char ActCam4;
 0000           ; unsigned char ActCam5;
 0000           ; 
 0000           ; 
 0000           ; char laSwitch;
 0000           ; 
 0000           ; extern char fast_inc;
 0000           ; extern unsigned int IncSpeedUpTimer;
 0000           ; extern char LAspd;
 0000           ; 
 0000           ; char PB1_PWM, PB3_PWM;
 0000           ; 
 0000           ; unsigned char Use_IN_digi_15=0;
 0000           ; 
 0000           ; const char enum_NULL_str[]="";
 0000           ; const char enum_off_on_str[]="OFF, ON";
 0000           ; const char enum_cln_vac_str[]="CLN,VAC";
 0000           ; const char enum_pos_neg_str[]="POS,NEG";
 0000           ; const char enum_slow_fast_str[]="EXSLW, SLOW, FAST";
 0000           ; const char enum_stop_retract_str[]="   STOP, EXTEND,RETRACT";
 0000           ; const char enum_base_iso_str[]="BASE, ISO, OFF";
 0000           ; const char enum_lin_act_str[]="CLEANER,LIN ACT";
 0000           ; const char enum_machinesize_str[]="08-10,12-22,24-34,36-48";
 0000           ; const char enum_alpha_str[]=" ,A,B,C,D,E,F,G,H,I,J,K,L,M,N,O,P,Q,R,S,T,U,V,W,X,Y,Z,0,1,2,3,4,5,6,7,8,9,.,<,>,;,:,@,(,),-,-"; //last char is the cursor char, do not count for max
 0000           ; const char enum_number_str[]="0,1,2,3,4,5,6,7,8,9,-";  //last char is the cursor char, do not count for max
 0000           ; 
 0000           ; 
 0000           ; //The following Menu Variables are saved in EEPROM
 0000           ; 
 0000           ; struct menu_var  CompressorOnOff = {
 0000           ;          2,1,1,2,0,3," ON",enum_off_on_str
 0000           ; };
 0000           ;  
 0000           ; struct menu_var  CntrStrokes = {
 0000           ;          6,1,0,20,0,2," 6",enum_NULL_str
 0000           ; };
 0000           ; 
 0000           ; struct menu_var  FullStrokes = {
 0000           ;          6,1,0,20,0,2," 6",enum_NULL_str
 0000           ; };
 0000           ; 
 0000           ; struct menu_var  CntrDist = {
 0000           ;          4.0,0.1,1.0,20.0,1,4," 4.0",enum_NULL_str
 0000           ; };
 0000           ; 
 0000           ; struct menu_var  FullDist = {
 0000           ;          8.0,0.1,1.0,20.0,1,4," 8.0",enum_NULL_str
 0000           ; };
 0000           ; 
 0000           ; struct menu_var  LACntr = {
 0000           ;          4.0,0.1,1.0,20.0,1,4," 4.0",enum_NULL_str
 0000           ; };
 0000           ; 
 0000           ; struct menu_var  LASpeed = {
 0000           ;          100,1,25,100,0,3,"100",enum_NULL_str
 0000           ; };
 0000           ; 
 0000           ; struct menu_var  LineUpDist = {
 0000           ;          75.0,0.1,0.0,300.0,1,5," 75.0",enum_NULL_str
 0000           ; };
 0000           ; 
 0000           ; struct menu_var  LineupSpeed = {
 0000           ;          0.66,0.01,0.25,0.90,2,4,"0.66",enum_NULL_str
 0000           ; };
 0000           ; 
 0000           ; struct menu_var  SealTime = {
 0000           ;          10,1,0,20,0,2,"10",enum_NULL_str
 0000           ; };
 0000           ; 
 0000           ; struct menu_var TestModeOnOff = {
 0000           ;          1,1,1,2,0,3,"OFF",enum_off_on_str
 0000           ; };
 0000           ; 
 0000           ; struct menu_var  LineUpClnVac = { //TrigVacOnOff
 0000           ;          1,1,1,2,0,3,"CLN",enum_cln_vac_str
 0000           ; };
 0000           ; 
 0000           ; struct menu_var  LineupTimeOnOff = { 
 0000           ;          1,1,1,2,0,3,"OFF",enum_off_on_str
 0000           ; };
 0000           ; 
 0000           ; struct menu_var laSwitchPol = {
 0000           ;          2,1,1,2,0,3,"NEG",enum_pos_neg_str
 0000           ; };
 0000           ; 
 0000           ; struct menu_var  VacDist1 = {
 0000           ;          100,1,0,300,0,3,"100",enum_NULL_str
 0000           ; };
 0000           ; 
 0000           ; struct menu_var  VacDist2 = {
 0000           ;          100,1,0,300,0,3,"100",enum_NULL_str
 0000           ; };
 0000           ; 
 0000           ; struct menu_var  VacDist3 = {
 0000           ;          100,1,0,300,0,3,"100",enum_NULL_str
 0000           ; };
 0000           ; 
 0000           ; struct menu_var  VacDist4 = {
 0000           ;          0,1,0,300,0,3,"  0",enum_NULL_str
 0000           ; };
 0000           ; 
 0000           ; struct menu_var  VacDist5 = {
 0000           ;          0,1,0,300,0,3,"  0",enum_NULL_str
 0000           ; };
 0000           ; 
 0000           ; struct menu_var  VacSpeed1 = {
 0000           ;          1,1,1,3,0,5,"EXSLW",enum_slow_fast_str
 0000           ; };
 0000           ; 
 0000           ; struct menu_var  VacSpeed2 = {
 0000           ;          1,1,1,3,0,5,"EXSLW",enum_slow_fast_str
 0000           ; };
 0000           ; 
 0000           ; 
 0000           ; struct menu_var  VacSpeed3 = {
 0000           ;          1,1,1,3,0,5,"EXSLW",enum_slow_fast_str
 0000           ; };
 0000           ; 
 0000           ; struct menu_var  VacSpeed4 = {
 0000           ;          1,1,1,3,0,5,"EXSLW",enum_slow_fast_str
 0000           ; };
 0000           ; 
 0000           ; struct menu_var  VacSpeed5 = {
 0000           ;          1,1,1,3,0,5,"EXSLW",enum_slow_fast_str
 0000           ; };
 0000           ; 
 0000           ; struct menu_var  LowSetPoint = {
 0000           ;          90,1,10,90,0,2,"90",enum_NULL_str
 0000           ; };
 0000           ; 
 0000           ; struct menu_var  HighSetPoint = {
 0000           ;          100,1,20,100,0,3,"100",enum_NULL_str
 0000           ; };
 0000           ; 
 0000           ; struct menu_var  MachineSize = {
 0000           ;          1,1,1,4,0,5,"08-10",enum_machinesize_str
 0000           ; };
 0000           ; 
 0000           ; struct menu_var  ZoomSpeed = {
 0000           ;          100,1,0,100,0,3,"100",enum_NULL_str
 0000           ; }; //0-100
 0000           ; struct menu_var  FocusSpeed = {
 0000           ;          100,1,0,100,0,3,"100",enum_NULL_str
 0000           ; }; //0-100
 0000           ; 
 0000           ; struct menu_var  LightLevel = {
 0000           ;          100,1,0,100,0,3,"100",enum_NULL_str
 0000           ; };
 0000           ; 
 0000           ; struct menu_var  AdvanceTime = {
 0000           ;          1,1,1,5,0,1,"1",enum_NULL_str
 0000           ; }; //1-5
 0000           ; 
 0000           ; struct menu_var  CamTag = {
 0000           ;          1,1,1,46,0,-11,"CLEANER CAM",enum_alpha_str
 0000           ; };
 0000           ; 
 0000           ; struct menu_var  disp_add = {
 0000           ;          1,1,1,46,0,-4,"1234",enum_alpha_str
 0000           ; };
 0000           ; 
 0000           ; 
 0000           ; //saved seperately at 0x0a00
 0000           ; char cam_addx[2];      //unique camera address from ran_num
 0000           ; 
 0000           ; //saved seperately at 0x0b10
 0000           ; struct menu_var SerialNum = {
 0000           ;          1,1,1,10,0,-6,"------",enum_number_str
 0000           ; };
 0000           ; 
 0000           ; //saved seperately at 0x0c50
 0000           ; unsigned char TrigCam4 = 123;
 0000           ; unsigned char TrigCam5 = 45;
 0000           ; 
 0000           ; 
 0000           ; 
 0000           ; 
 0000           ; 
 0000           ; //The following Menu Variables are NOT saved in EEPROM
 0000           ; struct menu_var  NullVar;
 0000           ; 
 0000           ; struct menu_var HeadCWOnOff = {
 0000           ;          1,1,1,2,0,3,"OFF",enum_off_on_str
 0000           ; };
 0000           ; 
 0000           ; struct menu_var HeadCCWOnOff = {
 0000           ;          1,1,1,2,0,3,"OFF",enum_off_on_str
 0000           ; };
 0000           ; 
 0000           ; struct menu_var BlowersOnOff = {
 0000           ;          1,1,1,2,0,3,"OFF",enum_off_on_str
 0000           ; };
 0000           ; 
 0000           ; struct menu_var VacuumOnOff = {
 0000           ;          1,1,1,2,0,3,"OFF",enum_off_on_str
 0000           ; };
 0000           ; 
 0000           ; struct menu_var SealsOnOff = {
 0000           ;          1,1,1,2,0,3,"OFF",enum_off_on_str
 0000           ; };
 0000           ; 
 0000           ; struct menu_var  Pressure = {
 0000           ;          100,1,0,1000,0,4," 100",enum_NULL_str
 0000           ; };
 0000           ; 
 0000           ; struct menu_var Rev = {
 0000           ;          1,1,1,46,0,-4,Revision,enum_alpha_str
 0000           ; };
 0000           ; 
 0000           ; float UDSPD;
 0000           ; float updateSpd;
 0000           ; 
 0000           ; extern SPid *spdPID;
 0000           ; extern SPid speedPID;
 0000           ; 
 0000           ; extern initPID;
 0000           ; 
 0000           ; #pragma abs_address: 0xda00
 0000           ; struct MenuStruct Menuc[MenuSize] = {     
 0000           ;                                         0,0,0,0,
 0000           ;                                         "   CLEANER-VACUUM   ",
 0000           ;                                         " CLEANER            ",
 0000           ;                                                                               " VACUUM             ",
 0000           ;                                         " COMPRESSOR         ",
 0000           ;                                         " CAMERA             ",
 0000           ;                                         " STATUS             ",
 0000           ;                                         " MACHINE SIZE       ",
 0000           ;                                         " DEFAULTS           ",
 0000           ;                                         " EXIT               ",
 0000           ;                                         "                    ",
 0000           ;                                         "                    ",
 0000           ;                                         "                    ",
 0000           ;                                         15,0,0,0,0,15,0,0,0,0,0,
 0000           ;                                         &NullVar,
 0000           ;                                         &NullVar,
 0000           ;                                         &NullVar,
 0000           ;                                         &NullVar,
 0000           ;                                         &NullVar,
 0000           ;                                         &MachineSize,
 0000           ;                                         &NullVar,
 0000           ;                                         &NullVar,
 0000           ;                                         &NullVar,
 0000           ;                                         &NullVar,
 0000           ;                                         &NullVar,
 0000           ;                                         &NullFunction,
 0000           ;                                         &NullFunction,
 0000           ;                                         &NullFunction,
 0000           ;                                         &NullFunction,
 0000           ;                                         &NullFunction,
 0000           ;                                         &StdVarFunction,
 0000           ;                                         &NullFunction,
 0000           ;                                         &ExitMenu,
 0000           ;                                         &NullFunction,
 0000           ;                                         &NullFunction,
 0000           ;                                         &NullFunction,
 0000           ;                                         
 0000           ;                                         
 0000           ;                                             0,0,0,1,
 0000           ;                                             "       CLEANER      ",
 0000           ;                                                                                       " SETTINGS           ",
 0000           ;                                             " SETTINGS 2         ",
 0000           ;                                             " DIAGNOSTICS        ",
 0000           ;                                                                                       " EXIT               ",
 0000           ;                                             "                    ",
 0000           ;                                             "                    ",
 0000           ;                                             "                    ",
 0000           ;                                             "                    ",
 0000           ;                                             "                    ",
 0000           ;                                             "                    ",
 0000           ;                                             "                    ",
 0000           ;                                             0,0,0,0,0,0,0,0,0,0,0,
 0000           ;                                             &NullVar,
 0000           ;                                             &NullVar,
 0000           ;                                             &NullVar,
 0000           ;                                             &NullVar,
 0000           ;                                             &NullVar,
 0000           ;                                             &NullVar,
 0000           ;                                             &NullVar,
 0000           ;                                             &NullVar,
 0000           ;                                             &NullVar,
 0000           ;                                             &NullVar,
 0000           ;                                             &NullVar,
 0000           ;                                             &NullFunction,
 0000           ;                                             &NullFunction,
 0000           ;                                             &NullFunction,
 0000           ;                                             &ExitMenu,
 0000           ;                                             &NullFunction,
 0000           ;                                             &NullFunction,
 0000           ;                                             &NullFunction,
 0000           ;                                             &NullFunction,
 0000           ;                                             &NullFunction,
 0000           ;                                             &NullFunction,
 0000           ;                                             &NullFunction,
 0000           ;                                      
 0000           ;                             
 0000           ;                                                 0,0,1,1,
 0000           ;                                                 "  CLEANER SETTINGS  ",
 0000           ;                                                                                       " CENTER STROKES     ",
 0000           ;                                                 " FULL STROKES       ",
 0000           ;                                                                                       " CENTER DIST        ",
 0000           ;                                                 " FULL DIST          ",
 0000           ;                                                 " LA CENTER          ",
 0000           ;                                                                                       " LA SPEED           ",
 0000           ;                                                 " LINE-UP DIST       ",
 0000           ;                                                 " SEAL TIME          ",
 0000           ;                                                 " TEST MODE          ",
 0000           ;                                                 " LA SWITCH          ",
 0000           ;                                                                                       " EXIT               ",
 0000           ;                                                 18,18,16,16,16,17,15,18,17,17,0,
 0000           ;                                                 &CntrStrokes,
 0000           ;                                                 &FullStrokes,
 0000           ;                                                 &CntrDist,
 0000           ;                                                 &FullDist,
 0000           ;                                                 &LACntr,
 0000           ;                                                 &LASpeed,
 0000           ;                                                 &LineUpDist,
 0000           ;                                                 &SealTime,
 0000           ;                                                 &TestModeOnOff,
 0000           ;                                                 &laSwitchPol,
 0000           ;                                                 &NullVar,
 0000           ;                                                 &StdVarFunction,
 0000           ;                                                 &StdVarFunction,
 0000           ;                                                 &StdVarFunction,
 0000           ;                                                 &StdVarFunction,
 0000           ;                                                 &StdVarFunction,
 0000           ;                                                 &StdVarFunction,
 0000           ;                                                 &StdVarFunction,
 0000           ;                                                 &StdVarFunction,
 0000           ;                                                 &StdVarFunction,
 0000           ;                                                 &StdVarFunction,
 0000           ;                                                 &ExitMenu,
 0000           ;                                          
 0000           ;                                 
 0000           ;                                                 0,0,1,2,
 0000           ;                                                 "     SETTINGS 2     ",
 0000           ;                                                               " SEL TRIG CAM       ",
 0000           ;                                                 " LINE UP ON         ",
 0000           ;                                                 " LINEUP TIMER       ",
 0000           ;                                                 " LINEUP SPEED       ",
 0000           ;                                                                                               " EXIT               ",
 0000           ;                                                 "      WARNING       ",
 0000           ;                                                 "THE CURRENT CAMERA  ",
 0000           ;                                                 "WILL BE SELECTED AS ",
 0000           ;                                                 "THE TRIGGER CAMERA  ",
 0000           ;                                                 "                    ",
 0000           ;                                                 "                    ",
 0000           ;                                                 0,16,16,15,0,0,0,0,0,0,0,
 0000           ;                                                 &NullVar,
 0000           ;                                                 &LineUpClnVac,
 0000           ;                                                 &LineupTimeOnOff,
 0000           ;                                                 &LineupSpeed,
 0000           ;                                                                                               &NullVar,
 0000           ;                                                                                               &NullVar,
 0000           ;                                                                                               &NullVar,
 0000           ;                                                                                               &NullVar,
 0000           ;                                                                                               &NullVar,
 0000           ;                                                 &NullVar,
 0000           ;                                                 &NullVar,
 0000           ;                                                 &GetTrigCam,
 0000           ;                                                                                               &StdVarFunction,
 0000           ;                                                                                               &StdVarFunction,
 0000           ;                                                                                               &StdVarFunction,
 0000           ;                                                                                               &ExitMenu,
 0000           ;                                                                                               &NullFunction,
 0000           ;                                                                                               &NullFunction,
 0000           ;                                                                                               &NullFunction,
 0000           ;                                                                                               &NullFunction,
 0000           ;                                                                                               &NullFunction,
 0000           ;                                                                                               &NullFunction,
 0000           ;                                                                                               
 0000           ;                                                                                               
 0000           ;                                                                                               
 0000           ;                                                                                               0,0,1,3,
 0000           ;                                                 " CLEANER DIAGNOSTICS",
 0000           ;                                                               " RETRACT LA         ",
 0000           ;                                                               " CENTER LA          ",
 0000           ;                                                               " EXTEND LA          ",
 0000           ;                                                               " HEAD CW            ",
 0000           ;                                                               " HEAD CCW           ",
 0000           ;                                                               " SEALS              ",
 0000           ;                                                               " GRIT               ",
 0000           ;                                                 " VACUUM             ",
 0000           ;                                                 " EXIT               ",
 0000           ;                                                 "                    ",
 0000           ;                                                 "                    ",
 0000           ;                                                 0,0,0,16,16,16,16,16,0,0,0,
 0000           ;                                                 &NullVar,
 0000           ;                                                 &NullVar,
 0000           ;                                                 &NullVar,
 0000           ;                                                 &HeadCWOnOff,
 0000           ;                                                 &HeadCCWOnOff,
 0000           ;                                                                                               &SealsOnOff,
 0000           ;                                                 &BlowersOnOff,
 0000           ;                                                 &VacuumOnOff,
 0000           ;                                                 &NullVar,
 0000           ;                                                 &NullVar,
 0000           ;                                                 &NullVar,
 0000           ;                                                 &RetractLA,
 0000           ;                                                 &CenterLA,
 0000           ;                                                 &ExtendLA,
 0000           ;                                                                                       &StdVarFunction,
 0000           ;                                                                                       &StdVarFunction,
 0000           ;                                                                                               &StdVarFunction,
 0000           ;                                                 &StdVarFunction,
 0000           ;                                                 &StdVarFunction,
 0000           ;                                                 &ExitMenu,
 0000           ;                                                 &NullFunction,
 0000           ;                                                 &NullFunction,
 0000           ;                                                  
 0000           ;                                                 
 0000           ;                                             0,0,0,2,
 0000           ;                                             "       VACUUM       ",
 0000           ;                                                                                       " SETTINGS           ",
 0000           ;                                             " DIAGNOSTICS        ",
 0000           ;                                                                                       " EXIT               ",
 0000           ;                                             "                    ",
 0000           ;                                             "                    ",
 0000           ;                                             "                    ",
 0000           ;                                             "                    ",
 0000           ;                                             "                    ",
 0000           ;                                             "                    ",
 0000           ;                                             "                    ",
 0000           ;                                             "                    ",
 0000           ;                                             0,0,0,0,0,0,0,0,0,0,0,
 0000           ;                                             &NullVar,
 0000           ;                                             &NullVar,
 0000           ;                                             &NullVar,
 0000           ;                                             &NullVar,
 0000           ;                                             &NullVar,
 0000           ;                                             &NullVar,
 0000           ;                                             &NullVar,
 0000           ;                                             &NullVar,
 0000           ;                                             &NullVar,
 0000           ;                                             &NullVar,
 0000           ;                                             &NullVar,
 0000           ;                                             &NullFunction,
 0000           ;                                             &NullFunction,
 0000           ;                                             &ExitMenu,
 0000           ;                                             &NullFunction,
 0000           ;                                             &NullFunction,
 0000           ;                                             &NullFunction,
 0000           ;                                             &NullFunction,
 0000           ;                                             &NullFunction,
 0000           ;                                             &NullFunction,
 0000           ;                                             &NullFunction,
 0000           ;                                             &NullFunction,
 0000           ;                                      
 0000           ;                             
 0000           ;                                                 0,0,2,1,
 0000           ;                                                 "   VACUUM SETTINGS  ",
 0000           ;                                                 " 1ST VAC DIST       ",
 0000           ;                                                 " 2ND VAC DIST       ",
 0000           ;                                                 " 3RD VAC DIST       ",
 0000           ;                                                 " 4TH VAC DIST       ",
 0000           ;                                                 " 5TH VAC DIST       ",
 0000           ;                                                 " 1ST VAC SPEED      ",
 0000           ;                                                 " 2ND VAC SPEED      ",
 0000           ;                                                 " 3RD VAC SPEED      ",
 0000           ;                                                 " 4TH VAC SPEED      ",
 0000           ;                                                 " 5TH VAC SPEED      ",
 0000           ;                                                 " EXIT               ",
 0000           ;                                                 17,17,17,17,17,15,15,15,15,15,0,
 0000           ;                                                 &VacDist1,
 0000           ;                                                 &VacDist2,
 0000           ;                                                 &VacDist3,
 0000           ;                                                 &VacDist4,
 0000           ;                                                 &VacDist5,
 0000           ;                                                 &VacSpeed1,
 0000           ;                                                 &VacSpeed2,
 0000           ;                                                 &VacSpeed3,
 0000           ;                                                 &VacSpeed4,
 0000           ;                                                 &VacSpeed5,
 0000           ;                                                 &NullVar,
 0000           ;                                                 &StdVarFunction,
 0000           ;                                                 &StdVarFunction,
 0000           ;                                                 &StdVarFunction,
 0000           ;                                                 &StdVarFunction,
 0000           ;                                                 &StdVarFunction,
 0000           ;                                                 &StdVarFunction,
 0000           ;                                                 &StdVarFunction,
 0000           ;                                                 &StdVarFunction,
 0000           ;                                                 &StdVarFunction,
 0000           ;                                                 &StdVarFunction,
 0000           ;                                                 &ExitMenu,
 0000           ;                                          
 0000           ;                                 
 0000           ;                                                 0,0,2,2,
 0000           ;                                                 " VACUUM DIAGNOSTICS ",
 0000           ;                                                               " GRIT               ",
 0000           ;                                                 " VACUUM             ",
 0000           ;                                                 " EXIT               ",
 0000           ;                                                 "                    ",
 0000           ;                                                 "                    ",
 0000           ;                                                 "                    ",
 0000           ;                                                 "                    ",
 0000           ;                                                 "                    ",
 0000           ;                                                 "                    ",
 0000           ;                                                 "                    ",
 0000           ;                                                 "                    ",
 0000           ;                                                 16,16,0,0,0,0,0,0,0,0,0,
 0000           ;                                                 &BlowersOnOff,
 0000           ;                                                 &VacuumOnOff,
 0000           ;                                                 &NullVar,
 0000           ;                                                 &NullVar,
 0000           ;                                                 &NullVar,
 0000           ;                                                 &NullVar,
 0000           ;                                                 &NullVar,
 0000           ;                                                 &NullVar,
 0000           ;                                                 &NullVar,
 0000           ;                                                 &NullVar,
 0000           ;                                                 &NullVar,
 0000           ;                                                 &StdVarFunction,
 0000           ;                                                 &StdVarFunction,
 0000           ;                                                 &ExitMenu,
 0000           ;                                                                                       &NullFunction,
 0000           ;                                                                                       &NullFunction,
 0000           ;                                                 &NullFunction,
 0000           ;                                                 &NullFunction,
 0000           ;                                                 &NullFunction,
 0000           ;                                                 &NullFunction,
 0000           ;                                                 &NullFunction,
 0000           ;                                                 &NullFunction,
 0000           ;                                                  
 0000           ;                                                 
 0000           ;                                             0,0,0,3,
 0000           ;                                             "     COMPRESSOR     ",
 0000           ;                                                                                       " SETTINGS           ",
 0000           ;                                             " DIAGNOSTICS        ",
 0000           ;                                                                                       " EXIT               ",
 0000           ;                                             "                    ",
 0000           ;                                             "                    ",
 0000           ;                                             "                    ",
 0000           ;                                             "                    ",
 0000           ;                                             "                    ",
 0000           ;                                             "                    ",
 0000           ;                                             "                    ",
 0000           ;                                             "                    ",
 0000           ;                                             0,0,0,0,0,0,0,0,0,0,0,
 0000           ;                                             &NullVar,
 0000           ;                                             &NullVar,
 0000           ;                                             &NullVar,
 0000           ;                                             &NullVar,
 0000           ;                                             &NullVar,
 0000           ;                                             &NullVar,
 0000           ;                                             &NullVar,
 0000           ;                                             &NullVar,
 0000           ;                                             &NullVar,
 0000           ;                                             &NullVar,
 0000           ;                                             &NullVar,
 0000           ;                                             &NullFunction,
 0000           ;                                             &NullFunction,
 0000           ;                                             &ExitMenu,
 0000           ;                                             &NullFunction,
 0000           ;                                             &NullFunction,
 0000           ;                                             &NullFunction,
 0000           ;                                             &NullFunction,
 0000           ;                                             &NullFunction,
 0000           ;                                             &NullFunction,
 0000           ;                                             &NullFunction,
 0000           ;                                             &NullFunction,
 0000           ;                                      
 0000           ;                             
 0000           ;                                                 0,0,3,1,
 0000           ;                                                 " COMPRESSOR SETTINGS",
 0000           ;                                                 " COMPRESSOR         ",
 0000           ;                                                 " LOW SET POINT      ",
 0000           ;                                                                                       " HIGH SET POINT     ",
 0000           ;                                                 " PRESSURE           ",
 0000           ;                                               " EXIT               ",
 0000           ;                                                 "                    ",
 0000           ;                                                 "                    ",
 0000           ;                                                 "                    ",
 0000           ;                                                 "                    ",
 0000           ;                                                 "                    ",
 0000           ;                                                 "                    ",
 0000           ;                                                 17,18,17,16,0,0,0,0,0,0,0,
 0000           ;                                                 &CompressorOnOff,
 0000           ;                                                 &LowSetPoint,
 0000           ;                                                 &HighSetPoint,
 0000           ;                                                 &Pressure,
 0000           ;                                               &NullVar,
 0000           ;                                               &NullVar,
 0000           ;                                                 &NullVar,
 0000           ;                                                 &NullVar,
 0000           ;                                                 &NullVar,
 0000           ;                                                 &NullVar,
 0000           ;                                                 &NullVar,
 0000           ;                                                 &StdVarFunction,
 0000           ;                                                 &StdVarFunction,
 0000           ;                                                 &StdVarFunction,
 0000           ;                                                 &NullFunction,
 0000           ;                                                 &ExitMenu,
 0000           ;                                                 &NullFunction,
 0000           ;                                                 &NullFunction,
 0000           ;                                                 &NullFunction,
 0000           ;                                                 &NullFunction,
 0000           ;                                                 &NullFunction,
 0000           ;                                                 &NullFunction,
 0000           ;                                          
 0000           ;                                 
 0000           ;                                                 0,0,3,2,
 0000           ;                                                 "   COMPRESSOR DIAG  ",
 0000           ;                                                 " SEALS              ",
 0000           ;                                                 " EXIT               ",
 0000           ;                                                 "                    ",
 0000           ;                                                 "                    ",
 0000           ;                                                 "                    ",
 0000           ;                                                 "                    ",
 0000           ;                                                 "                    ",
 0000           ;                                                 "                    ",
 0000           ;                                                 "                    ",
 0000           ;                                                 "                    ",
 0000           ;                                                 "                    ",
 0000           ;                                                 16,0,0,0,0,0,0,0,0,0,0,
 0000           ;                                                 &SealsOnOff,
 0000           ;                                                 &NullVar,
 0000           ;                                                 &NullVar,
 0000           ;                                                 &NullVar,
 0000           ;                                                 &NullVar,
 0000           ;                                                 &NullVar,
 0000           ;                                                 &NullVar,
 0000           ;                                                 &NullVar,
 0000           ;                                                 &NullVar,
 0000           ;                                                 &NullVar,
 0000           ;                                                 &NullVar,
 0000           ;                                                 &StdVarFunction,
 0000           ;                                                 &ExitMenu,
 0000           ;                                                 &NullFunction,
 0000           ;                                                 &NullFunction,
 0000           ;                                                 &NullFunction,
 0000           ;                                                 &NullFunction,
 0000           ;                                                 &NullFunction,
 0000           ;                                                 &NullFunction,
 0000           ;                                                 &NullFunction,
 0000           ;                                                 &NullFunction,
 0000           ;                                                 &NullFunction,
 0000           ;                                          
 0000           ;                                 
 0000           ;                                             0,0,0,4,
 0000           ;                                             "       CAMERA       ",
 0000           ;                                                                                       " SETTINGS           ",
 0000           ;                                             " DIAGNOSTICS        ",
 0000           ;                                                                                       " STATUS             ",
 0000           ;                                             " EXIT               ",
 0000           ;                                             "                    ",
 0000           ;                                             "                    ",
 0000           ;                                             "                    ",
 0000           ;                                             "                    ",
 0000           ;                                             "                    ",
 0000           ;                                             "                    ",
 0000           ;                                             "                    ",
 0000           ;                                             0,0,0,0,0,0,0,0,0,0,0,
 0000           ;                                             &NullVar,
 0000           ;                                             &NullVar,
 0000           ;                                             &NullVar,
 0000           ;                                             &NullVar,
 0000           ;                                             &NullVar,
 0000           ;                                             &NullVar,
 0000           ;                                             &NullVar,
 0000           ;                                             &NullVar,
 0000           ;                                             &NullVar,
 0000           ;                                             &NullVar,
 0000           ;                                             &NullVar,
 0000           ;                                             &NullFunction,
 0000           ;                                             &NullFunction,
 0000           ;                                             &NullFunction,
 0000           ;                                             &ExitMenu,
 0000           ;                                             &NullFunction,
 0000           ;                                             &NullFunction,
 0000           ;                                             &NullFunction,
 0000           ;                                             &NullFunction,
 0000           ;                                             &NullFunction,
 0000           ;                                             &NullFunction,
 0000           ;                                             &NullFunction,
 0000           ;                                      
 0000           ;                             
 0000           ;                                                 0,0,4,1,
 0000           ;                                                 "   CAMERA SETTINGS  ",
 0000           ;                                                                                       " LIGHTING           ",
 0000           ;                                                                                       " ZOOM SPEED         ",
 0000           ;                                                                                       " FOCUS SPEED        ",
 0000           ;                                                                                       " FILM ADVANCE       ",
 0000           ;                                                 " TAG                ",
 0000           ;                                                 " EXIT               ",
 0000           ;                                                 "                    ",
 0000           ;                                                 "                    ",
 0000           ;                                                 "                    ",
 0000           ;                                                 "                    ",
 0000           ;                                                 "                    ",
 0000           ;                                                 16,16,16,18,8,0,0,0,0,0,0,
 0000           ;                                                 &LightLevel,
 0000           ;                                                 &ZoomSpeed,
 0000           ;                                                 &FocusSpeed,
 0000           ;                                                 &AdvanceTime,
 0000           ;                                                 &CamTag,
 0000           ;                                                 &NullVar,
 0000           ;                                                 &NullVar,
 0000           ;                                                 &NullVar,
 0000           ;                                                 &NullVar,
 0000           ;                                                 &NullVar,
 0000           ;                                                 &NullVar,
 0000           ;                                                 &StdVarFunction,
 0000           ;                                                 &StdVarFunction,
 0000           ;                                                 &StdVarFunction,
 0000           ;                                                 &StdVarFunction,
 0000           ;                                                 &StdVarFunction,
 0000           ;                                                 &ExitMenu,
 0000           ;                                                 &NullFunction,
 0000           ;                                                 &NullFunction,
 0000           ;                                                 &NullFunction,
 0000           ;                                                 &NullFunction,
 0000           ;                                                 &NullFunction,
 0000           ;                                          
 0000           ;                                 
 0000           ;                                                 0,0,4,2,
 0000           ;                                                 " CAMERA DIAGNOSTICS ",
 0000           ;                                                 " ADVANCE FILM       ",
 0000           ;                                                 " ZOOM IN            ",
 0000           ;                                                                                       " ZOOM OUT           ",
 0000           ;                                                                                       " FOCUS FAR          ",
 0000           ;                                                 " FOCUS NEAR         ",
 0000           ;                                                                                       " EXIT               ",
 0000           ;                                                 "                    ",
 0000           ;                                                 "                    ",
 0000           ;                                                 "                    ",
 0000           ;                                                 "                    ",
 0000           ;                                                 "                    ",
 0000           ;                                                 0,0,0,0,0,0,0,0,0,0,0,
 0000           ;                                                 &NullVar,
 0000           ;                                                 &NullVar,
 0000           ;                                                 &NullVar,
 0000           ;                                                 &NullVar,
 0000           ;                                                 &NullVar,
 0000           ;                                                 &NullVar,
 0000           ;                                                 &NullVar,
 0000           ;                                                 &NullVar,
 0000           ;                                                 &NullVar,
 0000           ;                                                 &NullVar,
 0000           ;                                                 &NullVar,
 0000           ;                                                 &Advance,
 0000           ;                                                 &ZoomInFunct,
 0000           ;                                                 &ZoomOutFunct,
 0000           ;                                                                                       &FocusFarFunct,
 0000           ;                                                 &FocusNearFunct,
 0000           ;                                                                                       &ExitMenu,
 0000           ;                                                 &NullFunction,
 0000           ;                                                 &NullFunction,
 0000           ;                                                 &NullFunction,
 0000           ;                                                 &NullFunction,
 0000           ;                                                 &NullFunction,
 0000           ;                                                  
 0000           ;                                                 
 0000           ;                                                 0,0,4,3,
 0000           ;                                                 "     STATUS MENU    ",
 0000           ;                                                 " SOFTWARE REV       ",
 0000           ;                                                 " CAMERA ID          ",
 0000           ;                                                 " SERIAL NUM         ",
 0000           ;                                                 " EXIT               ",
 0000           ;                                                 "                    ",
 0000           ;                                                 "                    ",
 0000           ;                                                 "                    ",
 0000           ;                                                 "                    ",
 0000           ;                                                 "                    ",
 0000           ;                                                 "                    ",
 0000           ;                                                 "                    ",
 0000           ;                                                 15,15,13,0,0,0,0,0,0,0,0,
 0000           ;                                                 &Rev,
 0000           ;                                                 &disp_add,
 0000           ;                                                 &SerialNum,
 0000           ;                                                 &NullVar,
 0000           ;                                                 &NullVar,
 0000           ;                                                 &NullVar,
 0000           ;                                                 &NullVar,
 0000           ;                                                 &NullVar,
 0000           ;                                                 &NullVar,
 0000           ;                                                 &NullVar,
 0000           ;                                                 &NullVar,
 0000           ;                                                 &NullFunction,
 0000           ;                                                 &NullFunction,
 0000           ;                                                 &NullFunction,
 0000           ;                                                 &ExitMenu,
 0000           ;                                                 &NullFunction,
 0000           ;                                                 &NullFunction,
 0000           ;                                                 &NullFunction,
 0000           ;                                                 &NullFunction,
 0000           ;                                                 &NullFunction,
 0000           ;                                                 &NullFunction,
 0000           ;                                                 &NullFunction,
 0000           ;                                                 
 0000           ;                                                 
 0000           ;                                             0,0,0,5,
 0000           ;                                             "     STATUS MENU    ",
 0000           ;                                             " SOFTWARE REV       ",
 0000           ;                                             " PRESSURE           ",
 0000           ;                                             " CAMERA ID          ",
 0000           ;                                             " SERIAL NUM         ",
 0000           ;                                             " EXIT               ",
 0000           ;                                             "                    ",
 0000           ;                                             "                    ",
 0000           ;                                             "                    ",
 0000           ;                                             "                    ",
 0000           ;                                             "                    ",
 0000           ;                                             "                    ",
 0000           ;                                             15,15,15,13,0,0,0,0,0,0,0,
 0000           ;                                             &Rev,
 0000           ;                                             &Pressure,
 0000           ;                                             &disp_add,
 0000           ;                                             &SerialNum,
 0000           ;                                             &NullVar,
 0000           ;                                             &NullVar,
 0000           ;                                             &NullVar,
 0000           ;                                             &NullVar,
 0000           ;                                             &NullVar,
 0000           ;                                             &NullVar,
 0000           ;                                             &NullVar,
 0000           ;                                             &NullFunction,
 0000           ;                                             &NullFunction,
 0000           ;                                             &NullFunction,
 0000           ;                                             &StdVarFunction,//&VarSerNumFunct,
 0000           ;                                             &ExitMenu,
 0000           ;                                             &NullFunction,
 0000           ;                                             &NullFunction,
 0000           ;                                             &NullFunction,
 0000           ;                                             &NullFunction,
 0000           ;                                             &NullFunction,
 0000           ;                                             &NullFunction,
 0000           ;                                             
 0000           ;                                             
 0000           ;                                             0,0,0,7,
 0000           ;                                             "     DEFAULTS       ",
 0000           ;                                             " EXIT               ",
 0000           ;                                             " RESTORE DEFAULTS   ",
 0000           ;                                             "                    ",
 0000           ;                                             "      WARNING       ",
 0000           ;                                             "YOU WILL LOSE ALL   ",
 0000           ;                                             "OF THE CURRENT      ",
 0000           ;                                             "SETTINGS WHEN       ",
 0000           ;                                             "RESTORING DEFAULTS  ",
 0000           ;                                             "                    ",
 0000           ;                                             "                    ",
 0000           ;                                             "                    ",
 0000           ;                                             0,0,0,0,0,0,0,0,0,0,0,
 0000           ;                                             &NullVar,
 0000           ;                                             &NullVar,
 0000           ;                                             &NullVar,
 0000           ;                                             &NullVar,
 0000           ;                                             &NullVar,
 0000           ;                                             &NullVar,
 0000           ;                                             &NullVar,
 0000           ;                                             &NullVar,
 0000           ;                                             &NullVar,
 0000           ;                                             &NullVar,
 0000           ;                                             &NullVar,
 0000           ;                                             &ExitMenu,
 0000           ;                                             &RestoreDefaults,
 0000           ;                                             &NullFunction,
 0000           ;                                             &NullFunction,
 0000           ;                                             &NullFunction,
 0000           ;                                             &NullFunction,
 0000           ;                                             &NullFunction,
 0000           ;                                             &NullFunction,
 0000           ;                                             &NullFunction,
 0000           ;                                             &NullFunction,
 0000           ;                                             &NullFunction
 0000           ;  
 0000           ; };
 0000           ; #pragma end_abs_address
 0000           ; 
 0000           ; struct MenuStack MenuStackc[MenuStackSize] = {0,0,0,0,1,0};
 0000           ; 
 0000           ; char StackPointer = 0;
 0000           ; 
 0000           ; char Menu[12][21];
 0000           ; 
 0000           ; char VariableFlag = 0;
 0000           ; 
 0000           ; 
 0000           ; 
 0000           ; 
 0000           ; /***************************************************************************/ 
 0000           ; 
 0000           ; // external declaration for the process image array
 0000           ; extern UNSIGNED8 gProcImg[];
 0000           ; 
 0000           ; /**************************************************************************/
 0000           ; 
 0000           ; 
 0000           ; 
 0000           ; void InitPorts ( void )
 0000           ; {
 0000                   .dbline 999
 0000           ; 
 0000           ; 
 0000           ;       DDRA = DDRA_Init;
 0000 180BFC0002        movb #252,0x2
 0005                   .dbline 1000
 0005           ;     DDRB = DDRB_Init;
 0005 180BFF0003        movb #255,0x3
 000A                   .dbline 1001
 000A           ;       DDRE = DDRE_Init;
 000A 180BFC0009        movb #252,0x9
 000F                   .dbline 1002
 000F           ;       DDRJ = DDRJ_Init;
 000F 180BC0026A        movb #192,0x26a
 0014                   .dbline 1003
 0014           ;     DDRM = DDRM_Init;
 0014 180B3C0252        movb #60,0x252
 0019                   .dbline 1004
 0019           ;     DDRP = DDRP_Init;
 0019 180B0F025A        movb #15,0x25a
 001E                   .dbline 1005
 001E           ;     DDRS = DDRS_Init;
 001E 180B0F024A        movb #15,0x24a
 0023                   .dbline 1006
 0023           ;     DDRT = DDRT_Init;
 0023 180B200242        movb #32,0x242
 0028                   .dbline 1008
 0028           ;       
 0028           ;     ATD0DIEN = ATD0DIEN_Init;
 0028 79008D            clr 0x8d
 002B                   .dbline 1009
 002B           ;     ATD0CTL2 = ATD0CTL2_Init;
 002B 180B800082        movb #128,0x82
 0030                   .dbline 1010
 0030           ;     ATD0CTL3 = ATD0CTL3_Init;
 0030 180B230083        movb #35,0x83
 0035                   .dbline 1011
 0035           ;     ATD0CTL5 = ATD0CTL5_Init;
 0035 180B800085        movb #128,0x85
 003A                   .dbline 1014
 003A           ;     
 003A           ;     
 003A           ;     PUCR = PUCR_Init;
 003A 180B91000C        movb #145,0xc
 003F                   .dbline 1015
 003F           ;       PERM = PERM_Init;
 003F 790254            clr 0x254
 0042                   .dbline 1016
 0042           ;     PPSM = PPSM_Init;
 0042 790255            clr 0x255
 0045                   .dbline 1018
 0045           ;     
 0045           ;     PORTA = PORTA_Init;
 0045 790000            clr 0
 0048                   .dbline 1019
 0048           ;     PORTB = PORTB_Init;
 0048 790001            clr 0x1
 004B                   .dbline 1020
 004B           ;       PORTE = PORTE_Init;     
 004B 790008            clr 0x8
 004E                   .dbline 1021
 004E           ;       PTJ = PTJ_Init;
 004E 790268            clr 0x268
 0051                   .dbline 1022
 0051           ;     PTM = PTM_Init;
 0051 790250            clr 0x250
 0054                   .dbline 1023
 0054           ;       PTP = PTP_Init;
 0054 790258            clr 0x258
 0057                   .dbline 1024
 0057           ;       PTS = PTS_Init;
 0057 790248            clr 0x248
 005A                   .dbline 1025
 005A           ;     PTT = PTT_Init;
 005A 790240            clr 0x240
 005D                   .dbline 1027
 005D           ;       
 005D           ;       PPSJ = PPSJ_Init;                               //Port J pulldowns
 005D 79026D            clr 0x26d
 0060                   .dbline 1029
 0060           ;       
 0060           ;       PERS = PERS_Init;                               //Port S pulldowns
 0060 180BFF024C        movb #255,0x24c
 0065                   .dbline 1030
 0065           ;       WOMS = WOMS_Init;                               //Port S bit 3 (TXD1) Wired-OR
 0065 79024E            clr 0x24e
 0068                   .dbline 1031
 0068           ;       PERT = PERT_Init;
 0068 790244            clr 0x244
 006B                   .dbline -2
 006B           L6:
 006B                   .dbline 0 ; func end
 006B 0A                rtc
 006C                   .dbend
 006C                   .dbfunc e InitInterrupts _InitInterrupts fV
 006C           $_InitInterrupts::
 006C                   .dbline -1
 006C                   .dbline 1035
 006C           ; }
 006C           ; 
 006C           ; void InitInterrupts ( void )
 006C           ; {     
 006C                   .dbline 1036
 006C           ;       CRGINT = CRGINT_Init;                   //enable RTI
 006C 180B800038        movb #128,0x38
 0071                   .dbline 1037
 0071           ;       RTICTL = RTICTL_Init;
 0071 180B40003B        movb #64,0x3b
 0076                   .dbline 1039
 0076           ;     
 0076           ;     PPSP = PPSP_Init;                         //rising edge
 0076 79025D            clr 0x25d
 0079                   .dbline 1040
 0079           ;     PIEP = PIEP_Init;                         //enable KW interrupts 
 0079 79025E            clr 0x25e
 007C                   .dbline 1042
 007C           ;     
 007C           ;       TSCR1 = TSCR1_Init;                             //enable input capture
 007C 180B800046        movb #128,0x46
 0081                   .dbline 1043
 0081           ;     TIOS = TIOS_Init;                         //enable output compares
 0081 180B680040        movb #104,0x40
 0086                   .dbline 1044
 0086           ;       TIE = TIE_Init;
 0086 180B6D004C        movb #109,0x4c
 008B                   .dbline 1045
 008B           ;       TSCR2 = TSCR2_Init;
 008B 180B05004D        movb #5,0x4d
 0090                   .dbline 1046
 0090           ;       TCTL3 = TCTL3_Init;
 0090 79004A            clr 0x4a
 0093                   .dbline 1047
 0093           ;       TCTL4 = TCTL4_Init;
 0093 180B3C004B        movb #60,0x4b
 0098                   .dbline -2
 0098           L7:
 0098                   .dbline 0 ; func end
 0098 0A                rtc
 0099                   .dbend
 0099                   .dbfunc e InitPLL _InitPLL fV
 0099           $_InitPLL::
 0099                   .dbline -1
 0099                   .dbline 1052
 0099           ;       
 0099           ; }
 0099           ; 
 0099           ; void InitPLL ( void )
 0099           ; {     
 0099                   .dbline 1053
 0099           ;       REFDV = REFDV_Init;
 0099 180B050035        movb #5,0x35
 009E                   .dbline 1054
 009E           ;       SYNR = SYNR_Init;
 009E 180B110034        movb #17,0x34
 00A3           L9:
 00A3                   .dbline 1055
 00A3           ;       while ( !(CRGFLG & 0x08) );
 00A3           L10:
 00A3                   .dbline 1055
 00A3 1F003708FB        brclr 0x37,#8,L9
 00A8                   .dbline 1056
 00A8           ;       CLKSEL |= 0x80;
 00A8 1C003980          bset 0x39,#128
 00AC                   .dbline -2
 00AC           L8:
 00AC                   .dbline 0 ; func end
 00AC 0A                rtc
 00AD                   .dbend
 00AD                   .dbfunc e InitSCI _InitSCI fV
 00AD           $_InitSCI::
 00AD                   .dbline -1
 00AD                   .dbline 1062
 00AD           ; }
 00AD           ; 
 00AD           ; 
 00AD           ; 
 00AD           ; void InitSCI ( void )
 00AD           ; {
 00AD                   .dbline 1063
 00AD           ;       SCI0BD = (unsigned int)(BusClk / 16 / .0012);
 00AD 180304E200C8      movw #1250,0xc8
 00B3                   .dbline 1065
 00B3           ;                          
 00B3           ;       SCI0CR2 = SCI0CR2_TE | SCI0CR2_RE;
 00B3 180B0C00CB        movb #12,0xcb
 00B8                   .dbline 1067
 00B8           ;       
 00B8           ;       SIN0Bufptr = 0;
 00B8 180300000000      movw #0,_SIN0Bufptr
 00BE                   .dbline 1069
 00BE           ;       
 00BE           ;       SCI0CR2 |=  SCI0CR2_RIE;
 00BE 1C00CB20          bset 0xcb,#32
 00C2                   .dbline 1071
 00C2           ;       
 00C2           ;       SOUT0Bufptr = 0;
 00C2 180300000000      movw #0,_SOUT0Bufptr
 00C8                   .dbline 1072
 00C8           ;       SOUT0Buf[0] = '\r';
 00C8 180B0D0000        movb #13,_SOUT0Buf
 00CD                   .dbline -2
 00CD           L12:
 00CD                   .dbline 0 ; func end
 00CD 0A                rtc
 00CE                   .dbend
 00CE                   .dbfunc e PWMInit _PWMInit fV
 00CE           $_PWMInit::
 00CE                   .dbline -1
 00CE                   .dbline 1077
 00CE           ; 
 00CE           ; }
 00CE           ; 
 00CE           ; void PWMInit ( void )
 00CE           ; {
 00CE                   .dbline 1078
 00CE           ;       PWMPOL = PWMPOL_Init;
 00CE 180BFF00A1        movb #255,0xa1
 00D3                   .dbline 1079
 00D3           ;     PWMCLK = PWMCLK_Init;
 00D3 180B4F00A2        movb #79,0xa2
 00D8                   .dbline 1080
 00D8           ;     PWMPRCLK = PWMPRCLK_Init;
 00D8 180B3300A3        movb #51,0xa3
 00DD                   .dbline 1082
 00DD           ;     
 00DD           ;     PWMPER0 = PWMPER0_Init;
 00DD 180B6400B4        movb #100,0xb4
 00E2                   .dbline 1083
 00E2           ;     PWMPER1 = PWMPER1_Init;
 00E2 180B6400B5        movb #100,0xb5
 00E7                   .dbline 1084
 00E7           ;     PWMPER2 = PWMPER2_Init;
 00E7 180B6400B6        movb #100,0xb6
 00EC                   .dbline 1085
 00EC           ;     PWMPER3 = PWMPER3_Init;
 00EC 180B6400B7        movb #100,0xb7
 00F1                   .dbline 1086
 00F1           ;     PWMPER4 = PWMPER4_Init;
 00F1 180B6400B8        movb #100,0xb8
 00F6                   .dbline 1087
 00F6           ;     PWMPER5 = PWMPER5_Init;
 00F6 180B6400B9        movb #100,0xb9
 00FB                   .dbline 1088
 00FB           ;     PWMPER6 = PWMPER6_Init;
 00FB 180B6400BA        movb #100,0xba
 0100                   .dbline 1089
 0100           ;     PWMPER7 = PWMPER7_Init;
 0100 180B6400BB        movb #100,0xbb
 0105                   .dbline 1091
 0105           ;     
 0105           ;     PWMDTY0 = PWMDTY0_Init;
 0105 7900BC            clr 0xbc
 0108                   .dbline 1092
 0108           ;     PWMDTY1 = PWMDTY1_Init;
 0108 7900BD            clr 0xbd
 010B                   .dbline 1093
 010B           ;     PWMDTY2 = PWMDTY2_Init;
 010B 7900BE            clr 0xbe
 010E                   .dbline 1094
 010E           ;     PWMDTY3 = PWMDTY3_Init;
 010E 7900BF            clr 0xbf
 0111                   .dbline 1095
 0111           ;     PWMDTY4 = PWMDTY4_Init;
 0111 7900C0            clr 0xc0
 0114                   .dbline 1096
 0114           ;     PWMDTY5 = PWMDTY5_Init;
 0114 7900C1            clr 0xc1
 0117                   .dbline 1097
 0117           ;     PWMDTY6 = PWMDTY6_Init;
 0117 7900C2            clr 0xc2
 011A                   .dbline 1098
 011A           ;     PWMDTY7 = PWMDTY7_Init;
 011A 7900C3            clr 0xc3
 011D                   .dbline 1101
 011D           ; 
 011D           ;     
 011D           ;     PWMSCLA = PWMSCLA_Init;
 011D 180B1500A8        movb #21,0xa8
 0122                   .dbline 1102
 0122           ;     PWMSCLB = PWMSCLB_Init;
 0122 180B1500A9        movb #21,0xa9
 0127                   .dbline 1103
 0127           ;     PWME = PWME_Init;
 0127 180BB000A0        movb #176,0xa0
 012C                   .dbline -2
 012C           L13:
 012C                   .dbline 0 ; func end
 012C 0A                rtc
 012D                   .dbend
 012D                   .dbfunc e AtoDInit _AtoDInit fV
 012D           $_AtoDInit::
 012D                   .dbline -1
 012D                   .dbline 1108
 012D           ;     
 012D           ; }
 012D           ; 
 012D           ; void AtoDInit ( void )
 012D           ; {
 012D                   .dbline 1109
 012D           ;     ATD0DIEN = ATD0DIEN_Init;          //Analog to Digital Registers
 012D 79008D            clr 0x8d
 0130                   .dbline 1110
 0130           ;     ATD0CTL2 = ATD0CTL2_Init;
 0130 180B800082        movb #128,0x82
 0135                   .dbline 1111
 0135           ;     ATD0CTL3 = ATD0CTL3_Init;
 0135 180B230083        movb #35,0x83
 013A                   .dbline 1112
 013A           ;     ATD0CTL4 = ATD0CTL4_Init;
 013A 180B450084        movb #69,0x84
 013F                   .dbline 1113
 013F           ;     ATD0CTL5 = ATD0CTL5_Init;
 013F 180B800085        movb #128,0x85
 0144                   .dbline -2
 0144           L14:
 0144                   .dbline 0 ; func end
 0144 0A                rtc
 0145                   .dbend
                        .area text
 00EE                   .dbfile C:\Users\vbenton.crtsglobal\Desktop\temp\REV3~1.25\SOURCE~1\Subroutines.c
 00EE                   .dbfunc e getchar _getchar$device_specific$ fI
 00EE           _getchar$device_specific$::
 00EE                   .dbline -1
 00EE                   .dbline 1117
 00EE           ; }    
 00EE           ; 
 00EE           ; int getchar(void)
 00EE           ;       {
 00EE           L16:
 00EE                   .dbline 1119
 00EE           ;       while ((SCI0SR1 & SCI0SR1_RDRF) == 0)
 00EE           ;               ;
 00EE           L17:
 00EE                   .dbline 1118
 00EE 1F00CC20FB        brclr 0xcc,#32,L16
 00F3                   .dbline 1120
 00F3           ;       return SCI0DRL;
 00F3 F600CF            ldab 0xcf
 00F6 87                clra
 00F7                   .dbline -2
 00F7           L15:
 00F7                   .dbline 0 ; func end
 00F7 3D                rts
 00F8                   .dbend
 00F8                   .dbfunc e putchar _putchar$device_specific$ fI
 00F8           ;              c -> 1,SP
 00F8           _putchar$device_specific$::
 00F8 3B                pshd
 00F9                   .dbline -1
 00F9                   .dbline 1126
 00F9           ;       }
 00F9           ; 
 00F9           ; extern int _textmode;
 00F9           ; 
 00F9           ; int putchar(char c)
 00F9           ;       {
 00F9                   .dbline 1127
 00F9           ;       if (_textmode && c == '\n')
 00F9 FD0000            ldy __textmode
 00FC 8D0000            cpy #0
 00FF 270C              beq L23
 0101 E681              ldab 1,S
 0103 C10A              cmpb #10
 0105 2606              bne L23
 0107                   .dbline 1128
 0107           ;               putchar('\r');
 0107 CC000D            ldd #13
 010A 1600F8            jsr _putchar$device_specific$
 010D           L22:
 010D                   .dbline 1130
 010D           ;       while ((SCI0SR1 & SCI0SR1_TDRE) == 0)
 010D           ;               ;
 010D           L23:
 010D                   .dbline 1129
 010D 1F00CC80FB        brclr 0xcc,#128,L22
 0112                   .dbline 1131
 0112           ;       SCI0DRL = c;
 0112 180D8100CF        movb 1,S,0xcf
 0117                   .dbline 1132
 0117           ;       return c;
 0117 E681              ldab 1,S
 0119 87                clra
 011A                   .dbline -2
 011A           L19:
 011A                   .dbline 0 ; func end
 011A 1B82              leas 2,S
 011C 3D                rts
 011D                   .dbsym l c 1 c
 011D                   .dbend
                        .area extcode(paged)
 0145                   .dbfile C:\Users\vbenton.crtsglobal\Desktop\temp\REV3~1.25\SOURCE~1\Subroutines.c
 0145                   .dbfunc e InitCANopen _InitCANopen fV
 0145           $_InitCANopen::
 0145                   .dbline -1
 0145                   .dbline 1136
 0145           ;       }
 0145           ; 
 0145           ; void InitCANopen ( void )
 0145           ; {
 0145                   .dbline 1138
 0145           ; 
 0145           ;       Reset_Max33011();
 0145 4A000000          xcall $_Reset_Max33011
 0149                   .dbline 1140
 0149           ;       // Reset/Initialize CANopen communication
 0149           ;       MCOUSER_ResetCommunication();
 0149 4A000000          xcall $_MCOUSER_ResetCommunication
 014D                   .dbline -2
 014D           L25:
 014D                   .dbline 0 ; func end
 014D 0A                rtc
 014E                   .dbend
                        .area text
 011D                   .dbfile C:\Users\vbenton.crtsglobal\Desktop\temp\REV3~1.25\SOURCE~1\Subroutines.c
 011D                   .dbfunc e RetractLA _RetractLA fI
 011D           _RetractLA::
 011D                   .dbline -1
 011D                   .dbline 1144
 011D           ; }
 011D           ; 
 011D           ; int RetractLA ( void )
 011D           ; {
 011D                   .dbline 1145
 011D           ;     Move_Position = 0;
 011D 180300000015      movw #0,_Move_Position
 0123                   .dbline 1146
 0123           ;       Move_Speed = LASpeed.value;
 0123 1801AE00ED        movw _LASpeed+2,2,-S
 0128 1801AE00EB        movw _LASpeed,2,-S
 012D 160000            jsr fp2int
 0130 B746              tfr D,Y
 0132 7D0017            sty _Move_Speed
 0135                   .dbline 1147
 0135           ;       return 0;
 0135 CC0000            ldd #0
 0138                   .dbline -2
 0138           L26:
 0138                   .dbline 0 ; func end
 0138 3D                rts
 0139                   .dbend
 0139                   .dbfunc e CenterLA _CenterLA fI
 0139           _CenterLA::
 0139                   .dbline -1
 0139                   .dbline 1151
 0139           ; }
 0139           ; 
 0139           ; int CenterLA ( void )
 0139           ; {
 0139                   .dbline 1152
 0139           ;     Move_Position = LACntr.value * 10;
 0139 1800AE0000        movw #0,2,-S
 013E 1800AE4120        movw #16672,2,-S
 0143 1801AE00CB        movw _LACntr+2,2,-S
 0148 1801AE00C9        movw _LACntr,2,-S
 014D 160000            jsr mulf4
 0150 160000            jsr fp2int
 0153 B746              tfr D,Y
 0155 7D0015            sty _Move_Position
 0158                   .dbline 1153
 0158           ;       Move_Speed = LASpeed.value;
 0158 1801AE00ED        movw _LASpeed+2,2,-S
 015D 1801AE00EB        movw _LASpeed,2,-S
 0162 160000            jsr fp2int
 0165 B746              tfr D,Y
 0167 7D0017            sty _Move_Speed
 016A                   .dbline 1154
 016A           ;       return 0;
 016A CC0000            ldd #0
 016D                   .dbline -2
 016D           L27:
 016D                   .dbline 0 ; func end
 016D 3D                rts
 016E                   .dbend
 016E                   .dbfunc e ExtendLA _ExtendLA fI
 016E           _ExtendLA::
 016E                   .dbline -1
 016E                   .dbline 1158
 016E           ; }
 016E           ; 
 016E           ; int ExtendLA ( void )
 016E           ; {
 016E                   .dbline 1159
 016E           ;     Move_Position = FullDist.value * 10;
 016E 1800AE0000        movw #0,2,-S
 0173 1800AE4120        movw #16672,2,-S
 0178 1801AE00A9        movw _FullDist+2,2,-S
 017D 1801AE00A7        movw _FullDist,2,-S
 0182 160000            jsr mulf4
 0185 160000            jsr fp2int
 0188 B746              tfr D,Y
 018A 7D0015            sty _Move_Position
 018D                   .dbline 1160
 018D           ;       Move_Speed = LASpeed.value;
 018D 1801AE00ED        movw _LASpeed+2,2,-S
 0192 1801AE00EB        movw _LASpeed,2,-S
 0197 160000            jsr fp2int
 019A B746              tfr D,Y
 019C 7D0017            sty _Move_Speed
 019F                   .dbline 1161
 019F           ;     return 0;
 019F CC0000            ldd #0
 01A2                   .dbline -2
 01A2           L28:
 01A2                   .dbline 0 ; func end
 01A2 3D                rts
 01A3                   .dbend
 01A3                   .dbfunc e Advance _Advance fI
 01A3           _Advance::
 01A3                   .dbline -1
 01A3                   .dbline 1165
 01A3           ; }
 01A3           ; 
 01A3           ; int Advance(void)       //function to advance camera film
 01A3           ; {   //advance timer is set 1 - 5 * 0.5 seconds (0.5 to 2.5 seconds)
 01A3                   .dbline 1166
 01A3           ;     AdvanceTimer = AdvanceTime.value * RTI_One_Sec;
 01A3 1800AE0000        movw #0,2,-S
 01A8 1800AE4474        movw #17524,2,-S
 01AD 1801AE041D        movw _AdvanceTime+2,2,-S
 01B2 1801AE041B        movw _AdvanceTime,2,-S
 01B7 160000            jsr mulf4
 01BA 160000            jsr fp2int
 01BD B746              tfr D,Y
 01BF 7D0000            sty _AdvanceTimer
 01C2                   .dbline 1167
 01C2           ;     PORTA |= 0x80;
 01C2 1C000080          bset 0,#128
 01C6                   .dbline 1168
 01C6           ;     return 0;
 01C6 CC0000            ldd #0
 01C9                   .dbline -2
 01C9           L29:
 01C9                   .dbline 0 ; func end
 01C9 3D                rts
 01CA                   .dbend
 01CA                   .dbfunc e ZoomInFunct _ZoomInFunct fI
 01CA           _ZoomInFunct::
 01CA                   .dbline -1
 01CA                   .dbline 1172
 01CA           ; }
 01CA           ; 
 01CA           ; int ZoomInFunct ( void )
 01CA           ; {
 01CA                   .dbline 1173
 01CA           ;     PWMDTY5 = ZoomSpeed.value;
 01CA 1801AE03B7        movw _ZoomSpeed+2,2,-S
 01CF 1801AE03B5        movw _ZoomSpeed,2,-S
 01D4 160000            jsr fp2int
 01D7 7B00C1            stab 0xc1
 01DA                   .dbline 1174
 01DA           ;     PORTA &= ~0x40;
 01DA 1D000040          bclr 0,#64
 01DE                   .dbline 1175
 01DE           ;     FocusZoomTimer = FocusZoomTime;
 01DE 180301450000      movw #325,_FocusZoomTimer
 01E4                   .dbline 1176
 01E4           ;     return 0;
 01E4 CC0000            ldd #0
 01E7                   .dbline -2
 01E7           L30:
 01E7                   .dbline 0 ; func end
 01E7 3D                rts
 01E8                   .dbend
 01E8                   .dbfunc e ZoomOutFunct _ZoomOutFunct fI
 01E8           _ZoomOutFunct::
 01E8                   .dbline -1
 01E8                   .dbline 1180
 01E8           ; }
 01E8           ; 
 01E8           ; int ZoomOutFunct ( void )
 01E8           ; {
 01E8                   .dbline 1181
 01E8           ;     PWMDTY5 = 100 - ZoomSpeed.value;
 01E8 1800AE0000        movw #0,2,-S
 01ED 1800AE42C8        movw #17096,2,-S
 01F2 1801AE03B7        movw _ZoomSpeed+2,2,-S
 01F7 1801AE03B5        movw _ZoomSpeed,2,-S
 01FC 160000            jsr subf4
 01FF 160000            jsr fp2int
 0202 7B00C1            stab 0xc1
 0205                   .dbline 1182
 0205           ;     PORTA |= 0x40;
 0205 1C000040          bset 0,#64
 0209                   .dbline 1183
 0209           ;     FocusZoomTimer = FocusZoomTime;
 0209 180301450000      movw #325,_FocusZoomTimer
 020F                   .dbline 1184
 020F           ;     return 0;
 020F CC0000            ldd #0
 0212                   .dbline -2
 0212           L31:
 0212                   .dbline 0 ; func end
 0212 3D                rts
 0213                   .dbend
 0213                   .dbfunc e FocusFarFunct _FocusFarFunct fI
 0213           _FocusFarFunct::
 0213                   .dbline -1
 0213                   .dbline 1188
 0213           ; }
 0213           ; 
 0213           ; int FocusFarFunct ( void )
 0213           ; {
 0213                   .dbline 1189
 0213           ;     PWMDTY4 = ZoomSpeed.value;
 0213 1801AE03B7        movw _ZoomSpeed+2,2,-S
 0218 1801AE03B5        movw _ZoomSpeed,2,-S
 021D 160000            jsr fp2int
 0220 7B00C0            stab 0xc0
 0223                   .dbline 1190
 0223           ;     PORTA &= ~0x20;
 0223 1D000020          bclr 0,#32
 0227                   .dbline 1191
 0227           ;     FocusZoomTimer = FocusZoomTime;
 0227 180301450000      movw #325,_FocusZoomTimer
 022D                   .dbline 1192
 022D           ;     return 0;
 022D CC0000            ldd #0
 0230                   .dbline -2
 0230           L32:
 0230                   .dbline 0 ; func end
 0230 3D                rts
 0231                   .dbend
 0231                   .dbfunc e FocusNearFunct _FocusNearFunct fI
 0231           _FocusNearFunct::
 0231                   .dbline -1
 0231                   .dbline 1196
 0231           ; }
 0231           ; 
 0231           ; int FocusNearFunct ( void )
 0231           ; {
 0231                   .dbline 1197
 0231           ;     PWMDTY4 = 100 - ZoomSpeed.value;
 0231 1800AE0000        movw #0,2,-S
 0236 1800AE42C8        movw #17096,2,-S
 023B 1801AE03B7        movw _ZoomSpeed+2,2,-S
 0240 1801AE03B5        movw _ZoomSpeed,2,-S
 0245 160000            jsr subf4
 0248 160000            jsr fp2int
 024B 7B00C0            stab 0xc0
 024E                   .dbline 1198
 024E           ;     PORTA |= 0x20;
 024E 1C000020          bset 0,#32
 0252                   .dbline 1199
 0252           ;     FocusZoomTimer = FocusZoomTime;
 0252 180301450000      movw #325,_FocusZoomTimer
 0258                   .dbline 1200
 0258           ;     return 0;
 0258 CC0000            ldd #0
 025B                   .dbline -2
 025B           L33:
 025B                   .dbline 0 ; func end
 025B 3D                rts
 025C                   .dbend
                        .area extcode(paged)
 014E                   .dbfile C:\Users\vbenton.crtsglobal\Desktop\temp\REV3~1.25\SOURCE~1\Subroutines.c
 014E                   .dbfunc e Load_Variables _Load_Variables fV
 014E           ;      EE_offset -> 6,SP
 014E           ;        tempstr -> 8,SP
 014E           ;            var -> 138,SP
 014E           ;           cptr -> 140,SP
 014E           ;          token -> 142,SP
 014E           $_Load_Variables::
 014E 1BF170            leas -144,S
 0151                   .dbline -1
 0151                   .dbline 1204
 0151           ; }
 0151           ; 
 0151           ; void Load_Variables ( void )
 0151           ; {
 0151                   .dbline 1205
 0151           ;       int EE_offset=0;
 0151 1800860000        movw #0,6,S
 0156                   .dbline 1210
 0156           ;       char tempstr[130];
 0156           ;     char *cptr,*token;
 0156           ;       struct menu_var *var;
 0156           ; 
 0156           ;       if ( *(char *)EE_begin == 0xff )
 0156 F60800            ldab 0x800
 0159 C1FF              cmpb #255
 015B 2608              bne L35
 015D                   .dbline 1211
 015D           ;       {
 015D                   .dbline 1212
 015D           ;           Save_Variables();
 015D 4A02B1B1          xcall $_Save_Variables
 0161                   .dbline 1213
 0161           ;               return;
 0161 18200148          lbra L34
 0165           L35:
 0165                   .dbline 1216
 0165           ;       }
 0165           ;               
 0165           ;     if (strlen((char *)EE_begin)>128)
 0165 CC0800            ldd #2048
 0168 4A000000          xcall $_strlen
 016C 8C0080            cpd #128
 016F 231C              bls L37
 0171                   .dbline 1217
 0171           ;       {
 0171                   .dbline 1218
 0171           ;           tempstr[0] = 0xff;
 0171 180888FF          movb #255,8,S
 0175                   .dbline 1219
 0175           ;               EEWrite ( 1, tempstr,(int *)(EE_begin));//Put a 0xff in the beginning of EEPROM to force defaults
 0175 CD0800            ldy #2048
 0178 6D82              sty 2,S
 017A 1988              leay 8,S
 017C 6D80              sty 0,S
 017E CC0001            ldd #1
 0181 4A000000          xcall $_EEWrite
 0185                   .dbline 1220
 0185           ;               ResetProc ();
 0185 4A04F1F1          xcall $_ResetProc
 0189                   .dbline 1221
 0189           ;               return;
 0189 18200120          lbra L34
 018D           L37:
 018D                   .dbline 1224
 018D           ;       }
 018D           ;       
 018D           ;       strncpy(tempstr,(char *)EE_begin,sizeof(tempstr));
 018D CD0082            ldy #130
 0190 6D82              sty 2,S
 0192 CD0800            ldy #2048
 0195 6D80              sty 0,S
 0197 1988              leay 8,S
 0199 B764              tfr Y,D
 019B 4A000000          xcall $_strncpy
 019F                   .dbline 1225
 019F           ;     token = strtok(tempstr, ",");
 019F CD0452            ldy #L39
 01A2 6D80              sty 0,S
 01A4 1988              leay 8,S
 01A6 B764              tfr Y,D
 01A8 4A000000          xcall $_strtok
 01AC 6CF08E            std 142,S
 01AF                   .dbline 1227
 01AF           ; 
 01AF           ;       for(cptr=(char *)&CompressorOnOff.str_value;  cptr<=(char *)&CamTag.str_value;  cptr=cptr+((char *)&CntrStrokes.str_value - (char *)&CompressorOnOff.str_value))
 01AF CD0031            ldy #_CompressorOnOff+18
 01B2 6DF08C            sty 140,S
 01B5 182000C3          lbra L43
 01B9           L40:
 01B9                   .dbline 1228
 01B9           ;       {
 01B9                   .dbline 1229
 01B9           ;               if (strlen(token)>STR_VALUE_LEN)
 01B9 ECF08E            ldd 142,S
 01BC 4A000000          xcall $_strlen
 01C0 8C000C            cpd #12
 01C3 231C              bls L48
 01C5                   .dbline 1230
 01C5           ;       {
 01C5                   .dbline 1231
 01C5           ;               tempstr[0] = 0xff;
 01C5 180888FF          movb #255,8,S
 01C9                   .dbline 1232
 01C9           ;                       EEWrite ( 1, tempstr,(int *)(EE_begin));//Put a 0xff in the beginning of EEPROM to force defaults
 01C9 CD0800            ldy #2048
 01CC 6D82              sty 2,S
 01CE 1988              leay 8,S
 01D0 6D80              sty 0,S
 01D2 CC0001            ldd #1
 01D5 4A000000          xcall $_EEWrite
 01D9                   .dbline 1233
 01D9           ;               ResetProc ();
 01D9 4A04F1F1          xcall $_ResetProc
 01DD                   .dbline 1234
 01DD           ;                       return;
 01DD 182000CC          lbra L34
 01E1           L48:
 01E1                   .dbline 1237
 01E1           ;       }
 01E1           ;               
 01E1           ;               strncpy(cptr,token,STR_VALUE_LEN);
 01E1 CD000C            ldy #12
 01E4 6D82              sty 2,S
 01E6 EDF08E            ldy 142,S
 01E9 6D80              sty 0,S
 01EB ECF08C            ldd 140,S
 01EE 4A000000          xcall $_strncpy
 01F2                   .dbline 1238
 01F2           ;               token = strtok(NULL, ",");
 01F2 CD0452            ldy #L39
 01F5 6D80              sty 0,S
 01F7 CC0000            ldd #0
 01FA 4A000000          xcall $_strtok
 01FE 6CF08E            std 142,S
 0201                   .dbline 1239
 0201           ;               if ( token == NULL )
 0201 8C0000            cpd #0
 0204 18260064          lbne L50
 0208                   .dbline 1240
 0208           ;               {
 0208                   .dbline 1241
 0208           ;                   EE_offset = EE_offset + 128;
 0208 EC86              ldd 6,S
 020A C30080            addd #128
 020D 6C86              std 6,S
 020F                   .dbline 1242
 020F           ;                       if (!*(char *)(EE_begin + EE_offset))
 020F C30800            addd #2048
 0212 B746              tfr D,Y
 0214 E640              ldab 0,Y
 0216 C100              cmpb #0
 0218 2604              bne L52
 021A                   .dbline 1243
 021A           ;                           break; //Last variable loaded
 021A 18200068          lbra L42
 021E           L52:
 021E                   .dbline 1244
 021E           ;             if (strlen((char *)(EE_begin + EE_offset))>128)
 021E EC86              ldd 6,S
 0220 C30800            addd #2048
 0223 4A000000          xcall $_strlen
 0227 8C0080            cpd #128
 022A 231C              bls L54
 022C                   .dbline 1245
 022C           ;               {
 022C                   .dbline 1246
 022C           ;                   tempstr[0] = 0xff;
 022C 180888FF          movb #255,8,S
 0230                   .dbline 1247
 0230           ;                       EEWrite ( 1, tempstr,(int *)(EE_begin));//Put a 0xff in the beginning of EEPROM to force defaults
 0230 CD0800            ldy #2048
 0233 6D82              sty 2,S
 0235 1988              leay 8,S
 0237 6D80              sty 0,S
 0239 CC0001            ldd #1
 023C 4A000000          xcall $_EEWrite
 0240                   .dbline 1248
 0240           ;                       ResetProc ();
 0240 4A04F1F1          xcall $_ResetProc
 0244                   .dbline 1249
 0244           ;                               return;
 0244 18200065          lbra L34
 0248           L54:
 0248                   .dbline 1251
 0248           ;               }
 0248           ;                       strncpy(tempstr,(char *)(EE_begin + EE_offset),sizeof(tempstr));
 0248 CD0082            ldy #130
 024B 6D82              sty 2,S
 024D EC86              ldd 6,S
 024F C30800            addd #2048
 0252 6C80              std 0,S
 0254 1988              leay 8,S
 0256 B764              tfr Y,D
 0258 4A000000          xcall $_strncpy
 025C                   .dbline 1252
 025C           ;                       token = strtok(tempstr, ",");
 025C CD0452            ldy #L39
 025F 6D80              sty 0,S
 0261 1988              leay 8,S
 0263 B764              tfr Y,D
 0265 4A000000          xcall $_strtok
 0269 6CF08E            std 142,S
 026C                   .dbline 1253
 026C           ;               }
 026C           L50:
 026C                   .dbline 1254
 026C           ;       }
 026C           L41:
 026C                   .dbline 1227
 026C CC0053            ldd #_CntrStrokes+18
 026F CD0031            ldy #_CompressorOnOff+18
 0272 6D84              sty 4,S
 0274 A384              subd 4,S
 0276 E3F08C            addd 140,S
 0279 6CF08C            std 140,S
 027C           L43:
 027C                   .dbline 1227
 027C CD044F            ldy #_CamTag+18
 027F ADF08C            cpy 140,S
 0282 1824FF33          lbhs L40
 0286           L42:
 0286                   .dbline 1257
 0286           ;               
 0286           ;       //&CamTag
 0286           ;       for(var=&CompressorOnOff; var<=&CamTag; var=var+1)      
 0286 CD001F            ldy #_CompressorOnOff
 0289 6DF08A            sty 138,S
 028C 2017              bra L59
 028E           L56:
 028E                   .dbline 1259
 028E           ;       //for(var=&CompressorOnOff; var<=&CntrStrokes; var=var+1)
 028E           ;       {
 028E                   .dbline 1260
 028E           ;           getvalue(var,0);
 028E CD0000            ldy #0
 0291 6D80              sty 0,S
 0293 ECF08A            ldd 138,S
 0296 4A000000          xcall $_getvalue
 029A 1B84              leas 4,S
 029C                   .dbline 1261
 029C           ;       }
 029C           L57:
 029C                   .dbline 1257
 029C ECF08A            ldd 138,S
 029F C30022            addd #34
 02A2 6CF08A            std 138,S
 02A5           L59:
 02A5                   .dbline 1257
 02A5 CD043D            ldy #_CamTag
 02A8 ADF08A            cpy 138,S
 02AB 24E1              bhs L56
 02AD                   .dbline -2
 02AD           L34:
 02AD                   .dbline 0 ; func end
 02AD 1BF090            leas 144,S
 02B0 0A                rtc
 02B1                   .dbsym l EE_offset 6 I
 02B1                   .dbsym l tempstr 8 A[130:130]c
 02B1                   .dbsym l var 138 pS[menu_var]
 02B1                   .dbsym l cptr 140 pc
 02B1                   .dbsym l token 142 pc
 02B1                   .dbend
 02B1                   .dbfunc e Save_Variables _Save_Variables fV
 02B1           ;       Null_Ptr -> 12,SP
 02B1           ;      Null_Char -> 14,SP
 02B1           ;      EE_offset -> 15,SP
 02B1           ;        tempstr -> 17,SP
 02B1           ;         offset -> 147,SP
 02B1           ;           cptr -> 149,SP
 02B1           $_Save_Variables::
 02B1 1BF169            leas -151,S
 02B4                   .dbline -1
 02B4                   .dbline 1266
 02B4           ; 
 02B4           ; }
 02B4           ; 
 02B4           ; void Save_Variables ( void )
 02B4           ; {
 02B4                   .dbline 1267
 02B4           ;       int offset=0,EE_offset=0;
 02B4 19F093            leay 147,S
 02B7 1800400000        movw #0,0,y
 02BC                   .dbline 1267
 02BC 18008F0000        movw #0,15,S
 02C1                   .dbline 1270
 02C1           ;       char *cptr;
 02C1           ;     char tempstr[130];
 02C1           ;       char Null_Char = NULL;
 02C1 698E              clr 14,S
 02C3                   .dbline 1271
 02C3           ;       char *Null_Ptr = &Null_Char;
 02C3 198E              leay 14,S
 02C5 6D8C              sty 12,S
 02C7                   .dbline 1273
 02C7           ; 
 02C7           ;       for(cptr=(char *)&CompressorOnOff.str_value;  cptr<=(char *)&CamTag.str_value;  cptr=cptr+((char *)&CntrStrokes.str_value - (char *)&CompressorOnOff.str_value))
 02C7 CD0031            ldy #_CompressorOnOff+18
 02CA 6DF095            sty 149,S
 02CD 182000AA          lbra L64
 02D1           L61:
 02D1                   .dbline 1274
 02D1           ;       {
 02D1                   .dbline 1275
 02D1           ;           if ( (offset + strlen(cptr) + 1) < 128 )
 02D1 ECF095            ldd 149,S
 02D4 4A000000          xcall $_strlen
 02D8 B745              tfr D,X
 02DA 6E8A              stx 10,S
 02DC ECF093            ldd 147,S
 02DF E38A              addd 10,S
 02E1 B746              tfr D,Y
 02E3 02                iny
 02E4 8D0080            cpy #128
 02E7 241C              bhs L69
 02E9                   .dbline 1276
 02E9           ;                   sprintf(tempstr+offset,"%s,",cptr); //puts a comma
 02E9 EDF095            ldy 149,S
 02EC 6D84              sty 4,S
 02EE CD044E            ldy #L71
 02F1 6D82              sty 2,S
 02F3 ECF093            ldd 147,S
 02F6 19F011            leay 17,S
 02F9 6D86              sty 6,S
 02FB E386              addd 6,S
 02FD 6C80              std 0,S
 02FF 4A000000          xcall $_sprintf
 0303 2011              bra L70
 0305           L69:
 0305                   .dbline 1278
 0305           ;               else
 0305           ;                   *(tempstr+offset-1)=NULL; //puts a null in place of the last comma
 0305 ECF093            ldd 147,S
 0308 19F010            leay 16,S
 030B 6D86              sty 6,S
 030D E386              addd 6,S
 030F B746              tfr D,Y
 0311 CC0000            ldd #0
 0314 6B40              stab 0,Y
 0316           L70:
 0316                   .dbline 1279
 0316           ;               offset = offset + strlen(cptr) + 1;
 0316 ECF095            ldd 149,S
 0319 4A000000          xcall $_strlen
 031D B745              tfr D,X
 031F 6E88              stx 8,S
 0321 ECF093            ldd 147,S
 0324 E388              addd 8,S
 0326 B746              tfr D,Y
 0328 02                iny
 0329 6DF093            sty 147,S
 032C                   .dbline 1281
 032C           ;               
 032C           ;               if (offset>127) //current variable will go over the buffer limit
 032C 8D007F            cpy #127
 032F 2F3A              ble L73
 0331                   .dbline 1282
 0331           ;               {
 0331                   .dbline 1283
 0331           ;                       EEWrite ( 128, tempstr, (int *)(EE_begin + EE_offset));
 0331 EC8F              ldd 15,S
 0333 C30800            addd #2048
 0336 6C82              std 2,S
 0338 19F011            leay 17,S
 033B 6D80              sty 0,S
 033D CC0080            ldd #128
 0340 4A000000          xcall $_EEWrite
 0344                   .dbline 1284
 0344           ;                       EE_offset = EE_offset + 128;
 0344 EC8F              ldd 15,S
 0346 C30080            addd #128
 0349 6C8F              std 15,S
 034B                   .dbline 1285
 034B           ;                       sprintf(tempstr,"%s,",cptr); //starts back over by putting the current variable at beginning of tempstr
 034B EDF095            ldy 149,S
 034E 6D84              sty 4,S
 0350 CD044E            ldy #L71
 0353 6D82              sty 2,S
 0355 19F011            leay 17,S
 0358 6D80              sty 0,S
 035A 4A000000          xcall $_sprintf
 035E                   .dbline 1286
 035E           ;                       offset = strlen(cptr) + 1;
 035E ECF095            ldd 149,S
 0361 4A000000          xcall $_strlen
 0365 B746              tfr D,Y
 0367 02                iny
 0368 6DF093            sty 147,S
 036B                   .dbline 1287
 036B           ;               }
 036B           L73:
 036B                   .dbline 1289
 036B           ;               
 036B           ;       }
 036B           L62:
 036B                   .dbline 1273
 036B CC0053            ldd #_CntrStrokes+18
 036E CD0031            ldy #_CompressorOnOff+18
 0371 6D86              sty 6,S
 0373 A386              subd 6,S
 0375 E3F095            addd 149,S
 0378 6CF095            std 149,S
 037B           L64:
 037B                   .dbline 1273
 037B CD044F            ldy #_CamTag+18
 037E ADF095            cpy 149,S
 0381 1824FF4C          lbhs L61
 0385                   .dbline 1290
 0385           ;       *(tempstr+offset-1)=NULL; //end the last string with a null
 0385 ECF093            ldd 147,S
 0388 19F010            leay 16,S
 038B 6D86              sty 6,S
 038D E386              addd 6,S
 038F B746              tfr D,Y
 0391 CC0000            ldd #0
 0394 6B40              stab 0,Y
 0396                   .dbline 1291
 0396           ;       EEWrite ( 128, tempstr, (int *)(EE_begin + EE_offset));
 0396 EC8F              ldd 15,S
 0398 C30800            addd #2048
 039B 6C82              std 2,S
 039D 19F011            leay 17,S
 03A0 6D80              sty 0,S
 03A2 CC0080            ldd #128
 03A5 4A000000          xcall $_EEWrite
 03A9                   .dbline 1292
 03A9           ;       EEWrite ( 1,Null_Ptr,(int *)(EE_begin + EE_offset + 128));//Put a Null in the first location of the next 128 byte block 
 03A9 EC8F              ldd 15,S
 03AB C30880            addd #2176
 03AE 6C82              std 2,S
 03B0 ED8C              ldy 12,S
 03B2 6D80              sty 0,S
 03B4 CC0001            ldd #1
 03B7 4A000000          xcall $_EEWrite
 03BB                   .dbline 1294
 03BB           ; 
 03BB           ;       if(save_serial_flag==1){
 03BB F60150            ldab _save_serial_flag
 03BE C101              cmpb #1
 03C0 2607              bne L76
 03C2                   .dbline 1294
 03C2                   .dbline 1296
 03C2           ;                
 03C2           ;               Save_Serial_Num();
 03C2 4A04D7D7          xcall $_Save_Serial_Num
 03C6                   .dbline 1297
 03C6           ;               save_serial_flag=0; 
 03C6 790150            clr _save_serial_flag
 03C9                   .dbline 1298
 03C9           ;       }
 03C9           L76:
 03C9                   .dbline -2
 03C9           L60:
 03C9                   .dbline 0 ; func end
 03C9 1BF097            leas 151,S
 03CC 0A                rtc
 03CD                   .dbsym l Null_Ptr 12 pc
 03CD                   .dbsym l Null_Char 14 c
 03CD                   .dbsym l EE_offset 15 I
 03CD                   .dbsym l tempstr 17 A[130:130]c
 03CD                   .dbsym l offset 147 I
 03CD                   .dbsym l cptr 149 pc
 03CD                   .dbend
                        .area text
 025C                   .dbfile C:\Users\vbenton.crtsglobal\Desktop\temp\REV3~1.25\SOURCE~1\Subroutines.c
 025C                   .dbfunc e RestoreDefaults _RestoreDefaults fI
 025C           _RestoreDefaults::
 025C                   .dbline -1
 025C                   .dbline 1304
 025C           ;       
 025C           ; }                                                                                        
 025C           ; 
 025C           ; 
 025C           ; int RestoreDefaults ( void )
 025C           ; {
 025C                   .dbline 1305
 025C           ;     Send_Menu_Status (0x00);
 025C CC0000            ldd #0
 025F 4A000000          xcall $_Send_Menu_Status
 0263                   .dbline 1306
 0263           ;       CompressorOnOff.str_value[0] = 0xFF;    
 0263 180BFF0031        movb #255,_CompressorOnOff+18
 0268                   .dbline 1307
 0268           ;       Save_Variables();
 0268 4A02B1B1          xcall $_Save_Variables
 026C                   .dbline 1308
 026C           ;     ResetProc ();
 026C 4A04F1F1          xcall $_ResetProc
 0270                   .dbline 1309
 0270           ;       return 0;
 0270 CC0000            ldd #0
 0273                   .dbline -2
 0273           L78:
 0273                   .dbline 0 ; func end
 0273 3D                rts
 0274                   .dbend
 0274                   .dbfunc e GetTrigCam _GetTrigCam fI
 0274           _GetTrigCam::
 0274                   .dbline -1
 0274                   .dbline 1313
 0274           ; }
 0274           ; 
 0274           ; int GetTrigCam (void)
 0274           ; {
 0274                   .dbline 1314
 0274           ;       TrigCam4 = ActCam4;
 0274 180C012C04A3      movb _ActCam4,_TrigCam4
 027A                   .dbline 1315
 027A           ;       TrigCam5 = ActCam5;
 027A 180C012B04A4      movb _ActCam5,_TrigCam5
 0280                   .dbline 1316
 0280           ;       Display("Proc:Camera Selected");
 0280 CC0439            ldd #L81
 0283 4A000000          xcall $_Display
 0287                   .dbline 1317
 0287           ;       Save_TrigCamera_Add();
 0287 4A044C4C          xcall $_Save_TrigCamera_Add
 028B                   .dbline 1318
 028B           ;       return 0;
 028B CC0000            ldd #0
 028E                   .dbline -2
 028E           L80:
 028E                   .dbline 0 ; func end
 028E 3D                rts
 028F                   .dbend
                        .area extcode(paged)
 03CD                   .dbfile C:\Users\vbenton.crtsglobal\Desktop\temp\REV3~1.25\SOURCE~1\Subroutines.c
 03CD                   .dbfunc e Load_Camera_Add _Load_Camera_Add fV
 03CD           ; VarEEPROMPntr2 -> 6,SP
 03CD           $_Load_Camera_Add::
 03CD 1B98              leas -8,S
 03CF                   .dbline -1
 03CF                   .dbline 1324
 03CF           ; }
 03CF           ; 
 03CF           ; 
 03CF           ; //retreive camera address from EEProm
 03CF           ; void Load_Camera_Add ( void )
 03CF           ; {
 03CF                   .dbline 1326
 03CF           ;     char *VarEEPROMPntr2;
 03CF           ;     VarEEPROMPntr2 = (char *)0x0a00;
 03CF 1800860A00        movw #2560,6,S
 03D4                   .dbline 1328
 03D4           ;     
 03D4           ;     cam_addx[0] = *VarEEPROMPntr2;
 03D4 ED86              ldy 6,S
 03D6 180D400126        movb 0,Y,_cam_addx
 03DB                   .dbline 1329
 03DB           ;     cam_addx[1] = *(VarEEPROMPntr2 + 1);   
 03DB ED86              ldy 6,S
 03DD 02                iny
 03DE 180D400127        movb 0,Y,_cam_addx+1
 03E3                   .dbline 1330
 03E3           ;     cam_add = cam_addx[0] + (cam_addx[1]<<8); 
 03E3 F60127            ldab _cam_addx+1
 03E6 B714              tfr B,D
 03E8 B710              tfr B,A
 03EA F60126            ldab _cam_addx
 03ED 7C014E            std _cam_add
 03F0                   .dbline 1332
 03F0           ;       
 03F0           ;       sprintf(disp_add.str_value,"04X",cam_add);
 03F0 FD014E            ldy _cam_add
 03F3 6D84              sty 4,S
 03F5 CD0435            ldy #L86
 03F8 6D82              sty 2,S
 03FA CD0471            ldy #_disp_add+18
 03FD 6D80              sty 0,S
 03FF 4A000000          xcall $_sprintf
 0403                   .dbline -2
 0403           L82:
 0403                   .dbline 0 ; func end
 0403 1B88              leas 8,S
 0405 0A                rtc
 0406                   .dbsym l VarEEPROMPntr2 6 pc
 0406                   .dbend
 0406                   .dbfunc e Save_Camera_Add _Save_Camera_Add fV
 0406           ;      EEpromPtr -> 6,SP
 0406           $_Save_Camera_Add::
 0406 1B98              leas -8,S
 0408                   .dbline -1
 0408                   .dbline 1337
 0408           ;       //disp_add.value              
 0408           ; }
 0408           ; 
 0408           ; void Save_Camera_Add ( void )
 0408           ; {
 0408                   .dbline 1340
 0408           ;     char *EEpromPtr;
 0408           ;     
 0408           ;     sprintf(disp_add.str_value,"04X",cam_add);
 0408 FD014E            ldy _cam_add
 040B 6D84              sty 4,S
 040D CD0435            ldy #L86
 0410 6D82              sty 2,S
 0412 CD0471            ldy #_disp_add+18
 0415 6D80              sty 0,S
 0417 4A000000          xcall $_sprintf
 041B                   .dbline 1342
 041B           ;       
 041B           ;       EEpromPtr = &cam_addx[0];
 041B CD0126            ldy #_cam_addx
 041E 6D86              sty 6,S
 0420                   .dbline 1344
 0420           ; 
 0420           ;       EEWrite ( 2, EEpromPtr, (int *)0x0a00 );
 0420 CD0A00            ldy #2560
 0423 6D82              sty 2,S
 0425 ED86              ldy 6,S
 0427 6D80              sty 0,S
 0429 CC0002            ldd #2
 042C 4A000000          xcall $_EEWrite
 0430                   .dbline -2
 0430           L87:
 0430                   .dbline 0 ; func end
 0430 1B88              leas 8,S
 0432 0A                rtc
 0433                   .dbsym l EEpromPtr 6 pc
 0433                   .dbend
 0433                   .dbfunc e Load_TrigCamera_Add _Load_TrigCamera_Add fV
 0433           ; VarEEPROMPntr2 -> 0,SP
 0433           $_Load_TrigCamera_Add::
 0433 1B9E              leas -2,S
 0435                   .dbline -1
 0435                   .dbline 1350
 0435           ; }
 0435           ; 
 0435           ; 
 0435           ; //retreive selected camera address from EEProm
 0435           ; void Load_TrigCamera_Add ( void )
 0435           ; {
 0435                   .dbline 1352
 0435           ;     char *VarEEPROMPntr2;
 0435           ;     VarEEPROMPntr2 = (char *)0x0c50;
 0435 1800800C50        movw #3152,0,S
 043A                   .dbline 1354
 043A           ;     
 043A           ;     TrigCam4 = *VarEEPROMPntr2;
 043A ED80              ldy 0,S
 043C 180D4004A3        movb 0,Y,_TrigCam4
 0441                   .dbline 1355
 0441           ;     TrigCam5 = *(VarEEPROMPntr2 + 1);   
 0441 ED80              ldy 0,S
 0443 02                iny
 0444 180D4004A4        movb 0,Y,_TrigCam5
 0449                   .dbline -2
 0449           L89:
 0449                   .dbline 0 ; func end
 0449 1B82              leas 2,S
 044B 0A                rtc
 044C                   .dbsym l VarEEPROMPntr2 0 pc
 044C                   .dbend
 044C                   .dbfunc e Save_TrigCamera_Add _Save_TrigCamera_Add fV
 044C           ;      EEpromPtr -> 4,SP
 044C           $_Save_TrigCamera_Add::
 044C 1B9A              leas -6,S
 044E                   .dbline -1
 044E                   .dbline 1363
 044E           ;     //cam_add = cam_addx[0] + (cam_addx[1]<<8); 
 044E           ;       
 044E           ;       //sprintf(disp_add.str_value,"04X",cam_add);
 044E           ;       //disp_add.value              
 044E           ; }
 044E           ; 
 044E           ; void Save_TrigCamera_Add ( void )
 044E           ; {
 044E                   .dbline 1368
 044E           ;     char *EEpromPtr;
 044E           ;     
 044E           ;     //sprintf(disp_add.str_value,"04X",cam_add);
 044E           ;       
 044E           ;       EEpromPtr = &TrigCam4;
 044E CD04A3            ldy #_TrigCam4
 0451 6D84              sty 4,S
 0453                   .dbline 1370
 0453           ; 
 0453           ;       EEWrite ( 2, EEpromPtr, (int *)0x0c50 );
 0453 CD0C50            ldy #3152
 0456 6D82              sty 2,S
 0458 ED84              ldy 4,S
 045A 6D80              sty 0,S
 045C CC0002            ldd #2
 045F 4A000000          xcall $_EEWrite
 0463                   .dbline -2
 0463           L90:
 0463                   .dbline 0 ; func end
 0463 1B86              leas 6,S
 0465 0A                rtc
 0466                   .dbsym l EEpromPtr 4 pc
 0466                   .dbend
 0466                   .dbfunc e Load_Serial_Num _Load_Serial_Num fV
 0466           ;        tempstr -> 2,SP
 0466           ; VarEEPROMPntr2 -> 132,SP
 0466           $_Load_Serial_Num::
 0466 1BF17A            leas -134,S
 0469                   .dbline -1
 0469                   .dbline 1378
 0469           ; }
 0469           ; 
 0469           ; 
 0469           ; 
 0469           ; 
 0469           ; //retreive Serial Number from EEProm
 0469           ; void Load_Serial_Num ( void )
 0469           ; {
 0469                   .dbline 1382
 0469           ;     char tempstr[130];
 0469           ;     char *VarEEPROMPntr2;
 0469           ;       
 0469           ;     VarEEPROMPntr2 = (char *)0x0b10;
 0469 19F084            leay 132,S
 046C 1800400B10        movw #2832,0,y
 0471                   .dbline 1384
 0471           ;     
 0471           ;     if ( *VarEEPROMPntr2 >= '0' && *VarEEPROMPntr2 <= '9')
 0471 E6F30084          ldab [132,S]
 0475 87                clra
 0476 6C80              std 0,S
 0478 8C0030            cpd #48
 047B 2D51              blt L92
 047D ED80              ldy 0,S
 047F 8D0039            cpy #57
 0482 2E4A              bgt L92
 0484                   .dbline 1385
 0484           ;       {
 0484                   .dbline 1386
 0484           ;       SerialNum.str_value[0] = *VarEEPROMPntr2;
 0484 EDF084            ldy 132,S
 0487 180D400493        movb 0,Y,_SerialNum+18
 048C                   .dbline 1387
 048C           ;         SerialNum.str_value[1] = *(VarEEPROMPntr2 + 1);   
 048C EDF084            ldy 132,S
 048F 02                iny
 0490 180D400494        movb 0,Y,_SerialNum+18+1
 0495                   .dbline 1388
 0495           ;         SerialNum.str_value[2] = *(VarEEPROMPntr2 + 2);   
 0495 ECF084            ldd 132,S
 0498 C30002            addd #2
 049B B746              tfr D,Y
 049D 180D400495        movb 0,Y,_SerialNum+18+2
 04A2                   .dbline 1389
 04A2           ;         SerialNum.str_value[3] = *(VarEEPROMPntr2 + 3);   
 04A2 ECF084            ldd 132,S
 04A5 C30003            addd #3
 04A8 B746              tfr D,Y
 04AA 180D400496        movb 0,Y,_SerialNum+18+3
 04AF                   .dbline 1390
 04AF           ;         SerialNum.str_value[4] = *(VarEEPROMPntr2 + 4);   
 04AF ECF084            ldd 132,S
 04B2 C30004            addd #4
 04B5 B746              tfr D,Y
 04B7 180D400497        movb 0,Y,_SerialNum+18+4
 04BC                   .dbline 1391
 04BC           ;         SerialNum.str_value[5] = *(VarEEPROMPntr2 + 5); 
 04BC ECF084            ldd 132,S
 04BF C30005            addd #5
 04C2 B746              tfr D,Y
 04C4 180D400498        movb 0,Y,_SerialNum+18+5
 04C9                   .dbline 1392
 04C9           ;               SerialNum.str_value[6] = 0;
 04C9 790499            clr _SerialNum+18+6
 04CC                   .dbline 1393
 04CC           ;       }
 04CC 2005              bra L93
 04CE           L92:
 04CE                   .dbline 1394
 04CE           ;       else{              
 04CE                   .dbline 1396
 04CE           ;               
 04CE           ;               save_serial_flag=1;   
 04CE 180B010150        movb #1,_save_serial_flag
 04D3                   .dbline 1397
 04D3           ;       }  
 04D3           L93:
 04D3                   .dbline -2
 04D3           L91:
 04D3                   .dbline 0 ; func end
 04D3 1BF086            leas 134,S
 04D6 0A                rtc
 04D7                   .dbsym l tempstr 2 A[130:130]c
 04D7                   .dbsym l VarEEPROMPntr2 132 pc
 04D7                   .dbend
 04D7                   .dbfunc e Save_Serial_Num _Save_Serial_Num fV
 04D7           ;      EEpromPtr -> 4,SP
 04D7           $_Save_Serial_Num::
 04D7 1B9A              leas -6,S
 04D9                   .dbline -1
 04D9                   .dbline 1401
 04D9           ; }
 04D9           ; 
 04D9           ; void Save_Serial_Num ( void )
 04D9           ; {
 04D9                   .dbline 1404
 04D9           ;     char *EEpromPtr;
 04D9           ;     
 04D9           ;     EEpromPtr = &SerialNum.str_value[0];
 04D9 CD0493            ldy #_SerialNum+18
 04DC 6D84              sty 4,S
 04DE                   .dbline 1406
 04DE           ; 
 04DE           ;       EEWrite ( 7, EEpromPtr, (int *)0x0b10 );
 04DE CD0B10            ldy #2832
 04E1 6D82              sty 2,S
 04E3 ED84              ldy 4,S
 04E5 6D80              sty 0,S
 04E7 CC0007            ldd #7
 04EA 4A000000          xcall $_EEWrite
 04EE                   .dbline -2
 04EE           L107:
 04EE                   .dbline 0 ; func end
 04EE 1B86              leas 6,S
 04F0 0A                rtc
 04F1                   .dbsym l EEpromPtr 4 pc
 04F1                   .dbend
 04F1                   .dbfunc e ResetProc _ResetProc fI
 04F1           $_ResetProc::
 04F1                   .dbline -1
 04F1                   .dbline 1410
 04F1           ; }
 04F1           ; 
 04F1           ; int ResetProc ( void )
 04F1           ; {
 04F1                   .dbline 1411
 04F1           ;     COPCTL = 0x01;                            //enable COP for shortest period 
 04F1 180B01003C        movb #1,0x3c
 04F6           L110:
 04F6                   .dbline 1412
 04F6           ;     while (1);                                        //wait for reset
 04F6           L111:
 04F6                   .dbline 1412
 04F6 20FE              bra L110
 04F8           X0:
 04F8                   .dbline -2
 04F8           L109:
 04F8                   .dbline 0 ; func end
 04F8 0A                rtc
 04F9                   .dbend
 04F9                   .dbfunc e InitXmit _InitXmit fV
 04F9           ;          cksum -> 4,SP
 04F9           $_InitXmit::
 04F9 1B9B              leas -5,S
 04FB                   .dbline -1
 04FB                   .dbline 1417
 04FB           ;     return 0;
 04FB           ; }
 04FB           ;                    
 04FB           ; void InitXmit ( void )
 04FB           ; {
 04FB                   .dbline 1419
 04FB           ;     char cksum;
 04FB           ;     printf ( "\r\nCRTS, Inc.\r\nCleaner Interface Controller\r\nRevision %s\r\n>", Revision );                
 04FB CD03F5            ldy #L115
 04FE 6D82              sty 2,S
 0500 CD03FA            ldy #L114
 0503 6D80              sty 0,S
 0505 4A000000          xcall $_printf
 0509                   .dbline -2
 0509           L113:
 0509                   .dbline 0 ; func end
 0509 1B85              leas 5,S
 050B 0A                rtc
 050C                   .dbsym l cksum 4 c
 050C                   .dbend
 050C                   .dbfunc e ATDGetLevel _ATDGetLevel fI
 050C           ;        ATD_Num -> 1,SP
 050C           $_ATDGetLevel::
 050C 3B                pshd
 050D                   .dbline -1
 050D                   .dbline 1424
 050D           ; //    ClearTitler ();
 050D           ; }
 050D           ;        
 050D           ; int ATDGetLevel ( char ATD_Num )
 050D           ; {
 050D                   .dbline 1425
 050D           ;       ATD0CTL5=ATD0CTL5_Init | ATD_Num;
 050D E681              ldab 1,S
 050F CA80              orab #128
 0511 7B0085            stab 0x85
 0514           L117:
 0514                   .dbline 1426
 0514           ;       while ( !(ATD0STAT0 & 0x80) );
 0514           L118:
 0514                   .dbline 1426
 0514 1F008680FB        brclr 0x86,#128,L117
 0519                   .dbline 1428
 0519           ;       
 0519           ;       return (ATD0DR0+ATD0DR1+ATD0DR2+ATD0DR3)/4;                             
 0519 FC0090            ldd 0x90
 051C F30092            addd 0x92
 051F F30094            addd 0x94
 0522 F30096            addd 0x96
 0525 49                lsrd
 0526 49                lsrd
 0527                   .dbline -2
 0527           L116:
 0527                   .dbline 0 ; func end
 0527 1B82              leas 2,S
 0529 0A                rtc
 052A                   .dbsym l ATD_Num 1 c
 052A                   .dbend
                        .area text
 028F                   .dbfile C:\Users\vbenton.crtsglobal\Desktop\temp\REV3~1.25\SOURCE~1\Subroutines.c
 028F           L272:
 028F 50726F633A4C696E6575702054696D65  .byte 'P,'r,'o,'c,58,'L,'i,'n,'e,'u,'p,32,'T,'i,'m,'e
 029F 203030302E302000  .byte 32,48,48,48,46,48,32,0
                        .area extcode(paged)
 052A                   .dbfile C:\Users\vbenton.crtsglobal\Desktop\temp\REV3~1.25\SOURCE~1\Subroutines.c
 052A                   .dbfunc e doevents _doevents fV
                        .area text
 02A7           L552:
 02A7 0B16              .poff L217
 02A9 0C07              .poff L229
 02AB 0C68              .poff L239
 02AD 0E27              .poff L259
 02AF 0E43              .poff L263
 02B1 0E5F              .poff L267
 02B3 0F26              .poff L281
 02B5 0FF8              .poff L286
 02B7 1039              .poff L289
 02B9 1081              .poff L294
 02BB 1149              .poff L309
 02BD 11B8              .poff L316
 02BF 11DC              .poff L319
 02C1 1279              .poff L327
 02C3 129D              .poff L330
 02C5 1356              .poff L341
 02C7 1429              .poff L351
 02C9 153D              .poff L363
 02CB 156B              .poff L366
 02CD 1690              .poff L382
 02CF 16AC              .poff L386
 02D1 16FA              .poff L397
 02D3 17E7              .poff L411
 02D5 1803              .poff L415
 02D7 1851              .poff L426
 02D9 1942              .poff L440
 02DB 195E              .poff L444
 02DD 19AC              .poff L455
 02DF 1A99              .poff L469
 02E1 1AB5              .poff L473
 02E3 1B03              .poff L484
 02E5 1BF4              .poff L498
 02E7 1C10              .poff L502
 02E9 1C60              .poff L513
 02EB 1DA8              .poff L532
                        .area extcode(paged)
                ;       vacspeed -> 35,SP
                ;    travel_dist -> 35,SP
                ;       vacspeed -> 35,SP
                ;    travel_dist -> 35,SP
                ;       vacspeed -> 35,SP
                ;    travel_dist -> 35,SP
                ;       vacspeed -> 35,SP
                ;    travel_dist -> 35,SP
                ;       vacspeed -> 35,SP
                ;    travel_dist -> 35,SP
                ;        tempstr -> 12,SP
                ;        tempstr -> 12,SP
                ;        tempstr -> 12,SP
                ;  LineupTimeMsg -> 13,SP
                ;   lineup_speed -> 33,SP
                ;    travel_dist -> 35,SP
                ;   lineup_speed -> 33,SP
                ;    travel_dist -> 35,SP
                ;            var -> 37,SP
                ;            var -> 37,SP
                ;              j -> 39,SP
                ;              i -> 41,SP
 052A           $_doevents::
 052A 1BF1D5            leas -43,S
 052D                   .dbline -1
 052D                   .dbline 1546
 052D           ; }
 052D           ; 
 052D           ; /*
 052D           ; extern unsigned int LA_speed_timer;
 052D           ; char ext_test = 0;
 052D           ; char ret_test = 0;
 052D           ; float interval_test = 0.1;
 052D           ; char desired_speed_test = 95;
 052D           ; int ext_pos_test = 100;
 052D           ; int ret_pos_test = 10;
 052D           ; 
 052D           ; 
 052D           ; void test (void)
 052D           ; {
 052D           ;       static char test_once = 0, startup_test = 0;
 052D           ;       
 052D           ;       start_sequence = -1;
 052D           ;       
 052D           ;       if (!startup_test)
 052D           ;       {
 052D           ;         // runs once after reset
 052D           ;               startup_test = 1;
 052D           ;               stop_LA();
 052D           ;         desired_speed=0;
 052D           ;         LA_position=0;
 052D           ;         start_sequence=-1;
 052D           ;         done=5;
 052D           ;       }               
 052D           ;       
 052D           ;       if (ext_test)
 052D           ;       {
 052D           ;               if (!test_once)
 052D           ;               {
 052D           ;                   test_once = 1;
 052D           ;                       Timer2 = RTI_One_Sec * interval_test;
 052D           ;                       
 052D           ;                       // put code here that needs to run once
 052D           ;                       ExtendLA();
 052D           ;                       desired_position = ext_pos_test;
 052D           ;                       desired_speed = desired_speed_test;
 052D           ;                       direction = 1;
 052D           ;                       LA_speed = 0;
 052D           ;               }
 052D           ;           if (!Timer2)
 052D           ;           {
 052D           ;               Timer2 = RTI_One_Sec * interval_test;
 052D           ;                       // put code here that needs to run at a constant rate
 052D           ;                       
 052D           ;                       if ( PB3_PWM > 30 )
 052D           ;                       {
 052D           ;                           LA_speed = LA_speed + (((float)PB3_PWM-60)) ;
 052D           ;                       }
 052D           ;             if (LA_speed > 0) 
 052D           ;                 LA_position = LA_position + LA_speed/50;
 052D           ;             else
 052D           ;                 LA_speed = 0;
 052D           ;                               
 052D           ;               }
 052D           ;               
 052D           ;           LA_speed_timer = 100;
 052D           ;               
 052D           ;         if (!LA_Moving) 
 052D           ;         {
 052D           ;             ext_test = 0; 
 052D           ;             ret_test = 1;
 052D           ;                       test_once = 0;
 052D           ;                       LA_Moving = 1;
 052D           ;         }
 052D           ;               
 052D           ;       }
 052D           ;       else if (ret_test)
 052D           ;       {
 052D           ;               if (!test_once)
 052D           ;               {
 052D           ;                   test_once = 1;
 052D           ;                       Timer2 = RTI_One_Sec * interval_test;
 052D           ;                       
 052D           ;                       // put code here that needs to run once
 052D           ;                       RetractLA();
 052D           ;                       desired_position = ret_pos_test;
 052D           ;                       desired_speed = desired_speed_test;
 052D           ;                       direction = -1;
 052D           ;                       LA_speed = 0;
 052D           ;               }
 052D           ;           if (!Timer2)
 052D           ;           {
 052D           ;               Timer2 = RTI_One_Sec * interval_test;
 052D           ;                       // put code here that needs to run at a constant rate
 052D           ;                       if ( PB1_PWM > 30 )
 052D           ;                       {
 052D           ;                           LA_speed = LA_speed + (((float)PB1_PWM-60)) ;
 052D           ;                       }
 052D           ;             if (LA_speed > 0) 
 052D           ;                 LA_position = LA_position - LA_speed/50;
 052D           ;             else
 052D           ;                 LA_speed = 0;
 052D           ;                               
 052D           ;       }       
 052D           ;               
 052D           ;           LA_speed_timer = 100; 
 052D           ;               
 052D           ;         if (!LA_Moving) 
 052D           ;         {
 052D           ;             ext_test = 1; 
 052D           ;             ret_test = 0;
 052D           ;                       test_once = 0;
 052D           ;                       LA_Moving = 1;
 052D           ;         }
 052D           ;               
 052D           ;       }
 052D           ;       else
 052D           ;       {
 052D           ;           test_once = 0;
 052D           ;       }
 052D           ; }
 052D           ; */
 052D           ; void doevents ( void )
 052D           ; {
 052D                   .dbline 1551
 052D           ;     int i,j;
 052D           ;       
 052D           ;       
 052D           ;       
 052D           ;       spdPID = &speedPID;
 052D CD0000            ldy #_speedPID
 0530 7D0000            sty _spdPID
 0533                   .dbline 1553
 0533           ;       
 0533           ;       if(initPID){            
 0533 FD0000            ldy _initPID
 0536 8D0000            cpy #0
 0539 1827007E          lbeq L121
 053D                   .dbline 1553
 053D                   .dbline 1555
 053D           ;               
 053D           ;               spdPID->pGain=0.5;
 053D FC0000            ldd _spdPID
 0540 C30018            addd #24
 0543 B746              tfr D,Y
 0545 1800AE0000        movw #0,2,-S
 054A 1800AE3F00        movw #16128,2,-S
 054F 30                pulx
 0550 6E40              stx 0,Y
 0552 30                pulx
 0553 6E42              stx 2,Y
 0555                   .dbline 1556
 0555           ;               spdPID->iGain=0.2;
 0555 FC0000            ldd _spdPID
 0558 C30014            addd #20
 055B B746              tfr D,Y
 055D 1800AECCCD        movw #52429,2,-S
 0562 1800AE3E4C        movw #15948,2,-S
 0567 30                pulx
 0568 6E40              stx 0,Y
 056A 30                pulx
 056B 6E42              stx 2,Y
 056D                   .dbline 1557
 056D           ;               spdPID->dGain=0.0;
 056D FC0000            ldd _spdPID
 0570 C3001C            addd #28
 0573 B746              tfr D,Y
 0575 1800AE0000        movw #0,2,-S
 057A 1800AE0000        movw #0,2,-S
 057F 30                pulx
 0580 6E40              stx 0,Y
 0582 30                pulx
 0583 6E42              stx 2,Y
 0585                   .dbline 1558
 0585           ;               spdPID->iMax=500;
 0585 FC0000            ldd _spdPID
 0588 C3000C            addd #12
 058B B746              tfr D,Y
 058D 1800AE0000        movw #0,2,-S
 0592 1800AE43FA        movw #17402,2,-S
 0597 30                pulx
 0598 6E40              stx 0,Y
 059A 30                pulx
 059B 6E42              stx 2,Y
 059D                   .dbline 1559
 059D           ;               spdPID->iMin=0;
 059D FC0000            ldd _spdPID
 05A0 C30010            addd #16
 05A3 B746              tfr D,Y
 05A5 1800AE0000        movw #0,2,-S
 05AA 1800AE0000        movw #0,2,-S
 05AF 30                pulx
 05B0 6E40              stx 0,Y
 05B2 30                pulx
 05B3 6E42              stx 2,Y
 05B5                   .dbline 1561
 05B5           ;               
 05B5           ;               initPID=0;                
 05B5 180300000000      movw #0,_initPID
 05BB                   .dbline 1562
 05BB           ;       }
 05BB           L121:
 05BB                   .dbline 1565
 05BB           ; 
 05BB           ;       //Check FullDist to make sure it is no bigger than LA-Center times 2
 05BB           ;       if (FullDist.value > LACntr.value * 2)
 05BB 1801AE00A9        movw _FullDist+2,2,-S
 05C0 1801AE00A7        movw _FullDist,2,-S
 05C5 1800AE0000        movw #0,2,-S
 05CA 1800AE4000        movw #16384,2,-S
 05CF 1801AE00CB        movw _LACntr+2,2,-S
 05D4 1801AE00C9        movw _LACntr,2,-S
 05D9 160000            jsr mulf4
 05DC 160000            jsr cmpf4
 05DF 2F2F              ble L123
 05E1                   .dbline 1566
 05E1           ;       {
 05E1                   .dbline 1567
 05E1           ;           struct menu_var* var = &FullDist;
 05E1 CD00A7            ldy #_FullDist
 05E4 6DF025            sty 37,S
 05E7                   .dbline 1568
 05E7           ;               var->value = LACntr.value * 2;
 05E7 1800AE0000        movw #0,2,-S
 05EC 1800AE4000        movw #16384,2,-S
 05F1 1801AE00CB        movw _LACntr+2,2,-S
 05F6 1801AE00C9        movw _LACntr,2,-S
 05FB 160000            jsr mulf4
 05FE 30                pulx
 05FF 6E40              stx 0,Y
 0601 30                pulx
 0602 6E42              stx 2,Y
 0604                   .dbline 1569
 0604           ;               getstrval (var);
 0604 ECF025            ldd 37,S
 0607 4A000000          xcall $_getstrval
 060B                   .dbline 1570
 060B           ;               UpdateMenu = 1;
 060B 180B010141        movb #1,_UpdateMenu
 0610                   .dbline 1571
 0610           ;       }
 0610           L123:
 0610                   .dbline 1573
 0610           ;       //Check CntrDist to make sure it is no bigger than LA-Center times 2
 0610           ;       if (CntrDist.value > LACntr.value * 2)
 0610 1801AE0087        movw _CntrDist+2,2,-S
 0615 1801AE0085        movw _CntrDist,2,-S
 061A 1800AE0000        movw #0,2,-S
 061F 1800AE4000        movw #16384,2,-S
 0624 1801AE00CB        movw _LACntr+2,2,-S
 0629 1801AE00C9        movw _LACntr,2,-S
 062E 160000            jsr mulf4
 0631 160000            jsr cmpf4
 0634 2F2F              ble L125
 0636                   .dbline 1574
 0636           ;       {
 0636                   .dbline 1575
 0636           ;           struct menu_var* var = &CntrDist;
 0636 CD0085            ldy #_CntrDist
 0639 6DF025            sty 37,S
 063C                   .dbline 1576
 063C           ;               var->value = LACntr.value * 2;
 063C 1800AE0000        movw #0,2,-S
 0641 1800AE4000        movw #16384,2,-S
 0646 1801AE00CB        movw _LACntr+2,2,-S
 064B 1801AE00C9        movw _LACntr,2,-S
 0650 160000            jsr mulf4
 0653 30                pulx
 0654 6E40              stx 0,Y
 0656 30                pulx
 0657 6E42              stx 2,Y
 0659                   .dbline 1577
 0659           ;               getstrval (var);
 0659 ECF025            ldd 37,S
 065C 4A000000          xcall $_getstrval
 0660                   .dbline 1578
 0660           ;               UpdateMenu = 1;
 0660 180B010141        movb #1,_UpdateMenu
 0665                   .dbline 1579
 0665           ;       }
 0665           L125:
 0665                   .dbline 1581
 0665           ;       
 0665           ;     if ( Gen_Flags & Gen_Flags_SIN0Rcvd )
 0665 1F0000020A        brclr _Gen_Flags,#2,L127
 066A                   .dbline 1582
 066A           ;     {
 066A                   .dbline 1585
 066A           ;         //Display ( SIN0Buf );
 066A           ;         //command ( SIN0Buf );
 066A           ;         SIN0Bufptr = 0;
 066A 180300000000      movw #0,_SIN0Bufptr
 0670                   .dbline 1586
 0670           ;         Gen_Flags &= ~Gen_Flags_SIN0Rcvd;
 0670 1D000002          bclr _Gen_Flags,#2
 0674                   .dbline 1588
 0674           ;         //printf ( "\r>" );
 0674           ;     }
 0674           L127:
 0674                   .dbline 1592
 0674           ;     
 0674           ;     //if the 2-Wire system is working, start updating the 2-Wire Stack
 0674           ; //    if ( !(Gen_Flags & Gen_Flags_No2Wire) )
 0674           ;     {
 0674                   .dbline 1593
 0674           ;         menu_function();          
 0674 4A000000          xcall $_menu_function
 0678                   .dbline 1596
 0678           ;     
 0678           ;               //Internal H-Bridge & External Contactors
 0678           ;               if ( HeadSpeed >= 10 )
 0678 FD0134            ldy _HeadSpeed
 067B 8D000A            cpy #10
 067E 2D0C              blt L129
 0680                   .dbline 1597
 0680           ;               {
 0680                   .dbline 1601
 0680           ; 
 0680           ;                   //PORTB &= ~0x04;                      //PB2 / High Left off
 0680           ;                       //PWMDTY3 = 100;                   //Lower Left On
 0680           ;                       PTP |= 0x08;                       //PP3 on
 0680 1C025808          bset 0x258,#8
 0684                   .dbline 1605
 0684           ; 
 0684           ;                   //PORTB |= 0x01;                       //PB0 / High Right on
 0684           ;                       //PWMDTY1 = HeadSpeed;     //Upper Right PWM
 0684           ;                       PTP |= 0x02;                       //PP1 on
 0684 1C025802          bset 0x258,#2
 0688                   .dbline 1607
 0688           ; 
 0688           ;                       PORTA |= 0x04;                     //External FET driver
 0688 1C000004          bset 0,#4
 068C                   .dbline 1608
 068C           ;               }
 068C           L129:
 068C                   .dbline 1610
 068C           ; 
 068C           ;               if ( HeadSpeed <= -10 )
 068C FD0134            ldy _HeadSpeed
 068F 8DFFF6            cpy #65526
 0692 2E0C              bgt L131
 0694                   .dbline 1611
 0694           ;               {
 0694                   .dbline 1614
 0694           ;                   //PORTB &= ~0x01;
 0694           ;                       //PWMDTY1 = 100;                   //Lower Right On
 0694           ;                       PTP |= 0x08;                       //PP3 on
 0694 1C025808          bset 0x258,#8
 0698                   .dbline 1618
 0698           ; 
 0698           ;                   //PORTB |= 0x04;
 0698           ;                       //PWMDTY3 = abs(HeadSpeed);  //Upper Left On
 0698           ;                       PTP |= 0x02;                       //PP1 on
 0698 1C025802          bset 0x258,#2
 069C                   .dbline 1620
 069C           ; 
 069C           ;                       PORTA |= 0x08;                     //External FET driver
 069C 1C000008          bset 0,#8
 06A0                   .dbline 1621
 06A0           ;               }
 06A0           L131:
 06A0                   .dbline 1622
 06A0           ;               if ( HeadSpeed == 0 )
 06A0 FD0134            ldy _HeadSpeed
 06A3 8D0000            cpy #0
 06A6 2604              bne L133
 06A8                   .dbline 1623
 06A8           ;               {
 06A8                   .dbline 1628
 06A8           ;                       //PWMDTY3 = PWMDTY1 = 0;           //Shutdown both
 06A8           ;                       //while ( PTIP & 0x02 || PTIP & 0x08 );  //wait till PWM is off
 06A8           ;                   //PORTB &= ~0x05;
 06A8           ;                       
 06A8           ;                       PORTA &= ~0x0C;                    //External FET driver
 06A8 1D00000C          bclr 0,#12
 06AC                   .dbline 1629
 06AC           ;               }
 06AC           L133:
 06AC                   .dbline 1632
 06AC           ;               
 06AC           ;         // Head On/Off for both internal H-Bridge and external Head Ramp
 06AC           ;               if (HeadCWOnOff.value==2 && HeadRampCCW==1 )
 06AC 1801AE04A7        movw _HeadCWOnOff+2,2,-S
 06B1 1801AE04A5        movw _HeadCWOnOff,2,-S
 06B6 1800AE0000        movw #0,2,-S
 06BB 1800AE4000        movw #16384,2,-S
 06C0 160000            jsr cmpf4
 06C3 2623              bne L135
 06C5 F6001B            ldab _HeadRampCCW
 06C8 C101              cmpb #1
 06CA 261C              bne L135
 06CC                   .dbline 1633
 06CC           ;               { //CW on and CWW was on
 06CC                   .dbline 1634
 06CC           ;                           HeadCWOnOff.value=1;
 06CC 18033F8004A5      movw #16256,_HeadCWOnOff
 06D2 1803000004A7      movw #0,_HeadCWOnOff+2
 06D8                   .dbline 1635
 06D8           ;                               getstrval( &HeadCWOnOff );
 06D8 CC04A5            ldd #_HeadCWOnOff
 06DB 4A000000          xcall $_getstrval
 06DF                   .dbline 1636
 06DF           ;                               UpdateMenu = 1;
 06DF 180B010141        movb #1,_UpdateMenu
 06E4                   .dbline 1637
 06E4           ;               }
 06E4 18200144          lbra L136
 06E8           L135:
 06E8                   .dbline 1638
 06E8           ;               else if (HeadCWOnOff.value==2 && HeadCCWOnOff.value==1 )
 06E8 1801AE04A7        movw _HeadCWOnOff+2,2,-S
 06ED 1801AE04A5        movw _HeadCWOnOff,2,-S
 06F2 1800AE0000        movw #0,2,-S
 06F7 1800AE4000        movw #16384,2,-S
 06FC 160000            jsr cmpf4
 06FF 2649              bne L137
 0701 1801AE04C9        movw _HeadCCWOnOff+2,2,-S
 0706 1801AE04C7        movw _HeadCCWOnOff,2,-S
 070B 1800AE0000        movw #0,2,-S
 0710 1800AE3F80        movw #16256,2,-S
 0715 160000            jsr cmpf4
 0718 2630              bne L137
 071A                   .dbline 1639
 071A           ;               { //CW on and CCW off
 071A                   .dbline 1640
 071A           ;               if (HdOffTimer)
 071A FD0000            ldy _HdOffTimer
 071D 8D0000            cpy #0
 0720 271C              beq L139
 0722                   .dbline 1641
 0722           ;                       {
 0722                   .dbline 1642
 0722           ;                           HeadCWOnOff.value=1;
 0722 18033F8004A5      movw #16256,_HeadCWOnOff
 0728 1803000004A7      movw #0,_HeadCWOnOff+2
 072E                   .dbline 1643
 072E           ;                               getstrval( &HeadCWOnOff );
 072E CC04A5            ldd #_HeadCWOnOff
 0731 4A000000          xcall $_getstrval
 0735                   .dbline 1644
 0735           ;                               UpdateMenu = 1;
 0735 180B010141        movb #1,_UpdateMenu
 073A                   .dbline 1645
 073A           ;                       }
 073A 182000EE          lbra L138
 073E           L139:
 073E                   .dbline 1647
 073E           ;                       else
 073E           ;                       {
 073E                   .dbline 1648
 073E           ;                           HeadRampCW = 1;
 073E 180B01001A        movb #1,_HeadRampCW
 0743                   .dbline 1649
 0743           ;                       HeadRampCCW = 0;
 0743 79001B            clr _HeadRampCCW
 0746                   .dbline 1650
 0746           ;                       }
 0746                   .dbline 1652
 0746           ;                       
 0746           ;               }
 0746 182000E2          lbra L138
 074A           L137:
 074A                   .dbline 1653
 074A           ;               else if (HeadCCWOnOff.value==2 && HeadRampCW==1 )
 074A 1801AE04C9        movw _HeadCCWOnOff+2,2,-S
 074F 1801AE04C7        movw _HeadCCWOnOff,2,-S
 0754 1800AE0000        movw #0,2,-S
 0759 1800AE4000        movw #16384,2,-S
 075E 160000            jsr cmpf4
 0761 2623              bne L141
 0763 F6001A            ldab _HeadRampCW
 0766 C101              cmpb #1
 0768 261C              bne L141
 076A                   .dbline 1654
 076A           ;               { //CCW On and CW was on
 076A                   .dbline 1655
 076A           ;                           HeadCCWOnOff.value=1;
 076A 18033F8004C7      movw #16256,_HeadCCWOnOff
 0770 1803000004C9      movw #0,_HeadCCWOnOff+2
 0776                   .dbline 1656
 0776           ;                               getstrval( &HeadCCWOnOff );
 0776 CC04C7            ldd #_HeadCCWOnOff
 0779 4A000000          xcall $_getstrval
 077D                   .dbline 1657
 077D           ;                               UpdateMenu = 1;
 077D 180B010141        movb #1,_UpdateMenu
 0782                   .dbline 1658
 0782           ;               }
 0782 182000A6          lbra L142
 0786           L141:
 0786                   .dbline 1659
 0786           ;               else if ( HeadCCWOnOff.value==2 && HeadCWOnOff.value==1 )
 0786 1801AE04C9        movw _HeadCCWOnOff+2,2,-S
 078B 1801AE04C7        movw _HeadCCWOnOff,2,-S
 0790 1800AE0000        movw #0,2,-S
 0795 1800AE4000        movw #16384,2,-S
 079A 160000            jsr cmpf4
 079D 2645              bne L143
 079F 1801AE04A7        movw _HeadCWOnOff+2,2,-S
 07A4 1801AE04A5        movw _HeadCWOnOff,2,-S
 07A9 1800AE0000        movw #0,2,-S
 07AE 1800AE3F80        movw #16256,2,-S
 07B3 160000            jsr cmpf4
 07B6 262C              bne L143
 07B8                   .dbline 1660
 07B8           ;               { //CCW on and CW off
 07B8                   .dbline 1661
 07B8           ;               if (HdOffTimer)
 07B8 FD0000            ldy _HdOffTimer
 07BB 8D0000            cpy #0
 07BE 271A              beq L145
 07C0                   .dbline 1662
 07C0           ;                       {
 07C0                   .dbline 1663
 07C0           ;                           HeadCCWOnOff.value=1;
 07C0 18033F8004C7      movw #16256,_HeadCCWOnOff
 07C6 1803000004C9      movw #0,_HeadCCWOnOff+2
 07CC                   .dbline 1664
 07CC           ;                               getstrval( &HeadCCWOnOff );
 07CC CC04C7            ldd #_HeadCCWOnOff
 07CF 4A000000          xcall $_getstrval
 07D3                   .dbline 1665
 07D3           ;                               UpdateMenu = 1;
 07D3 180B010141        movb #1,_UpdateMenu
 07D8                   .dbline 1666
 07D8           ;                       }
 07D8 2052              bra L144
 07DA           L145:
 07DA                   .dbline 1668
 07DA           ;                       else
 07DA           ;                       {
 07DA                   .dbline 1669
 07DA           ;                           HeadRampCCW = 1;
 07DA 180B01001B        movb #1,_HeadRampCCW
 07DF                   .dbline 1670
 07DF           ;                       HeadRampCW = 0;
 07DF 79001A            clr _HeadRampCW
 07E2                   .dbline 1671
 07E2           ;                       }
 07E2                   .dbline 1672
 07E2           ;               }
 07E2 2048              bra L144
 07E4           L143:
 07E4                   .dbline 1673
 07E4           ;               else if ( HeadRampCW == 1 )
 07E4 F6001A            ldab _HeadRampCW
 07E7 C101              cmpb #1
 07E9 2610              bne L147
 07EB                   .dbline 1674
 07EB           ;               {
 07EB                   .dbline 1675
 07EB           ;                   HdOffTimer = RTI_One_Sec * 7;
 07EB 18031AB00000      movw #6832,_HdOffTimer
 07F1                   .dbline 1676
 07F1           ;                       HeadRampCW = -1;
 07F1 180BFF001A        movb #65535,_HeadRampCW
 07F6                   .dbline 1677
 07F6           ;                       HeadRampCCW = 0;
 07F6 79001B            clr _HeadRampCCW
 07F9                   .dbline 1678
 07F9           ;               }
 07F9 2031              bra L148
 07FB           L147:
 07FB                   .dbline 1679
 07FB           ;               else if ( HeadRampCCW == 1 )
 07FB F6001B            ldab _HeadRampCCW
 07FE C101              cmpb #1
 0800 2610              bne L149
 0802                   .dbline 1680
 0802           ;               {
 0802                   .dbline 1681
 0802           ;                   HdOffTimer = RTI_One_Sec * 7;
 0802 18031AB00000      movw #6832,_HdOffTimer
 0808                   .dbline 1682
 0808           ;                       HeadRampCCW = -1;
 0808 180BFF001B        movb #65535,_HeadRampCCW
 080D                   .dbline 1683
 080D           ;               HeadRampCW = 0;
 080D 79001A            clr _HeadRampCW
 0810                   .dbline 1684
 0810           ;               }
 0810 201A              bra L150
 0812           L149:
 0812                   .dbline 1685
 0812           ;               else if ( HeadRampCW != 1 && HeadRampCCW != 1 && !HdOffTimer )
 0812 F6001A            ldab _HeadRampCW
 0815 C101              cmpb #1
 0817 2713              beq L151
 0819 F6001B            ldab _HeadRampCCW
 081C C101              cmpb #1
 081E 270C              beq L151
 0820 FD0000            ldy _HdOffTimer
 0823 8D0000            cpy #0
 0826 2604              bne L151
 0828                   .dbline 1686
 0828           ;               { //Both off and Timer expired
 0828                   .dbline 1687
 0828           ;                   PTP = PTP & ~0x0a;  // disable both drivers after timer expires
 0828 1D02580A          bclr 0x258,#10
 082C                   .dbline 1688
 082C           ;               }
 082C           L151:
 082C           L150:
 082C           L148:
 082C           L144:
 082C           L142:
 082C           L138:
 082C           L136:
 082C                   .dbline 1690
 082C           ;               
 082C           ;               if ( BlowersOnOff.value==2 )
 082C 1801AE04EB        movw _BlowersOnOff+2,2,-S
 0831 1801AE04E9        movw _BlowersOnOff,2,-S
 0836 1800AE0000        movw #0,2,-S
 083B 1800AE4000        movw #16384,2,-S
 0840 160000            jsr cmpf4
 0843 2606              bne L153
 0845                   .dbline 1691
 0845           ;                   PORTB |= 0x10;
 0845 1C000110          bset 0x1,#16
 0849 2004              bra L154
 084B           L153:
 084B                   .dbline 1693
 084B           ;               else
 084B           ;                   PORTB &= ~0x10;
 084B 1D000110          bclr 0x1,#16
 084F           L154:
 084F                   .dbline 1695
 084F           ; 
 084F           ;               if (VacuumOnOff.value==2 || ((TC0_RCVD_Data & TeleData_Cam1) && (TC0_RCVD_Data & TeleData_Cam2) && (TC0_RCVD_Data & TeleData_Cam3)))
 084F 1801AE050D        movw _VacuumOnOff+2,2,-S
 0854 1801AE050B        movw _VacuumOnOff,2,-S
 0859 1800AE0000        movw #0,2,-S
 085E 1800AE4000        movw #16384,2,-S
 0863 160000            jsr cmpf4
 0866 2724              beq L157
 0868 FC0000            ldd _TC0_RCVD_Data
 086B 8400              anda #0
 086D C480              andb #-128
 086F 8C0000            cpd #0
 0872 271E              beq L155
 0874 FC0000            ldd _TC0_RCVD_Data
 0877 8400              anda #0
 0879 C440              andb #64
 087B 8C0000            cpd #0
 087E 2712              beq L155
 0880 FC0000            ldd _TC0_RCVD_Data
 0883 8400              anda #0
 0885 C420              andb #32
 0887 8C0000            cpd #0
 088A 2706              beq L155
 088C           L157:
 088C                   .dbline 1696
 088C           ;                   PORTB |= 0x40;
 088C 1C000140          bset 0x1,#64
 0890 2004              bra L156
 0892           L155:
 0892                   .dbline 1698
 0892           ;               else
 0892           ;                   PORTB &= ~0x40;
 0892 1D000140          bclr 0x1,#64
 0896           L156:
 0896                   .dbline 1700
 0896           ; 
 0896           ;               if ( SealsOnOff.value==2 )
 0896 1801AE052F        movw _SealsOnOff+2,2,-S
 089B 1801AE052D        movw _SealsOnOff,2,-S
 08A0 1800AE0000        movw #0,2,-S
 08A5 1800AE4000        movw #16384,2,-S
 08AA 160000            jsr cmpf4
 08AD 18260066          lbne L158
 08B1                   .dbline 1701
 08B1           ;               {
 08B1                   .dbline 1702
 08B1           ;             if ( !(PORTB & 0x20) )
 08B1 F60001            ldab 0x1
 08B4 C520              bitb #32
 08B6 182600BF          lbne L159
 08BA                   .dbline 1703
 08BA           ;                       { 
 08BA                   .dbline 1705
 08BA           ;               //machine size enables/disables outboard seal controlled by compressor pack
 08BA           ;                 if ( MachineSize.value==1 || MachineSize.value==2 )
 08BA 1801AE0395        movw _MachineSize+2,2,-S
 08BF 1801AE0393        movw _MachineSize,2,-S
 08C4 1800AE0000        movw #0,2,-S
 08C9 1800AE3F80        movw #16256,2,-S
 08CE 160000            jsr cmpf4
 08D1 2719              beq L164
 08D3 1801AE0395        movw _MachineSize+2,2,-S
 08D8 1801AE0393        movw _MachineSize,2,-S
 08DD 1800AE0000        movw #0,2,-S
 08E2 1800AE4000        movw #16384,2,-S
 08E7 160000            jsr cmpf4
 08EA 2623              bne L162
 08EC           L164:
 08EC                   .dbline 1706
 08EC           ;                 {
 08EC                   .dbline 1707
 08EC           ;                     gTxMsg.ID = 0x438;
 08EC 180304380142      movw #1080,_gTxMsg
 08F2                   .dbline 1708
 08F2           ;                     gTxMsg.LEN = 1; 
 08F2 180B010144        movb #1,_gTxMsg+2
 08F7                   .dbline 1709
 08F7           ;                     gTxMsg.BUF[0] = 1;
 08F7 180B010146        movb #1,_gTxMsg+4
 08FC                   .dbline 1710
 08FC           ;                     if (!MCOHW_PushMessage(&gTxMsg))
 08FC CC0142            ldd #_gTxMsg
 08FF 4A000000          xcall $_MCOHW_PushMessage
 0903 87                clra
 0904 C100              cmpb #0
 0906 2607              bne L167
 0908                   .dbline 1711
 0908           ;                     {
 0908                   .dbline 1713
 0908           ;                         // failed to transmit
 0908           ;                         MCOUSER_FatalError(0x8801);
 0908 CC8801            ldd #34817
 090B 4A000000          xcall $_MCOUSER_FatalError
 090F                   .dbline 1714
 090F           ;                     }
 090F           L167:
 090F                   .dbline 1716
 090F           ;                     //! Transmit this without using the TPDO
 090F           ;                   }
 090F           L162:
 090F                   .dbline 1717
 090F           ;                       PORTB |= 0x20;
 090F 1C000120          bset 0x1,#32
 0913                   .dbline 1718
 0913           ;                       }
 0913                   .dbline 1719
 0913           ;               }
 0913 18200062          lbra L159
 0917           L158:
 0917                   .dbline 1721
 0917           ;               else
 0917           ;               {
 0917                   .dbline 1722
 0917           ;             if ( PORTB & 0x20 )
 0917 1F00012002        brclr 0x1,#32,X17
 091C 2004              bra X18
 091E 18200057  X17: lbra L169
 0922           X18:
 0922                   .dbline 1723
 0922           ;                       { 
 0922                   .dbline 1725
 0922           ;               //machine size enables/disables outboard seal controlled by compressor pack
 0922           ;                 if ( MachineSize.value==1 || MachineSize.value==2 )
 0922 1801AE0395        movw _MachineSize+2,2,-S
 0927 1801AE0393        movw _MachineSize,2,-S
 092C 1800AE0000        movw #0,2,-S
 0931 1800AE3F80        movw #16256,2,-S
 0936 160000            jsr cmpf4
 0939 2719              beq L173
 093B 1801AE0395        movw _MachineSize+2,2,-S
 0940 1801AE0393        movw _MachineSize,2,-S
 0945 1800AE0000        movw #0,2,-S
 094A 1800AE4000        movw #16384,2,-S
 094F 160000            jsr cmpf4
 0952 2621              bne L171
 0954           L173:
 0954                   .dbline 1726
 0954           ;                 {
 0954                   .dbline 1727
 0954           ;                           gTxMsg.ID = 0x438;
 0954 180304380142      movw #1080,_gTxMsg
 095A                   .dbline 1728
 095A           ;                     gTxMsg.LEN = 1; 
 095A 180B010144        movb #1,_gTxMsg+2
 095F                   .dbline 1729
 095F           ;                     gTxMsg.BUF[0] = 0;
 095F 790146            clr _gTxMsg+4
 0962                   .dbline 1730
 0962           ;                     if (!MCOHW_PushMessage(&gTxMsg))
 0962 CC0142            ldd #_gTxMsg
 0965 4A000000          xcall $_MCOHW_PushMessage
 0969 87                clra
 096A C100              cmpb #0
 096C 2607              bne L176
 096E                   .dbline 1731
 096E           ;                     {
 096E                   .dbline 1733
 096E           ;                         // failed to transmit
 096E           ;                         MCOUSER_FatalError(0x8801);
 096E CC8801            ldd #34817
 0971 4A000000          xcall $_MCOUSER_FatalError
 0975                   .dbline 1734
 0975           ;                     }
 0975           L176:
 0975                   .dbline 1736
 0975           ;                     //! Transmit this without using the TPDO
 0975           ;                   }
 0975           L171:
 0975                   .dbline 1737
 0975           ;                       PORTB &= ~0x20;
 0975 1D000120          bclr 0x1,#32
 0979                   .dbline 1738
 0979           ;                       }
 0979           L169:
 0979                   .dbline 1739
 0979           ;               }
 0979           L159:
 0979                   .dbline 1741
 0979           ;         
 0979           ;         if ( StoreFlag && State == FinishState)
 0979 F60000            ldab _StoreFlag
 097C C100              cmpb #0
 097E 270E              beq L178
 0980 F6001C            ldab _State
 0983 C123              cmpb #35
 0985 2607              bne L178
 0987                   .dbline 1742
 0987           ;         {
 0987                   .dbline 1743
 0987           ;             StoreFlag = 0;
 0987 790000            clr _StoreFlag
 098A                   .dbline 1744
 098A           ;             Save_Variables();
 098A 4A02B1B1          xcall $_Save_Variables
 098E                   .dbline 1745
 098E           ;         }
 098E           L178:
 098E                   .dbline 1747
 098E           ;   
 098E           ;         if ( MenuStackc[StackPointer].Index[0] == 0 &&
 098E F605B1            ldab _StackPointer
 0991 87                clra
 0992 B746              tfr D,Y
 0994 CC0006            ldd #6
 0997 13                emul
 0998 6C8A              std 10,S
 099A CD0593            ldy #_MenuStackc
 099D 6D88              sty 8,S
 099F E388              addd 8,S
 09A1 B746              tfr D,Y
 09A3 E640              ldab 0,Y
 09A5 C100              cmpb #0
 09A7 182600B0          lbne L180
 09AB EC8A              ldd 10,S
 09AD CD0594            ldy #_MenuStackc+1
 09B0 6D88              sty 8,S
 09B2 E388              addd 8,S
 09B4 B746              tfr D,Y
 09B6 E640              ldab 0,Y
 09B8 C100              cmpb #0
 09BA 1826009D          lbne L180
 09BE EC8A              ldd 10,S
 09C0 CD0595            ldy #_MenuStackc+2
 09C3 6D88              sty 8,S
 09C5 E388              addd 8,S
 09C7 B746              tfr D,Y
 09C9 E640              ldab 0,Y
 09CB C100              cmpb #0
 09CD 1826008A          lbne L180
 09D1 EC8A              ldd 10,S
 09D3 CD0596            ldy #_MenuStackc+3
 09D6 6D88              sty 8,S
 09D8 E388              addd 8,S
 09DA B746              tfr D,Y
 09DC E640              ldab 0,Y
 09DE C104              cmpb #4
 09E0 18260077          lbne L180
 09E4 FC014E            ldd _cam_add
 09E7 8400              anda #0
 09E9 C4FF              andb #-1
 09EB B746              tfr D,Y
 09ED F60012            ldab _gProcImg+18
 09F0 87                clra
 09F1 B745              tfr D,X
 09F3 6D88              sty 8,S
 09F5 AE88              cpx 8,S
 09F7 2614              bne L187
 09F9 FC014E            ldd _cam_add
 09FC B701              tfr A,B
 09FE 87                clra
 09FF B746              tfr D,Y
 0A01 F60013            ldab _gProcImg+19
 0A04 87                clra
 0A05 B745              tfr D,X
 0A07 6D88              sty 8,S
 0A09 AE88              cpx 8,S
 0A0B 274E              beq L180
 0A0D           L187:
 0A0D                   .dbline 1754
 0A0D           ;              MenuStackc[StackPointer].Index[1] == 0 &&
 0A0D           ;              MenuStackc[StackPointer].Index[2] == 0 &&
 0A0D           ;              MenuStackc[StackPointer].Index[3] == 4 &&
 0A0D           ;              ( gProcImg[OUT_digi_4] != ( cam_add & 0x00FF ) ||
 0A0D           ;              gProcImg[OUT_digi_5] != cam_add>>8 ) ) 
 0A0D           ;                        
 0A0D           ;         {
 0A0D                   .dbline 1755
 0A0D           ;             if ( !CamAddressXmitd )
 0A0D F6012D            ldab _CamAddressXmitd
 0A10 C100              cmpb #0
 0A12 2640              bne L188
 0A14                   .dbline 1756
 0A14           ;                       {
 0A14                   .dbline 1757
 0A14           ;                       gProcImg[OUT_digi_4] = cam_add & 0x00FF;
 0A14 FC014E            ldd _cam_add
 0A17 8400              anda #0
 0A19 C4FF              andb #-1
 0A1B 7B0012            stab _gProcImg+18
 0A1E                   .dbline 1758
 0A1E           ;                 gProcImg[OUT_digi_5] = cam_add>>8;                    
 0A1E FC014E            ldd _cam_add
 0A21 B701              tfr A,B
 0A23 87                clra
 0A24 7B0013            stab _gProcImg+19
 0A27                   .dbline 1760
 0A27           ;                 
 0A27           ;                 gTxMsg.ID = 0x421;
 0A27 180304210142      movw #1057,_gTxMsg
 0A2D                   .dbline 1761
 0A2D           ;                 gTxMsg.LEN = 2; 
 0A2D 180B020144        movb #2,_gTxMsg+2
 0A32                   .dbline 1762
 0A32           ;                 gTxMsg.BUF[0] = cam_add;
 0A32 F6014F            ldab _cam_add+1
 0A35 7B0146            stab _gTxMsg+4
 0A38                   .dbline 1763
 0A38           ;                 gTxMsg.BUF[1] = cam_add >> 8;      
 0A38 FC014E            ldd _cam_add
 0A3B B701              tfr A,B
 0A3D 87                clra
 0A3E 7B0147            stab _gTxMsg+4+1
 0A41                   .dbline 1764
 0A41           ;                 if (!MCOHW_PushMessage(&gTxMsg))
 0A41 CC0142            ldd #_gTxMsg
 0A44 4A000000          xcall $_MCOHW_PushMessage
 0A48 87                clra
 0A49 C100              cmpb #0
 0A4B 2607              bne L196
 0A4D                   .dbline 1765
 0A4D           ;                 {
 0A4D                   .dbline 1767
 0A4D           ;                 // failed to transmit
 0A4D           ;                 MCOUSER_FatalError(0x8801);
 0A4D CC8801            ldd #34817
 0A50 4A000000          xcall $_MCOUSER_FatalError
 0A54                   .dbline 1768
 0A54           ;                 }
 0A54           L196:
 0A54                   .dbline 1770
 0A54           ;                 //! Transmit this without using the TPDO
 0A54           ;                       }
 0A54           L188:
 0A54                   .dbline 1771
 0A54           ;                   CamAddressXmitd = 1;
 0A54 180B01012D        movb #1,_CamAddressXmitd
 0A59                   .dbline 1773
 0A59           ;             
 0A59           ;         }
 0A59 2003              bra L181
 0A5B           L180:
 0A5B                   .dbline 1775
 0A5B           ;               else
 0A5B           ;               {
 0A5B                   .dbline 1776
 0A5B           ;                   CamAddressXmitd = 0;
 0A5B 79012D            clr _CamAddressXmitd
 0A5E                   .dbline 1777
 0A5E           ;               }
 0A5E           L181:
 0A5E                   .dbline 1779
 0A5E           ;               
 0A5E           ;               if (State == FinishState)
 0A5E F6001C            ldab _State
 0A61 C123              cmpb #35
 0A63 2605              bne L198
 0A65                   .dbline 1780
 0A65           ;                   InProcess = 0;
 0A65 790000            clr _InProcess
 0A68 2005              bra L199
 0A6A           L198:
 0A6A                   .dbline 1782
 0A6A           ;               else
 0A6A           ;                   InProcess = 1;
 0A6A 180B010000        movb #1,_InProcess
 0A6F           L199:
 0A6F                   .dbline 1784
 0A6F           ;                       
 0A6F           ;               CompressorMain ();
 0A6F 4A1F0505          xcall $_CompressorMain
 0A73                   .dbline 1785
 0A73           ;       CameraMain ();
 0A73 4A224545          xcall $_CameraMain
 0A77                   .dbline 1788
 0A77           ;               
 0A77           ;            
 0A77           ;         if ( gProcImg[OUT_digi_14] )//&& !strcmp(MachineSize," 8-10") )
 0A77 F6001C            ldab _gProcImg+28
 0A7A C100              cmpb #0
 0A7C 2716              beq L200
 0A7E                   .dbline 1789
 0A7E           ;         {
 0A7E                   .dbline 1790
 0A7E           ;                       Move_Position = gProcImg[OUT_digi_13];  
 0A7E F6001B            ldab _gProcImg+27
 0A81 87                clra
 0A82 B746              tfr D,Y
 0A84 7D0015            sty _Move_Position
 0A87                   .dbline 1791
 0A87           ;             Move_Speed = gProcImg[OUT_digi_13+1];
 0A87 F6001C            ldab _gProcImg+28
 0A8A 87                clra
 0A8B 7C0017            std _Move_Speed
 0A8E                   .dbline 1792
 0A8E           ;             gProcImg[OUT_digi_13] = 0;
 0A8E 79001B            clr _gProcImg+27
 0A91                   .dbline 1793
 0A91           ;             gProcImg[OUT_digi_13+1] = 0;
 0A91 79001C            clr _gProcImg+28
 0A94                   .dbline 1794
 0A94           ;         }             
 0A94           L200:
 0A94                   .dbline 1796
 0A94           ; 
 0A94           ;               LAMain ( Move_Position, Move_Speed);
 0A94 FD0017            ldy _Move_Speed
 0A97 6D80              sty 0,S
 0A99 FC0015            ldd _Move_Position
 0A9C 4A277474          xcall $_LAMain
 0AA0                   .dbline 1799
 0AA0           ; //    test ();
 0AA0           ; 
 0AA0           ;             if ( gProcImg[OUT_digi_0] & 0x02 )
 0AA0 1F000E0239        brclr _gProcImg+14,#2,L207
 0AA5                   .dbline 1800
 0AA5           ;             {
 0AA5                   .dbline 1802
 0AA5           ;                           //if ( State == FinishState && ( VSEL_PORT & CAM_ON ) )
 0AA5           ;                               if (State == FinishState && (ActCam4 == TrigCam4 && ActCam5 == TrigCam5))                                  //Trigger on Vacuum Camera
 0AA5 F6001C            ldab _State
 0AA8 C123              cmpb #35
 0AAA 2622              bne L210
 0AAC F6012C            ldab _ActCam4
 0AAF F104A3            cmpb _TrigCam4
 0AB2 261A              bne L210
 0AB4 F6012B            ldab _ActCam5
 0AB7 F104A4            cmpb _TrigCam5
 0ABA 2612              bne L210
 0ABC                   .dbline 1803
 0ABC           ;                               {                               
 0ABC                   .dbline 1804
 0ABC           ;                                   State = TrigState;
 0ABC 180B01001C        movb #1,_State
 0AC1                   .dbline 1805
 0AC1           ;                                       PressureMsgSent = 0;
 0AC1 79012E            clr _PressureMsgSent
 0AC4                   .dbline 1806
 0AC4           ;                                       Use_IN_digi_15|=(1<<0);
 0AC4 1C001E01          bset _Use_IN_digi_15,#1
 0AC8                   .dbline 1807
 0AC8           ;                                       gProcImg[IN_digi_15] = Use_IN_digi_15;
 0AC8 180C001E0009      movb _Use_IN_digi_15,_gProcImg+9
 0ACE                   .dbline 1808
 0ACE           ;                               }
 0ACE           L210:
 0ACE                   .dbline 1809
 0ACE           ;                               StateTime = 0;
 0ACE 180300000000      movw #0,_StateTime
 0AD4 180300000002      movw #0,_StateTime+2
 0ADA                   .dbline 1810
 0ADA           ;                 gProcImg[OUT_digi_0] &=  ~0x02;                               
 0ADA 1D000E02          bclr _gProcImg+14,#2
 0ADE                   .dbline 1811
 0ADE           ;             }                 
 0ADE           L207:
 0ADE                   .dbline 1815
 0ADE           ;               
 0ADE           ; 
 0ADE           ;                       //Cleaning routine, See State definitions for exact sequence!!!!!!
 0ADE           ;                       switch (State)
 0ADE F6001C            ldab _State
 0AE1 87                clra
 0AE2 6CF025            std 37,S
 0AE5 8C0001            cpd #1
 0AE8 182D1408          lblt L214
 0AEC EDF025            ldy 37,S
 0AEF 8D0023            cpy #35
 0AF2 2E14              bgt L551
 0AF4 CD02A7            ldy #L552
 0AF7 EEF025            ldx 37,S
 0AFA 09                dex
 0AFB B754              tfr X,D
 0AFD 59                lsld
 0AFE 6D88              sty 8,S
 0B00 E388              addd 8,S
 0B02 B746              tfr D,Y
 0B04 ED40              ldy 0,Y
 0B06 0540              jmp 0,Y
 0B08           X1:
 0B08                   .dbfile C:\Users\vbenton.crtsglobal\Desktop\temp\REV3~1.25\SOURCE~1\Subroutines.c
 0B08           L551:
 0B08 EDF025            ldy 37,S
 0B0B 8D0063            cpy #99
 0B0E 182712A3          lbeq L534
 0B12 182013DE          lbra L214
 0B16           L217:
 0B16                   .dbline 1818
 0B16           ;             {
 0B16           ;                               case TrigState:
 0B16           ;                                       if ( StateTime >= RTI_One_Sec * 0.5 ){
 0B16 1801AE0002        movw _StateTime+2,2,-S
 0B1B 1801AE0000        movw _StateTime,2,-S
 0B20 160000            jsr ulong2fp
 0B23 1800AE0000        movw #0,2,-S
 0B28 1800AE43F4        movw #17396,2,-S
 0B2D 160000            jsr cmpf4
 0B30 182D13C5          lblt L215
 0B34                   .dbline 1818
 0B34                   .dbline 1819
 0B34           ;                                               if ( Pressure.value <= (LowSetPoint.value - 9)  && 
 0B34 1801AE0551        movw _Pressure+2,2,-S
 0B39 1801AE054F        movw _Pressure,2,-S
 0B3E 1801AE0351        movw _LowSetPoint+2,2,-S
 0B43 1801AE034F        movw _LowSetPoint,2,-S
 0B48 1800AE0000        movw #0,2,-S
 0B4D 1800AE4110        movw #16656,2,-S
 0B52 160000            jsr subf4
 0B55 160000            jsr cmpf4
 0B58 2E19              bgt L223
 0B5A 1801AE0395        movw _MachineSize+2,2,-S
 0B5F 1801AE0393        movw _MachineSize,2,-S
 0B64 1800AE0000        movw #0,2,-S
 0B69 1800AE4040        movw #16448,2,-S
 0B6E 160000            jsr cmpf4
 0B71 2720              beq L222
 0B73           L223:
 0B73 1801AE0395        movw _MachineSize+2,2,-S
 0B78 1801AE0393        movw _MachineSize,2,-S
 0B7D 1800AE0000        movw #0,2,-S
 0B82 1800AE4080        movw #16512,2,-S
 0B87 160000            jsr cmpf4
 0B8A 2613              bne L220
 0B8C F6012E            ldab _PressureMsgSent
 0B8F C100              cmpb #0
 0B91 260C              bne L220
 0B93           L222:
 0B93                   .dbline 1822
 0B93           ;                                                        MachineSize.value==3 || MachineSize.value==4   &&
 0B93           ;                                                       !PressureMsgSent)
 0B93           ;                                               {
 0B93                   .dbline 1823
 0B93           ;                                                       Display ( "Warn:AIR PRESSURE LOW" );
 0B93 CC03DF            ldd #L224
 0B96 4A000000          xcall $_Display
 0B9A                   .dbline 1824
 0B9A           ;                                                       PressureMsgSent = 1;
 0B9A 180B01012E        movb #1,_PressureMsgSent
 0B9F                   .dbline 1825
 0B9F           ;                                               }
 0B9F           L220:
 0B9F                   .dbline 1826
 0B9F           ;                                               if ( PressureMsgSent )
 0B9F F6012E            ldab _PressureMsgSent
 0BA2 C100              cmpb #0
 0BA4 273E              beq L225
 0BA6                   .dbline 1827
 0BA6           ;                                               {
 0BA6                   .dbline 1828
 0BA6           ;                                                       if ( StateTime >= RTI_One_Sec * 3 )
 0BA6 1801AE0002        movw _StateTime+2,2,-S
 0BAB 1801AE0000        movw _StateTime,2,-S
 0BB0 1800AE0B70        movw #2928,2,-S
 0BB5 1800AE0000        movw #0,2,-S
 0BBA 160000            jsr cmp4
 0BBD 18251338          lblo L215
 0BC1                   .dbline 1829
 0BC1           ;                                                       {
 0BC1                   .dbline 1831
 0BC1           ;                                                           //MCO_InitTPDO(4,0x318,100,100,5,IN_digi_3); 
 0BC1           ;                                                               Move_Speed = LASpeed.value;
 0BC1 1801AE00ED        movw _LASpeed+2,2,-S
 0BC6 1801AE00EB        movw _LASpeed,2,-S
 0BCB 160000            jsr fp2int
 0BCE 7C0017            std _Move_Speed
 0BD1                   .dbline 1832
 0BD1           ;                                                               Move_Position = 0; 
 0BD1 180300000015      movw #0,_Move_Position
 0BD7                   .dbline 1833
 0BD7           ;                                                               LA_Moving = LA_Moved = 0;
 0BD7 790019            clr _LA_Moved
 0BDA 790014            clr _LA_Moving
 0BDD                   .dbline 1834
 0BDD           ;                                                               State++;
 0BDD 72001C            inc _State
 0BE0                   .dbline 1835
 0BE0           ;                                                       }
 0BE0                   .dbline 1836
 0BE0           ;                                               }
 0BE0 18201315          lbra L215
 0BE4           L225:
 0BE4                   .dbline 1838
 0BE4           ;                                               else
 0BE4           ;                                               {
 0BE4                   .dbline 1840
 0BE4           ;                                                       //MCO_InitTPDO(4,0x318,100,100,5,IN_digi_3); 
 0BE4           ;                                                       Move_Speed = LASpeed.value;
 0BE4 1801AE00ED        movw _LASpeed+2,2,-S
 0BE9 1801AE00EB        movw _LASpeed,2,-S
 0BEE 160000            jsr fp2int
 0BF1 7C0017            std _Move_Speed
 0BF4                   .dbline 1841
 0BF4           ;                                                       Move_Position = 0; 
 0BF4 180300000015      movw #0,_Move_Position
 0BFA                   .dbline 1842
 0BFA           ;                                                       LA_Moving = LA_Moved = 0;
 0BFA 790019            clr _LA_Moved
 0BFD 790014            clr _LA_Moving
 0C00                   .dbline 1843
 0C00           ;                                                       State++;
 0C00 72001C            inc _State
 0C03                   .dbline 1844
 0C03           ;                                               }
 0C03                   .dbline 1845
 0C03           ;                                       }
 0C03                   .dbline 1846
 0C03           ;                               break;
 0C03 182012F2          lbra L215
 0C07           L229:
 0C07                   .dbline 1850
 0C07           ;                               
 0C07           ;                               case TrigRetractLA:
 0C07           ; 
 0C07           ;                                       if(start_sequence==-1)//wait until home found
 0C07 F6000D            ldab _start_sequence
 0C0A C1FF              cmpb #65535
 0C0C 182612E9          lbne L215
 0C10                   .dbline 1851
 0C10           ;                                       {
 0C10                   .dbline 1852
 0C10           ;                                       if ( (LA_Moving && LA_Moved) || StateTime > RTI_One_Sec) //Wait until moving, or if already home, wait 1 second
 0C10 F60014            ldab _LA_Moving
 0C13 C100              cmpb #0
 0C15 2707              beq L235
 0C17 F60019            ldab _LA_Moved
 0C1A C100              cmpb #0
 0C1C 261B              bne L234
 0C1E           L235:
 0C1E 1801AE0002        movw _StateTime+2,2,-S
 0C23 1801AE0000        movw _StateTime,2,-S
 0C28 1800AE03D0        movw #976,2,-S
 0C2D 1800AE0000        movw #0,2,-S
 0C32 160000            jsr cmp4
 0C35 182312C0          lbls L215
 0C39           L234:
 0C39                   .dbline 1853
 0C39           ;                                       {
 0C39                   .dbline 1854
 0C39           ;                                           if (!LA_Moving) //Wait till not moving before continuing
 0C39 F60014            ldab _LA_Moving
 0C3C C100              cmpb #0
 0C3E 182612B7          lbne L215
 0C42                   .dbline 1855
 0C42           ;                                               {
 0C42                   .dbline 1856
 0C42           ;                                                   StateTime = 0;
 0C42 180300000000      movw #0,_StateTime
 0C48 180300000002      movw #0,_StateTime+2
 0C4E                   .dbline 1857
 0C4E           ;                                                               LineupTimer = 0;
 0C4E 180300000000      movw #0,_LineupTimer
 0C54 180300000002      movw #0,_LineupTimer+2
 0C5A                   .dbline 1858
 0C5A           ;                                               Display ( "Proc:Line Up" ); //do not call this function repeatedly or CAN will slow down (here and elsewhere)
 0C5A CC03D2            ldd #L238
 0C5D 4A000000          xcall $_Display
 0C61                   .dbline 1859
 0C61           ;                                                   State++;  
 0C61 72001C            inc _State
 0C64                   .dbline 1860
 0C64           ;                                               }
 0C64                   .dbline 1861
 0C64           ;                                       }
 0C64                   .dbline 1862
 0C64           ;                                       }                               
 0C64                   .dbline 1863
 0C64           ;                               break;
 0C64 18201291          lbra L215
 0C68           L239:
 0C68                   .dbline 1867
 0C68           ; 
 0C68           ;                               case TrigState2: 
 0C68           ; 
 0C68           ;                                       if(StateTime < RTI_One_Sec){
 0C68 1801AE0002        movw _StateTime+2,2,-S
 0C6D 1801AE0000        movw _StateTime,2,-S
 0C72 1800AE03D0        movw #976,2,-S
 0C77 1800AE0000        movw #0,2,-S
 0C7C 160000            jsr cmp4
 0C7F 2404              bhs L240
 0C81                   .dbline 1867
 0C81                   .dbline 1868
 0C81           ;                                               break;
 0C81 18201274          lbra L215
 0C85           L240:
 0C85                   .dbline 1872
 0C85           ;                                       }
 0C85           ; 
 0C85           ;                                       // If no movement is required, skip to the end state for this sequence.
 0C85           ;                                       if ( !LineUpDist.value ) {    
 0C85 1801AE010F        movw _LineUpDist+2,2,-S
 0C8A 1801AE010D        movw _LineUpDist,2,-S
 0C8F 1800AE0000        movw #0,2,-S
 0C94 1800AE0000        movw #0,2,-S
 0C99 160000            jsr cmpf4
 0C9C 2609              bne L242
 0C9E                   .dbline 1872
 0C9E                   .dbline 1873
 0C9E           ;                         State = StartSealState; 
 0C9E 180B07001C        movb #7,_State
 0CA3                   .dbline 1874
 0CA3           ;                                               break;
 0CA3 18201252          lbra L215
 0CA7           L242:
 0CA7                   .dbline 1878
 0CA7           ;                     }
 0CA7           ;                     
 0CA7           ;                                       // --- Configure Movement Parameters ---
 0CA7           ;                                   if ( LineUpClnVac.value==1 ) { // Negative Direction
 0CA7 1801AE0197        movw _LineUpClnVac+2,2,-S
 0CAC 1801AE0195        movw _LineUpClnVac,2,-S
 0CB1 1800AE0000        movw #0,2,-S
 0CB6 1800AE3F80        movw #16256,2,-S
 0CBB 160000            jsr cmpf4
 0CBE 18260077          lbne L244
 0CC2                   .dbline 1878
 0CC2                   .dbline 1879
 0CC2           ;                                               int travel_dist = (int)((LineUpDist.value + 0.001) * -10);
 0CC2 1800AE0000        movw #0,2,-S
 0CC7 1800AEC120        movw #49440,2,-S
 0CCC 1801AE010F        movw _LineUpDist+2,2,-S
 0CD1 1801AE010D        movw _LineUpDist,2,-S
 0CD6 1800AE126F        movw #4719,2,-S
 0CDB 1800AE3A83        movw #14979,2,-S
 0CE0 160000            jsr addf4
 0CE3 160000            jsr mulf4
 0CE6 160000            jsr fp2int
 0CE9 B746              tfr D,Y
 0CEB 6DF023            sty 35,S
 0CEE                   .dbline 1880
 0CEE           ;                                               int lineup_speed = (int)(LineupSpeed.value * 120);
 0CEE 1800AE0000        movw #0,2,-S
 0CF3 1800AE42F0        movw #17136,2,-S
 0CF8 1801AE0131        movw _LineupSpeed+2,2,-S
 0CFD 1801AE012F        movw _LineupSpeed,2,-S
 0D02 160000            jsr mulf4
 0D05 160000            jsr fp2int
 0D08 6CF021            std 33,S
 0D0B                   .dbline 1882
 0D0B           ; 
 0D0B           ;                                               gProcImg[IN_digi_3] = travel_dist;
 0D0B E6F024            ldab 36,S
 0D0E 7B0003            stab _gProcImg+3
 0D11                   .dbline 1883
 0D11           ;                                               gProcImg[IN_digi_4] = travel_dist >> 8;
 0D11 ECF023            ldd 35,S
 0D14 B701              tfr A,B
 0D16 87                clra
 0D17 D7                tstb
 0D18 2C01              bge X2
 0D1A 41                coma
 0D1B           X2:
 0D1B 7B0004            stab _gProcImg+4
 0D1E                   .dbline 1885
 0D1E           ;                                               
 0D1E           ;                                       gProcImg[IN_digi_6] = ~lineup_speed;
 0D1E ECF021            ldd 33,S
 0D21 41                coma
 0D22 51                comb
 0D23 7B0006            stab _gProcImg+6
 0D26                   .dbline 1886
 0D26           ;                                       gProcImg[IN_digi_7] = ~lineup_speed >> 8;
 0D26 ECF021            ldd 33,S
 0D29 41                coma
 0D2A 51                comb
 0D2B B701              tfr A,B
 0D2D 87                clra
 0D2E D7                tstb
 0D2F 2C01              bge X3
 0D31 41                coma
 0D32           X3:
 0D32 7B0007            stab _gProcImg+7
 0D35                   .dbline 1887
 0D35           ;                                       } else { // Positive Direction
 0D35 1820006F          lbra L245
 0D39           L244:
 0D39                   .dbline 1887
 0D39                   .dbline 1888
 0D39           ;                                               int travel_dist = (int)((LineUpDist.value + 0.001) * 10);
 0D39 1800AE0000        movw #0,2,-S
 0D3E 1800AE4120        movw #16672,2,-S
 0D43 1801AE010F        movw _LineUpDist+2,2,-S
 0D48 1801AE010D        movw _LineUpDist,2,-S
 0D4D 1800AE126F        movw #4719,2,-S
 0D52 1800AE3A83        movw #14979,2,-S
 0D57 160000            jsr addf4
 0D5A 160000            jsr mulf4
 0D5D 160000            jsr fp2int
 0D60 B746              tfr D,Y
 0D62 6DF023            sty 35,S
 0D65                   .dbline 1889
 0D65           ;                                               int lineup_speed = (int)(LineupSpeed.value * 120);
 0D65 1800AE0000        movw #0,2,-S
 0D6A 1800AE42F0        movw #17136,2,-S
 0D6F 1801AE0131        movw _LineupSpeed+2,2,-S
 0D74 1801AE012F        movw _LineupSpeed,2,-S
 0D79 160000            jsr mulf4
 0D7C 160000            jsr fp2int
 0D7F 6CF021            std 33,S
 0D82                   .dbline 1891
 0D82           ; 
 0D82           ;                                               gProcImg[IN_digi_3] = travel_dist;
 0D82 E6F024            ldab 36,S
 0D85 7B0003            stab _gProcImg+3
 0D88                   .dbline 1892
 0D88           ;                                       gProcImg[IN_digi_4] = travel_dist >> 8;
 0D88 ECF023            ldd 35,S
 0D8B B701              tfr A,B
 0D8D 87                clra
 0D8E D7                tstb
 0D8F 2C01              bge X4
 0D91 41                coma
 0D92           X4:
 0D92 7B0004            stab _gProcImg+4
 0D95                   .dbline 1894
 0D95           ;                                               
 0D95           ;                                       gProcImg[IN_digi_6] = lineup_speed;
 0D95 E6F022            ldab 34,S
 0D98 7B0006            stab _gProcImg+6
 0D9B                   .dbline 1895
 0D9B           ;                                       gProcImg[IN_digi_7] = lineup_speed >> 8;
 0D9B ECF021            ldd 33,S
 0D9E B701              tfr A,B
 0DA0 87                clra
 0DA1 D7                tstb
 0DA2 2C01              bge X5
 0DA4 41                coma
 0DA5           X5:
 0DA5 7B0007            stab _gProcImg+7
 0DA8                   .dbline 1896
 0DA8           ;                                       }
 0DA8           L245:
 0DA8                   .dbline 1897
 0DA8           ;                                       gProcImg[IN_digi_5] = 0x01; // Send Start Command
 0DA8 180B010005        movb #1,_gProcImg+5
 0DAD                   .dbline 1901
 0DAD           ; 
 0DAD           ;                     // --- Start Master Watchdog Timer ---
 0DAD           ;                                       // CRITICAL SAFETY CHECK: Prevent division by zero.
 0DAD           ;                                       if (LineupSpeed.value > 0) {
 0DAD 1801AE0131        movw _LineupSpeed+2,2,-S
 0DB2 1801AE012F        movw _LineupSpeed,2,-S
 0DB7 1800AE0000        movw #0,2,-S
 0DBC 1800AE0000        movw #0,2,-S
 0DC1 160000            jsr cmpf4
 0DC4 2F46              ble L255
 0DC6                   .dbline 1901
 0DC6                   .dbline 1902
 0DC6           ;                                               SequenceTimer = (LineUpDist.value / (6 * LineupSpeed.value)) * 1.4 + 5;
 0DC6 1800AE3333        movw #13107,2,-S
 0DCB 1800AE3FB3        movw #16307,2,-S
 0DD0 1801AE010F        movw _LineUpDist+2,2,-S
 0DD5 1801AE010D        movw _LineUpDist,2,-S
 0DDA 1800AE0000        movw #0,2,-S
 0DDF 1800AE40C0        movw #16576,2,-S
 0DE4 1801AE0131        movw _LineupSpeed+2,2,-S
 0DE9 1801AE012F        movw _LineupSpeed,2,-S
 0DEE 160000            jsr mulf4
 0DF1 160000            jsr divf4
 0DF4 160000            jsr mulf4
 0DF7 1800AE0000        movw #0,2,-S
 0DFC 1800AE40A0        movw #16544,2,-S
 0E01 160000            jsr addf4
 0E04 160000            jsr fp2int
 0E07 7C0000            std _SequenceTimer
 0E0A                   .dbline 1903
 0E0A           ;                                       } else {
 0E0A 2006              bra L256
 0E0C           L255:
 0E0C                   .dbline 1903
 0E0C                   .dbline 1905
 0E0C           ;                                               // If speed is zero, use a default, safe timeout.
 0E0C           ;                                               SequenceTimer = 5 * RTI_One_Sec; // Example: 5 seconds
 0E0C 180313100000      movw #4880,_SequenceTimer
 0E12                   .dbline 1906
 0E12           ;                                       }
 0E12           L256:
 0E12                   .dbline 1909
 0E12           ; 
 0E12           ;                                       // Failsafe: Ensure the timer always has a positive value.
 0E12           ;                                       if ( SequenceTimer <= 0 ) {
 0E12 FD0000            ldy _SequenceTimer
 0E15 8D0000            cpy #0
 0E18 2606              bne L257
 0E1A                   .dbline 1909
 0E1A                   .dbline 1910
 0E1A           ;                                               SequenceTimer = 1;
 0E1A 180300010000      movw #1,_SequenceTimer
 0E20                   .dbline 1911
 0E20           ;                                       }
 0E20           L257:
 0E20                   .dbline 1914
 0E20           ; 
 0E20           ;                                       // Immediately advance to the state that waits for start confirmation.
 0E20           ;                                       State++; // Advance to WaitingForLineUpConfirmation
 0E20 72001C            inc _State
 0E23                   .dbline 1915
 0E23           ;                               break;
 0E23 182010D2          lbra L215
 0E27           L259:
 0E27                   .dbline 1919
 0E27           ;                               
 0E27           ;                               case WaitingForMoving:
 0E27           ;                                   // STATE GOAL: Wait for CAN bus confirmation that movement has begun.
 0E27           ;                                       if ( gProcImg[OUT_digi_12] ) {
 0E27 F6001A            ldab _gProcImg+26
 0E2A C100              cmpb #0
 0E2C 182710C9          lbeq L215
 0E30                   .dbline 1919
 0E30                   .dbline 1920
 0E30           ;                                           State++; // Success: Move to LineUpTravelInProgress
 0E30 72001C            inc _State
 0E33                   .dbline 1921
 0E33           ;                                               StateTime = 0;
 0E33 180300000000      movw #0,_StateTime
 0E39 180300000002      movw #0,_StateTime+2
 0E3F                   .dbline 1922
 0E3F           ;                                       }
 0E3F                   .dbline 1924
 0E3F           ;                                       // If confirmation never arrives, master SequenceTimer will trigger ErrorState.
 0E3F           ;                               break;
 0E3F 182010B6          lbra L215
 0E43           L263:
 0E43                   .dbline 1928
 0E43           ;                               
 0E43           ;                               case LineUpInProgress:
 0E43           ;                                   // STATE GOAL: Monitor for the completion of the movement.
 0E43           ;                                       if ( !gProcImg[OUT_digi_12] ) {
 0E43 F6001A            ldab _gProcImg+26
 0E46 C100              cmpb #0
 0E48 182610AD          lbne L215
 0E4C                   .dbline 1928
 0E4C                   .dbline 1930
 0E4C           ;                                           // Success: movement completed. Advance to the cleanup state.
 0E4C           ;                                           State++; // Advance to LineUpTravelComplete
 0E4C 72001C            inc _State
 0E4F                   .dbline 1931
 0E4F           ;                                               StateTime = 0; // Reset timer for the next state's logic
 0E4F 180300000000      movw #0,_StateTime
 0E55 180300000002      movw #0,_StateTime+2
 0E5B                   .dbline 1932
 0E5B           ;                                       }
 0E5B                   .dbline 1934
 0E5B           ;                                       // If movement stalls, master SequenceTimer will trigger ErrorState.
 0E5B           ;                               break;
 0E5B 1820109A          lbra L215
 0E5F           L267:
 0E5F                   .dbline 1940
 0E5F           ;                               
 0E5F           ;                               case LineUpComplete:
 0E5F           ;                                   // STATE GOAL: Display message, perform timed cleanup, and transition.
 0E5F           ;                                       
 0E5F           ;                                       // This block runs only ONCE upon entering this state.
 0E5F           ;                                       if (StateTime < RTI_One_Sec) {
 0E5F 1801AE0002        movw _StateTime+2,2,-S
 0E64 1801AE0000        movw _StateTime,2,-S
 0E69 1800AE03D0        movw #976,2,-S
 0E6E 1800AE0000        movw #0,2,-S
 0E73 160000            jsr cmp4
 0E76 1824008A          lbhs L268
 0E7A                   .dbline 1940
 0E7A                   .dbline 1941
 0E7A           ;                                               SequenceTimer = 0; // Disable the master watchdog timer.
 0E7A 180300000000      movw #0,_SequenceTimer
 0E80                   .dbline 1943
 0E80           ;                                               
 0E80           ;                                               LineupTimeCapture = LineupTimer; // Capture the final time.
 0E80 180400000000      movw _LineupTimer,_LineupTimeCapture
 0E86 180400020002      movw _LineupTimer+2,_LineupTimeCapture+2
 0E8C                   .dbline 1946
 0E8C           ;                                               
 0E8C           ;                                               // Display message if enabled
 0E8C           ;                                               if (LineupTimeOnOff.value == 2) {
 0E8C 1801AE01B9        movw _LineupTimeOnOff+2,2,-S
 0E91 1801AE01B7        movw _LineupTimeOnOff,2,-S
 0E96 1800AE0000        movw #0,2,-S
 0E9B 1800AE4000        movw #16384,2,-S
 0EA0 160000            jsr cmpf4
 0EA3 2644              bne L270
 0EA5                   .dbline 1946
 0EA5                   .dbline 1947
 0EA5           ;                                           char LineupTimeMsg[] = "Proc:Lineup Time 000.0 "; // Use a different buffer name
 0EA5 CD028F            ldy #L272
 0EA8 1A8D              leax 13,S
 0EAA CC000C            ldd #12
 0EAD           X6:
 0EAD 18027131          movw 2,Y+,2,X+
 0EB1 0434F9            dbne D,X6
 0EB4                   .dbline 1948
 0EB4           ;                                               sprintf(LineupTimeMsg, "Proc:Lineup Time %3.1f", (float)LineupTimeCapture / RTI_One_Sec);
 0EB4 1801AE0002        movw _LineupTimeCapture+2,2,-S
 0EB9 1801AE0000        movw _LineupTimeCapture,2,-S
 0EBE 160000            jsr ulong2fp
 0EC1 1800AE0000        movw #0,2,-S
 0EC6 1800AE4474        movw #17524,2,-S
 0ECB 160000            jsr divf4
 0ECE 31                puly
 0ECF 6D86              sty 6,S
 0ED1 31                puly
 0ED2 6D86              sty 6,S
 0ED4 CD03BB            ldy #L273
 0ED7 6D82              sty 2,S
 0ED9 198D              leay 13,S
 0EDB 6D80              sty 0,S
 0EDD 4A000000          xcall $_sprintf
 0EE1                   .dbline 1949
 0EE1           ;                                               Display(LineupTimeMsg);
 0EE1 198D              leay 13,S
 0EE3 B764              tfr Y,D
 0EE5 4A000000          xcall $_Display
 0EE9                   .dbline 1950
 0EE9           ;                                       }
 0EE9           L270:
 0EE9                   .dbline 1952
 0EE9           ;                                       
 0EE9           ;                                               gProcImg[IN_digi_3] = 0;
 0EE9 790003            clr _gProcImg+3
 0EEC                   .dbline 1953
 0EEC           ;                                       gProcImg[IN_digi_4] = 0;
 0EEC 790004            clr _gProcImg+4
 0EEF                   .dbline 1954
 0EEF           ;                                       gProcImg[IN_digi_5] = 0;
 0EEF 790005            clr _gProcImg+5
 0EF2                   .dbline 1955
 0EF2           ;                                       gProcImg[IN_digi_6] = 0;
 0EF2 790006            clr _gProcImg+6
 0EF5                   .dbline 1956
 0EF5           ;                                       gProcImg[IN_digi_7] = 0;
 0EF5 790007            clr _gProcImg+7
 0EF8                   .dbline 1958
 0EF8           ; 
 0EF8           ;                                               StateTime = RTI_One_Sec; // Advance StateTime to 1 second, so this executes only once.
 0EF8 180300000000      movw #0,_StateTime
 0EFE 180303D00002      movw #976,_StateTime+2
 0F04                   .dbline 1959
 0F04           ;                                       }
 0F04           L268:
 0F04                   .dbline 1961
 0F04           ;                                       
 0F04           ;                                       if ( StateTime > 2 * RTI_One_Sec ) {
 0F04 1801AE0002        movw _StateTime+2,2,-S
 0F09 1801AE0000        movw _StateTime,2,-S
 0F0E 1800AE07A0        movw #1952,2,-S
 0F13 1800AE0000        movw #0,2,-S
 0F18 160000            jsr cmp4
 0F1B 18230FDA          lbls L215
 0F1F                   .dbline 1961
 0F1F                   .dbline 1963
 0F1F           ;                                               // After 1 second (Statetime was initially advanced to 1 second above), transition to the next state in the machine.
 0F1F           ;                                               State++;
 0F1F 72001C            inc _State
 0F22                   .dbline 1964
 0F22           ;                                       }
 0F22                   .dbline 1965
 0F22           ;                               break;
 0F22 18200FD3          lbra L215
 0F26           L281:
 0F26                   .dbline 1970
 0F26           ; 
 0F26           ;                               
 0F26           ;                           case StartSealState:
 0F26           ;                                   //MCO_InitTPDO(4,0x318,0,100,5,IN_digi_3);
 0F26           ;                           CStrks = CntrStrokes.value;
 0F26 1801AE0043        movw _CntrStrokes+2,2,-S
 0F2B 1801AE0041        movw _CntrStrokes,2,-S
 0F30 160000            jsr fp2int
 0F33 B746              tfr D,Y
 0F35 7D013E            sty _CStrks
 0F38                   .dbline 1971
 0F38           ;                               FStrks = FullStrokes.value;
 0F38 1801AE0065        movw _FullStrokes+2,2,-S
 0F3D 1801AE0063        movw _FullStrokes,2,-S
 0F42 160000            jsr fp2int
 0F45 B746              tfr D,Y
 0F47 7D013C            sty _FStrks
 0F4A                   .dbline 1972
 0F4A           ;                               CDist = CntrDist.value*10;
 0F4A 1800AE0000        movw #0,2,-S
 0F4F 1800AE4120        movw #16672,2,-S
 0F54 1801AE0087        movw _CntrDist+2,2,-S
 0F59 1801AE0085        movw _CntrDist,2,-S
 0F5E 160000            jsr mulf4
 0F61 160000            jsr fp2int
 0F64 B746              tfr D,Y
 0F66 7D013A            sty _CDist
 0F69                   .dbline 1973
 0F69           ;                               FDist = FullDist.value*10;
 0F69 1800AE0000        movw #0,2,-S
 0F6E 1800AE4120        movw #16672,2,-S
 0F73 1801AE00A9        movw _FullDist+2,2,-S
 0F78 1801AE00A7        movw _FullDist,2,-S
 0F7D 160000            jsr mulf4
 0F80 160000            jsr fp2int
 0F83 B746              tfr D,Y
 0F85 7D0138            sty _FDist
 0F88                   .dbline 1974
 0F88           ;                               Cntr = LACntr.value*10;
 0F88 1800AE0000        movw #0,2,-S
 0F8D 1800AE4120        movw #16672,2,-S
 0F92 1801AE00CB        movw _LACntr+2,2,-S
 0F97 1801AE00C9        movw _LACntr,2,-S
 0F9C 160000            jsr mulf4
 0F9F 160000            jsr fp2int
 0FA2 7C0136            std _Cntr
 0FA5                   .dbline 1975
 0FA5           ;                                       HdDirection = HdForward;
 0FA5 180B010133        movb #1,_HdDirection
 0FAA                   .dbline 1977
 0FAA           ;                                       
 0FAA           ;                               Display ( "Proc:Inflating Seals" );
 0FAA CC03A6            ldd #L282
 0FAD 4A000000          xcall $_Display
 0FB1                   .dbline 1979
 0FB1           ;                                                                               
 0FB1           ;                                       SealsOnOff.value = 2; 
 0FB1 18034000052D      movw #16384,_SealsOnOff
 0FB7 18030000052F      movw #0,_SealsOnOff+2
 0FBD                   .dbline 1980
 0FBD           ;                                       getstrval( &SealsOnOff );
 0FBD CC052D            ldd #_SealsOnOff
 0FC0 4A000000          xcall $_getstrval
 0FC4                   .dbline 1981
 0FC4           ;                                       strncpy(SealsOnOff.str_value," ON",SealsOnOff.len_str);
 0FC4 F6053E            ldab _SealsOnOff+17
 0FC7 B716              tfr B,Y
 0FC9 6D82              sty 2,S
 0FCB CD03A2            ldy #L284
 0FCE 6D80              sty 0,S
 0FD0 CC053F            ldd #_SealsOnOff+18
 0FD3 4A000000          xcall $_strncpy
 0FD7                   .dbline 1982
 0FD7           ;                                       getvalue(&SealsOnOff,0);
 0FD7 CD0000            ldy #0
 0FDA 6D80              sty 0,S
 0FDC CC052D            ldd #_SealsOnOff
 0FDF 4A000000          xcall $_getvalue
 0FE3 1B84              leas 4,S
 0FE5                   .dbline 1984
 0FE5           ;                                       
 0FE5           ;                                       StateTime = 0;
 0FE5 180300000000      movw #0,_StateTime
 0FEB 180300000002      movw #0,_StateTime+2
 0FF1                   .dbline 1985
 0FF1           ;                                       State++;
 0FF1 72001C            inc _State
 0FF4                   .dbline 1986
 0FF4           ;                               break;
 0FF4 18200F01          lbra L215
 0FF8           L286:
 0FF8                   .dbline 1989
 0FF8           ; 
 0FF8           ;                           case SealWaitState:
 0FF8           ;                                       LA_Moved = 0;
 0FF8 790019            clr _LA_Moved
 0FFB                   .dbline 1990
 0FFB           ;                                       if ( StateTime >= RTI_One_Sec * SealTime.value )
 0FFB 1801AE0002        movw _StateTime+2,2,-S
 1000 1801AE0000        movw _StateTime,2,-S
 1005 160000            jsr ulong2fp
 1008 1800AE0000        movw #0,2,-S
 100D 1800AE4474        movw #17524,2,-S
 1012 1801AE0153        movw _SealTime+2,2,-S
 1017 1801AE0151        movw _SealTime,2,-S
 101C 160000            jsr mulf4
 101F 160000            jsr cmpf4
 1022 182D0ED3          lblt L215
 1026                   .dbline 1991
 1026           ;                                       {
 1026                   .dbline 1992
 1026           ;                                       StateTime = 0;
 1026 180300000000      movw #0,_StateTime
 102C 180300000002      movw #0,_StateTime+2
 1032                   .dbline 1993
 1032           ;                                               State++;
 1032 72001C            inc _State
 1035                   .dbline 1995
 1035           ;                                               
 1035           ;                                       }
 1035                   .dbline 1996
 1035           ;                           break;
 1035 18200EC0          lbra L215
 1039           L289:
 1039                   .dbline 2001
 1039           ;                               
 1039           ;                               
 1039           ;                               case StartExtendState:
 1039           ;                               
 1039           ;                               Move_Speed = LASpeed.value;
 1039 1801AE00ED        movw _LASpeed+2,2,-S
 103E 1801AE00EB        movw _LASpeed,2,-S
 1043 160000            jsr fp2int
 1046 B746              tfr D,Y
 1048 7D0017            sty _Move_Speed
 104B                   .dbline 2002
 104B           ;                                       Move_Position = Cntr; //Move away from home
 104B 180401360015      movw _Cntr,_Move_Position
 1051                   .dbline 2003
 1051           ;                                       if ( (LA_Moving && LA_Moved) || StateTime > RTI_One_Sec)
 1051 F60014            ldab _LA_Moving
 1054 C100              cmpb #0
 1056 2707              beq L293
 1058 F60019            ldab _LA_Moved
 105B C100              cmpb #0
 105D 261B              bne L292
 105F           L293:
 105F 1801AE0002        movw _StateTime+2,2,-S
 1064 1801AE0000        movw _StateTime,2,-S
 1069 1800AE03D0        movw #976,2,-S
 106E 1800AE0000        movw #0,2,-S
 1073 160000            jsr cmp4
 1076 18230E7F          lbls L215
 107A           L292:
 107A                   .dbline 2004
 107A           ;                                           State++;  //Wait till moving
 107A 72001C            inc _State
 107D                   .dbline 2005
 107D           ;                               break;
 107D 18200E78          lbra L215
 1081           L294:
 1081                   .dbline 2009
 1081           ;                               
 1081           ;                       
 1081           ;                               case StartCleanState:
 1081           ;                                   if (!LA_Moving && LA_Moved)
 1081 F60014            ldab _LA_Moving
 1084 C100              cmpb #0
 1086 18260E6F          lbne L215
 108A F60019            ldab _LA_Moved
 108D C100              cmpb #0
 108F 18270E66          lbeq L215
 1093                   .dbline 2010
 1093           ;                                       {
 1093                   .dbline 2013
 1093           ;                         
 1093           ;                                               
 1093           ;                                               if ( TestModeOnOff.value==1 )
 1093 1801AE0175        movw _TestModeOnOff+2,2,-S
 1098 1801AE0173        movw _TestModeOnOff,2,-S
 109D 1800AE0000        movw #0,2,-S
 10A2 1800AE3F80        movw #16256,2,-S
 10A7 160000            jsr cmpf4
 10AA 1826007A          lbne L297
 10AE                   .dbline 2014
 10AE           ;                                               { 
 10AE                   .dbline 2015
 10AE           ;                                               if ( HdDirection == HdForward )
 10AE F60133            ldab _HdDirection
 10B1 C101              cmpb #1
 10B3 263D              bne L299
 10B5                   .dbline 2016
 10B5           ;                                               {
 10B5                   .dbline 2017
 10B5           ;                                                           Display ( "Proc:Cleaning" );                                                        
 10B5 CC0394            ldd #L301
 10B8 4A000000          xcall $_Display
 10BC                   .dbline 2018
 10BC           ;                                                       HeadCWOnOff.value = 2; 
 10BC 1803400004A5      movw #16384,_HeadCWOnOff
 10C2 1803000004A7      movw #0,_HeadCWOnOff+2
 10C8                   .dbline 2019
 10C8           ;                                                               getstrval( &HeadCWOnOff );
 10C8 CC04A5            ldd #_HeadCWOnOff
 10CB 4A000000          xcall $_getstrval
 10CF                   .dbline 2020
 10CF           ;                                                               strncpy(HeadCWOnOff.str_value," ON",HeadCWOnOff.len_str);
 10CF F604B6            ldab _HeadCWOnOff+17
 10D2 B716              tfr B,Y
 10D4 6D82              sty 2,S
 10D6 CD03A2            ldy #L284
 10D9 6D80              sty 0,S
 10DB CC04B7            ldd #_HeadCWOnOff+18
 10DE 4A000000          xcall $_strncpy
 10E2                   .dbline 2021
 10E2           ;                                                               getvalue(&HeadCWOnOff,0);
 10E2 CD0000            ldy #0
 10E5 6D80              sty 0,S
 10E7 CC04A5            ldd #_HeadCWOnOff
 10EA 4A000000          xcall $_getvalue
 10EE 1B84              leas 4,S
 10F0                   .dbline 2022
 10F0           ;                                                       }
 10F0 2044              bra L298
 10F2           L299:
 10F2                   .dbline 2024
 10F2           ;                                               else
 10F2           ;                                               {                                                       
 10F2                   .dbline 2025
 10F2           ;                                                       HeadCCWOnOff.value = 2; 
 10F2 1803400004C7      movw #16384,_HeadCCWOnOff
 10F8 1803000004C9      movw #0,_HeadCCWOnOff+2
 10FE                   .dbline 2026
 10FE           ;                                                               getstrval( &HeadCCWOnOff );
 10FE CC04C7            ldd #_HeadCCWOnOff
 1101 4A000000          xcall $_getstrval
 1105                   .dbline 2027
 1105           ;                                                               strncpy(HeadCCWOnOff.str_value," ON",HeadCCWOnOff.len_str);
 1105 F604D8            ldab _HeadCCWOnOff+17
 1108 B716              tfr B,Y
 110A 6D82              sty 2,S
 110C CD03A2            ldy #L284
 110F 6D80              sty 0,S
 1111 CC04D9            ldd #_HeadCCWOnOff+18
 1114 4A000000          xcall $_strncpy
 1118                   .dbline 2028
 1118           ;                                                               getvalue(&HeadCCWOnOff,0);
 1118 CD0000            ldy #0
 111B 6D80              sty 0,S
 111D CC04C7            ldd #_HeadCCWOnOff
 1120 4A000000          xcall $_getvalue
 1124 1B84              leas 4,S
 1126                   .dbline 2029
 1126           ;                                                       }
 1126                   .dbline 2030
 1126           ;                                               }
 1126 200E              bra L298
 1128           L297:
 1128                   .dbline 2031
 1128           ;                               else if ( HdDirection == HdForward )
 1128 F60133            ldab _HdDirection
 112B C101              cmpb #1
 112D 2607              bne L306
 112F                   .dbline 2032
 112F           ;                             Display ( "Warn:TEST MODE" );
 112F CC0385            ldd #L308
 1132 4A000000          xcall $_Display
 1136           L306:
 1136           L298:
 1136                   .dbline 2033
 1136           ;                         StateTime = 0;
 1136 180300000000      movw #0,_StateTime
 113C 180300000002      movw #0,_StateTime+2
 1142                   .dbline 2034
 1142           ;                               State++;
 1142 72001C            inc _State
 1145                   .dbline 2035
 1145           ;                                       }
 1145                   .dbline 2036
 1145           ;                               break;
 1145 18200DB0          lbra L215
 1149           L309:
 1149                   .dbline 2039
 1149           ; 
 1149           ;                               case RampUpState:
 1149           ;                                   if ( StateTime >= RTI_One_Sec * 3 )
 1149 1801AE0002        movw _StateTime+2,2,-S
 114E 1801AE0000        movw _StateTime,2,-S
 1153 1800AE0B70        movw #2928,2,-S
 1158 1800AE0000        movw #0,2,-S
 115D 160000            jsr cmp4
 1160 18250D95          lblo L215
 1164                   .dbline 2040
 1164           ;                                       {
 1164                   .dbline 2041
 1164           ;                                               if ( TestModeOnOff.value==1 )
 1164 1801AE0175        movw _TestModeOnOff+2,2,-S
 1169 1801AE0173        movw _TestModeOnOff,2,-S
 116E 1800AE0000        movw #0,2,-S
 1173 1800AE3F80        movw #16256,2,-S
 1178 160000            jsr cmpf4
 117B 2634              bne L312
 117D                   .dbline 2042
 117D           ;                                               {                                               
 117D                   .dbline 2043
 117D           ;                                                       BlowersOnOff.value = 2; 
 117D 1803400004E9      movw #16384,_BlowersOnOff
 1183 1803000004EB      movw #0,_BlowersOnOff+2
 1189                   .dbline 2044
 1189           ;                                                       getstrval( &BlowersOnOff );
 1189 CC04E9            ldd #_BlowersOnOff
 118C 4A000000          xcall $_getstrval
 1190                   .dbline 2045
 1190           ;                                                       strncpy(BlowersOnOff.str_value," ON",BlowersOnOff.len_str);
 1190 F604FA            ldab _BlowersOnOff+17
 1193 B716              tfr B,Y
 1195 6D82              sty 2,S
 1197 CD03A2            ldy #L284
 119A 6D80              sty 0,S
 119C CC04FB            ldd #_BlowersOnOff+18
 119F 4A000000          xcall $_strncpy
 11A3                   .dbline 2046
 11A3           ;                                                       getvalue(&BlowersOnOff,0);
 11A3 CD0000            ldy #0
 11A6 6D80              sty 0,S
 11A8 CC04E9            ldd #_BlowersOnOff
 11AB 4A000000          xcall $_getvalue
 11AF 1B84              leas 4,S
 11B1                   .dbline 2047
 11B1           ;                                               }
 11B1           L312:
 11B1                   .dbline 2048
 11B1           ;                                           State++;
 11B1 72001C            inc _State
 11B4                   .dbline 2049
 11B4           ;                                       }
 11B4                   .dbline 2050
 11B4           ;                               break;
 11B4 18200D41          lbra L215
 11B8           L316:
 11B8                   .dbline 2053
 11B8           ; 
 11B8           ;                               case StartCenterCleanState:
 11B8           ;                           if ( CStrks )
 11B8 FD013E            ldy _CStrks
 11BB 8D0000            cpy #0
 11BE 2707              beq L317
 11C0                   .dbline 2054
 11C0           ;                               {
 11C0                   .dbline 2055
 11C0           ;                                           State++;
 11C0 72001C            inc _State
 11C3                   .dbline 2056
 11C3           ;                               }
 11C3 18200D32          lbra L215
 11C7           L317:
 11C7                   .dbline 2058
 11C7           ;                               else
 11C7           ;                               {
 11C7                   .dbline 2059
 11C7           ;                               StateTime = 0;
 11C7 180300000000      movw #0,_StateTime
 11CD 180300000002      movw #0,_StateTime+2
 11D3                   .dbline 2060
 11D3           ;                               State = StartFullCleanState;
 11D3 180B0E001C        movb #14,_State
 11D8                   .dbline 2061
 11D8           ;                               }
 11D8                   .dbline 2062
 11D8           ;                               break;
 11D8 18200D1D          lbra L215
 11DC           L319:
 11DC                   .dbline 2065
 11DC           ;                               
 11DC           ;                               case CenterCleanState:
 11DC           ;                                   if (!LA_Moving && LA_Moved)
 11DC F60014            ldab _LA_Moving
 11DF C100              cmpb #0
 11E1 18260D14          lbne L215
 11E5 F60019            ldab _LA_Moved
 11E8 C100              cmpb #0
 11EA 18270D0B          lbeq L215
 11EE                   .dbline 2066
 11EE           ;                                       {
 11EE                   .dbline 2067
 11EE           ;                                           if ( CStrks )
 11EE FD013E            ldy _CStrks
 11F1 8D0000            cpy #0
 11F4 1827006E          lbeq L322
 11F8                   .dbline 2068
 11F8           ;                                   {
 11F8                   .dbline 2070
 11F8           ;                                                   char tempstr[25];
 11F8           ;                                                       sprintf (tempstr,"Proc:Clean Center %d",(int)CntrStrokes.value - CStrks + 1);
 11F8 1801AE0043        movw _CntrStrokes+2,2,-S
 11FD 1801AE0041        movw _CntrStrokes,2,-S
 1202 160000            jsr fp2int
 1205 B3013E            subd _CStrks
 1208 B746              tfr D,Y
 120A 02                iny
 120B 6D84              sty 4,S
 120D CD0370            ldy #L324
 1210 6D82              sty 2,S
 1212 198C              leay 12,S
 1214 6D80              sty 0,S
 1216 4A000000          xcall $_sprintf
 121A                   .dbline 2071
 121A           ;                                                       Display ( tempstr );
 121A 198C              leay 12,S
 121C B764              tfr Y,D
 121E 4A000000          xcall $_Display
 1222                   .dbline 2072
 1222           ;                                                       if (CStrks & 1 ) Move_Position = Cntr + CDist/2;
 1222 FC013E            ldd _CStrks
 1225 8400              anda #0
 1227 C401              andb #1
 1229 8C0000            cpd #0
 122C 2716              beq L325
 122E                   .dbline 2072
 122E CE0002            ldx #2
 1231 FC013A            ldd _CDist
 1234 1815              idivs
 1236 B756              tfr X,Y
 1238 FC0136            ldd _Cntr
 123B 6D88              sty 8,S
 123D E388              addd 8,S
 123F 7C0015            std _Move_Position
 1242 2014              bra L326
 1244           L325:
 1244                   .dbline 2073
 1244           ;                                           else  Move_Position = Cntr - CDist/2 ;
 1244 CE0002            ldx #2
 1247 FC013A            ldd _CDist
 124A 1815              idivs
 124C B756              tfr X,Y
 124E FC0136            ldd _Cntr
 1251 6D88              sty 8,S
 1253 A388              subd 8,S
 1255 7C0015            std _Move_Position
 1258           L326:
 1258                   .dbline 2074
 1258           ;                                   CStrks--;
 1258 FD013E            ldy _CStrks
 125B 03                dey
 125C 7D013E            sty _CStrks
 125F                   .dbline 2075
 125F           ;                                                       LA_Moved=0;
 125F 790019            clr _LA_Moved
 1262                   .dbline 2076
 1262           ;                                               }
 1262 18200C93          lbra L215
 1266           L322:
 1266                   .dbline 2078
 1266           ;                                               else
 1266           ;                                               {
 1266                   .dbline 2079
 1266           ;                                                   StateTime = 0;
 1266 180300000000      movw #0,_StateTime
 126C 180300000002      movw #0,_StateTime+2
 1272                   .dbline 2080
 1272           ;                                                       State++;
 1272 72001C            inc _State
 1275                   .dbline 2081
 1275           ;                                               }
 1275                   .dbline 2082
 1275           ;                                       }
 1275                   .dbline 2083
 1275           ;                               break;
 1275 18200C80          lbra L215
 1279           L327:
 1279                   .dbline 2086
 1279           ;                               
 1279           ;                               case StartFullCleanState:
 1279           ;                           if ( FStrks )
 1279 FD013C            ldy _FStrks
 127C 8D0000            cpy #0
 127F 2707              beq L328
 1281                   .dbline 2087
 1281           ;                               {
 1281                   .dbline 2088
 1281           ;                                           State++;
 1281 72001C            inc _State
 1284                   .dbline 2089
 1284           ;                               }
 1284 18200C71          lbra L215
 1288           L328:
 1288                   .dbline 2091
 1288           ;                               else
 1288           ;                               {
 1288                   .dbline 2092
 1288           ;                               StateTime = 0;
 1288 180300000000      movw #0,_StateTime
 128E 180300000002      movw #0,_StateTime+2
 1294                   .dbline 2093
 1294           ;                               State = StopState;
 1294 180B22001C        movb #34,_State
 1299                   .dbline 2094
 1299           ;                               }
 1299                   .dbline 2095
 1299           ;                               break;
 1299 18200C5C          lbra L215
 129D           L330:
 129D                   .dbline 2098
 129D           ; 
 129D           ;                               case FullCleanState:
 129D           ;                                   if (!LA_Moving && LA_Moved)
 129D F60014            ldab _LA_Moving
 12A0 C100              cmpb #0
 12A2 18260C53          lbne L215
 12A6 F60019            ldab _LA_Moved
 12A9 C100              cmpb #0
 12AB 18270C4A          lbeq L215
 12AF                   .dbline 2099
 12AF           ;                                       {
 12AF                   .dbline 2100
 12AF           ;                                           if ( FStrks )
 12AF FD013C            ldy _FStrks
 12B2 8D0000            cpy #0
 12B5 1827006E          lbeq L333
 12B9                   .dbline 2101
 12B9           ;                                   {
 12B9                   .dbline 2103
 12B9           ;                                                   char tempstr[25];
 12B9           ;                                                       sprintf (tempstr,"Proc:Clean Full %d",(int)FullStrokes.value - FStrks + 1);
 12B9 1801AE0065        movw _FullStrokes+2,2,-S
 12BE 1801AE0063        movw _FullStrokes,2,-S
 12C3 160000            jsr fp2int
 12C6 B3013C            subd _FStrks
 12C9 B746              tfr D,Y
 12CB 02                iny
 12CC 6D84              sty 4,S
 12CE CD035D            ldy #L335
 12D1 6D82              sty 2,S
 12D3 198C              leay 12,S
 12D5 6D80              sty 0,S
 12D7 4A000000          xcall $_sprintf
 12DB                   .dbline 2104
 12DB           ;                                                       Display ( tempstr );
 12DB 198C              leay 12,S
 12DD B764              tfr Y,D
 12DF 4A000000          xcall $_Display
 12E3                   .dbline 2105
 12E3           ;                                                   if (FStrks & 1 ) Move_Position = Cntr + FDist/2;
 12E3 FC013C            ldd _FStrks
 12E6 8400              anda #0
 12E8 C401              andb #1
 12EA 8C0000            cpd #0
 12ED 2716              beq L336
 12EF                   .dbline 2105
 12EF CE0002            ldx #2
 12F2 FC0138            ldd _FDist
 12F5 1815              idivs
 12F7 B756              tfr X,Y
 12F9 FC0136            ldd _Cntr
 12FC 6D88              sty 8,S
 12FE E388              addd 8,S
 1300 7C0015            std _Move_Position
 1303 2014              bra L337
 1305           L336:
 1305                   .dbline 2106
 1305           ;                                           else  Move_Position = Cntr - FDist/2 ;
 1305 CE0002            ldx #2
 1308 FC0138            ldd _FDist
 130B 1815              idivs
 130D B756              tfr X,Y
 130F FC0136            ldd _Cntr
 1312 6D88              sty 8,S
 1314 A388              subd 8,S
 1316 7C0015            std _Move_Position
 1319           L337:
 1319                   .dbline 2107
 1319           ;                                   FStrks--;
 1319 FD013C            ldy _FStrks
 131C 03                dey
 131D 7D013C            sty _FStrks
 1320                   .dbline 2108
 1320           ;                                                       LA_Moved=0;
 1320 790019            clr _LA_Moved
 1323                   .dbline 2109
 1323           ;                                               }
 1323 18200BD2          lbra L215
 1327           L333:
 1327                   .dbline 2111
 1327           ;                                               else
 1327           ;                                               {
 1327                   .dbline 2112
 1327           ;                                                   if (HdDirection == HdForward)
 1327 F60133            ldab _HdDirection
 132A C101              cmpb #1
 132C 2615              bne L338
 132E                   .dbline 2113
 132E           ;                                                       {
 132E                   .dbline 2115
 132E           ;                                                           char tempstr[25];
 132E           ;                                                               sprintf (tempstr,"Proc:Reversing Head");
 132E CD0349            ldy #L340
 1331 6D82              sty 2,S
 1333 198C              leay 12,S
 1335 6D80              sty 0,S
 1337 4A000000          xcall $_sprintf
 133B                   .dbline 2116
 133B           ;                                                               Display ( tempstr );
 133B 198C              leay 12,S
 133D B764              tfr Y,D
 133F 4A000000          xcall $_Display
 1343                   .dbline 2117
 1343           ;                                   }
 1343           L338:
 1343                   .dbline 2118
 1343           ;                                                   StateTime = 0;
 1343 180300000000      movw #0,_StateTime
 1349 180300000002      movw #0,_StateTime+2
 134F                   .dbline 2119
 134F           ;                                                       State++;
 134F 72001C            inc _State
 1352                   .dbline 2120
 1352           ;                                               }
 1352                   .dbline 2121
 1352           ;                                       }
 1352                   .dbline 2122
 1352           ;                               break;
 1352 18200BA3          lbra L215
 1356           L341:
 1356                   .dbline 2125
 1356           ;                               
 1356           ;                               case ReverseHdState:
 1356           ;                                   if ( HdDirection == HdForward )
 1356 F60133            ldab _HdDirection
 1359 C101              cmpb #1
 135B 182600B7          lbne L342
 135F                   .dbline 2126
 135F           ;                                       {
 135F                   .dbline 2127
 135F           ;                         Move_Position = Cntr;
 135F 180401360015      movw _Cntr,_Move_Position
 1365                   .dbline 2129
 1365           ;                                                                                       
 1365           ;                                               BlowersOnOff.value = 1; 
 1365 18033F8004E9      movw #16256,_BlowersOnOff
 136B 1803000004EB      movw #0,_BlowersOnOff+2
 1371                   .dbline 2130
 1371           ;                                               getstrval( &BlowersOnOff );
 1371 CC04E9            ldd #_BlowersOnOff
 1374 4A000000          xcall $_getstrval
 1378                   .dbline 2131
 1378           ;                                               strncpy(BlowersOnOff.str_value,"OFF",BlowersOnOff.len_str);
 1378 F604FA            ldab _BlowersOnOff+17
 137B B716              tfr B,Y
 137D 6D82              sty 2,S
 137F CD0345            ldy #L345
 1382 6D80              sty 0,S
 1384 CC04FB            ldd #_BlowersOnOff+18
 1387 4A000000          xcall $_strncpy
 138B                   .dbline 2132
 138B           ;                                               getvalue(&BlowersOnOff,0);
 138B CD0000            ldy #0
 138E 6D80              sty 0,S
 1390 CC04E9            ldd #_BlowersOnOff
 1393 4A000000          xcall $_getvalue
 1397 1B84              leas 4,S
 1399                   .dbline 2134
 1399           ;                                               
 1399           ;                               HeadCWOnOff.value = 1; 
 1399 18033F8004A5      movw #16256,_HeadCWOnOff
 139F 1803000004A7      movw #0,_HeadCWOnOff+2
 13A5                   .dbline 2135
 13A5           ;                                               getstrval( &HeadCWOnOff );
 13A5 CC04A5            ldd #_HeadCWOnOff
 13A8 4A000000          xcall $_getstrval
 13AC                   .dbline 2136
 13AC           ;                                               strncpy(HeadCWOnOff.str_value,"OFF",HeadCWOnOff.len_str);
 13AC F604B6            ldab _HeadCWOnOff+17
 13AF B716              tfr B,Y
 13B1 6D82              sty 2,S
 13B3 CD0345            ldy #L345
 13B6 6D80              sty 0,S
 13B8 CC04B7            ldd #_HeadCWOnOff+18
 13BB 4A000000          xcall $_strncpy
 13BF                   .dbline 2137
 13BF           ;                                               getvalue(&HeadCWOnOff,0);
 13BF CD0000            ldy #0
 13C2 6D80              sty 0,S
 13C4 CC04A5            ldd #_HeadCWOnOff
 13C7 4A000000          xcall $_getvalue
 13CB 1B84              leas 4,S
 13CD                   .dbline 2139
 13CD           ;                                           
 13CD           ;                                               if ( StateTime >= RTI_One_Sec * 14 )
 13CD 1801AE0002        movw _StateTime+2,2,-S
 13D2 1801AE0000        movw _StateTime,2,-S
 13D7 1800AE3560        movw #13664,2,-S
 13DC 1800AE0000        movw #0,2,-S
 13E1 160000            jsr cmp4
 13E4 18250B11          lblo L215
 13E8                   .dbline 2140
 13E8           ;                                               {
 13E8                   .dbline 2141
 13E8           ;                                                       CStrks = CntrStrokes.value;
 13E8 1801AE0043        movw _CntrStrokes+2,2,-S
 13ED 1801AE0041        movw _CntrStrokes,2,-S
 13F2 160000            jsr fp2int
 13F5 B746              tfr D,Y
 13F7 7D013E            sty _CStrks
 13FA                   .dbline 2142
 13FA           ;                                       FStrks = FullStrokes.value;
 13FA 1801AE0065        movw _FullStrokes+2,2,-S
 13FF 1801AE0063        movw _FullStrokes,2,-S
 1404 160000            jsr fp2int
 1407 7C013C            std _FStrks
 140A                   .dbline 2143
 140A           ;                                                       HdDirection = HdReverse;
 140A 790133            clr _HdDirection
 140D                   .dbline 2144
 140D           ;                                                   State = StartCleanState;
 140D 180B0A001C        movb #10,_State
 1412                   .dbline 2145
 1412           ;                                               }
 1412                   .dbline 2146
 1412           ;                                       }
 1412 18200AE3          lbra L215
 1416           L342:
 1416                   .dbline 2148
 1416           ;                                       else
 1416           ;                                       {
 1416                   .dbline 2149
 1416           ;                                           StateTime = 0;
 1416 180300000000      movw #0,_StateTime
 141C 180300000002      movw #0,_StateTime+2
 1422                   .dbline 2150
 1422           ;                                               State++;
 1422 72001C            inc _State
 1425                   .dbline 2151
 1425           ;                                       }                               
 1425                   .dbline 2152
 1425           ;                               break;
 1425 18200AD0          lbra L215
 1429           L351:
 1429                   .dbline 2155
 1429           ; 
 1429           ;                               case StopCleanState:
 1429           ;                       Move_Position = 0;
 1429 180300000015      movw #0,_Move_Position
 142F                   .dbline 2158
 142F           ;                                       
 142F           ;                               
 142F           ;                               SealsOnOff.value = 1; 
 142F 18033F80052D      movw #16256,_SealsOnOff
 1435 18030000052F      movw #0,_SealsOnOff+2
 143B                   .dbline 2159
 143B           ;                                       getstrval( &SealsOnOff );
 143B CC052D            ldd #_SealsOnOff
 143E 4A000000          xcall $_getstrval
 1442                   .dbline 2160
 1442           ;                                       strncpy(SealsOnOff.str_value,"OFF",SealsOnOff.len_str);
 1442 F6053E            ldab _SealsOnOff+17
 1445 B716              tfr B,Y
 1447 6D82              sty 2,S
 1449 CD0345            ldy #L345
 144C 6D80              sty 0,S
 144E CC053F            ldd #_SealsOnOff+18
 1451 4A000000          xcall $_strncpy
 1455                   .dbline 2161
 1455           ;                                       getvalue(&SealsOnOff,0);
 1455 CD0000            ldy #0
 1458 6D80              sty 0,S
 145A CC052D            ldd #_SealsOnOff
 145D 4A000000          xcall $_getvalue
 1461 1B84              leas 4,S
 1463                   .dbline 2163
 1463           ;                                       
 1463           ;                                       BlowersOnOff.value = 1; 
 1463 18033F8004E9      movw #16256,_BlowersOnOff
 1469 1803000004EB      movw #0,_BlowersOnOff+2
 146F                   .dbline 2164
 146F           ;                                       getstrval( &BlowersOnOff );
 146F CC04E9            ldd #_BlowersOnOff
 1472 4A000000          xcall $_getstrval
 1476                   .dbline 2165
 1476           ;                                       strncpy(BlowersOnOff.str_value,"OFF",BlowersOnOff.len_str);
 1476 F604FA            ldab _BlowersOnOff+17
 1479 B716              tfr B,Y
 147B 6D82              sty 2,S
 147D CD0345            ldy #L345
 1480 6D80              sty 0,S
 1482 CC04FB            ldd #_BlowersOnOff+18
 1485 4A000000          xcall $_strncpy
 1489                   .dbline 2166
 1489           ;                                       getvalue(&BlowersOnOff,0);
 1489 CD0000            ldy #0
 148C 6D80              sty 0,S
 148E CC04E9            ldd #_BlowersOnOff
 1491 4A000000          xcall $_getvalue
 1495 1B84              leas 4,S
 1497                   .dbline 2168
 1497           ;                               
 1497           ;                                       HeadCWOnOff.value = 1; 
 1497 18033F8004A5      movw #16256,_HeadCWOnOff
 149D 1803000004A7      movw #0,_HeadCWOnOff+2
 14A3                   .dbline 2169
 14A3           ;                                       getstrval( &HeadCWOnOff );
 14A3 CC04A5            ldd #_HeadCWOnOff
 14A6 4A000000          xcall $_getstrval
 14AA                   .dbline 2170
 14AA           ;                                       strncpy(HeadCWOnOff.str_value,"OFF",HeadCWOnOff.len_str);
 14AA F604B6            ldab _HeadCWOnOff+17
 14AD B716              tfr B,Y
 14AF 6D82              sty 2,S
 14B1 CD0345            ldy #L345
 14B4 6D80              sty 0,S
 14B6 CC04B7            ldd #_HeadCWOnOff+18
 14B9 4A000000          xcall $_strncpy
 14BD                   .dbline 2171
 14BD           ;                                       getvalue(&HeadCWOnOff,0);          
 14BD CD0000            ldy #0
 14C0 6D80              sty 0,S
 14C2 CC04A5            ldd #_HeadCWOnOff
 14C5 4A000000          xcall $_getvalue
 14C9 1B84              leas 4,S
 14CB                   .dbline 2173
 14CB           ;                                                           
 14CB           ;                                       HeadCCWOnOff.value = 1; 
 14CB 18033F8004C7      movw #16256,_HeadCCWOnOff
 14D1 1803000004C9      movw #0,_HeadCCWOnOff+2
 14D7                   .dbline 2174
 14D7           ;                                       getstrval( &HeadCCWOnOff );
 14D7 CC04C7            ldd #_HeadCCWOnOff
 14DA 4A000000          xcall $_getstrval
 14DE                   .dbline 2175
 14DE           ;                                       strncpy(HeadCCWOnOff.str_value,"OFF",HeadCCWOnOff.len_str);
 14DE F604D8            ldab _HeadCCWOnOff+17
 14E1 B716              tfr B,Y
 14E3 6D82              sty 2,S
 14E5 CD0345            ldy #L345
 14E8 6D80              sty 0,S
 14EA CC04D9            ldd #_HeadCCWOnOff+18
 14ED 4A000000          xcall $_strncpy
 14F1                   .dbline 2176
 14F1           ;                                       getvalue(&HeadCCWOnOff,0);
 14F1 CD0000            ldy #0
 14F4 6D80              sty 0,S
 14F6 CC04C7            ldd #_HeadCCWOnOff
 14F9 4A000000          xcall $_getvalue
 14FD 1B84              leas 4,S
 14FF                   .dbline 2178
 14FF           ;                               
 14FF           ;                                       if ( !LA_Moving && StateTime >= RTI_One_Sec * 10 )
 14FF F60014            ldab _LA_Moving
 1502 C100              cmpb #0
 1504 182609F1          lbne L215
 1508 1801AE0002        movw _StateTime+2,2,-S
 150D 1801AE0000        movw _StateTime,2,-S
 1512 1800AE2620        movw #9760,2,-S
 1517 1800AE0000        movw #0,2,-S
 151C 160000            jsr cmp4
 151F 182509D6          lblo L215
 1523                   .dbline 2179
 1523           ;                                       {
 1523                   .dbline 2180
 1523           ;                                           Display ( "Proc:Cleaning Complete" );
 1523 CC032E            ldd #L362
 1526 4A000000          xcall $_Display
 152A                   .dbline 2181
 152A           ;                                           StateTime = 0;
 152A 180300000000      movw #0,_StateTime
 1530 180300000002      movw #0,_StateTime+2
 1536                   .dbline 2182
 1536           ;                                           State++;
 1536 72001C            inc _State
 1539                   .dbline 2183
 1539           ;                                       }                                   
 1539                   .dbline 2184
 1539           ;                               break;
 1539 182009BC          lbra L215
 153D           L363:
 153D                   .dbline 2187
 153D           ; 
 153D           ;                               case CleanComplete:     //seperate cleaning complete message from starting vacuum motors
 153D           ;                                       if ( StateTime >= RTI_One_Sec * 1 )
 153D 1801AE0002        movw _StateTime+2,2,-S
 1542 1801AE0000        movw _StateTime,2,-S
 1547 1800AE03D0        movw #976,2,-S
 154C 1800AE0000        movw #0,2,-S
 1551 160000            jsr cmp4
 1554 182509A1          lblo L215
 1558                   .dbline 2188
 1558           ;                                       {
 1558                   .dbline 2189
 1558           ;                                           StateTime = 0;
 1558 180300000000      movw #0,_StateTime
 155E 180300000002      movw #0,_StateTime+2
 1564                   .dbline 2190
 1564           ;                                           State++;
 1564 72001C            inc _State
 1567                   .dbline 2191
 1567           ;                                       }                                   
 1567                   .dbline 2192
 1567           ;                               break;
 1567 1820098E          lbra L215
 156B           L366:
 156B                   .dbline 2198
 156B           ; 
 156B           ;                               /*******************************************************************************
 156B           ;                               *                               FIRST MOVEMENT (- DIR)
 156B           ;                               *******************************************************************************/
 156B           ;                               case StartFirstVac:
 156B           ;                                       if ( VacDist1.value == 0 ) {
 156B 1801AE01FD        movw _VacDist1+2,2,-S
 1570 1801AE01FB        movw _VacDist1,2,-S
 1575 1800AE0000        movw #0,2,-S
 157A 1800AE0000        movw #0,2,-S
 157F 160000            jsr cmpf4
 1582 2609              bne L367
 1584                   .dbline 2198
 1584                   .dbline 2199
 1584           ;                                               State = StopState; // Skip to stop
 1584 180B22001C        movb #34,_State
 1589                   .dbline 2200
 1589           ;                                               break;
 1589 1820096C          lbra L215
 158D           L367:
 158D                   .dbline 2203
 158D           ;                                       }
 158D           ;                                       
 158D           ;                                       VacuumOnOff.value = 2; 
 158D 18034000050B      movw #16384,_VacuumOnOff
 1593 18030000050D      movw #0,_VacuumOnOff+2
 1599                   .dbline 2204
 1599           ;                                       getstrval( &VacuumOnOff );
 1599 CC050B            ldd #_VacuumOnOff
 159C 4A000000          xcall $_getstrval
 15A0                   .dbline 2205
 15A0           ;                                       strncpy(VacuumOnOff.str_value," ON",VacuumOnOff.len_str);
 15A0 F6051C            ldab _VacuumOnOff+17
 15A3 B716              tfr B,Y
 15A5 6D82              sty 2,S
 15A7 CD03A2            ldy #L284
 15AA 6D80              sty 0,S
 15AC CC051D            ldd #_VacuumOnOff+18
 15AF 4A000000          xcall $_strncpy
 15B3                   .dbline 2206
 15B3           ;                                       getvalue(&VacuumOnOff,0);
 15B3 CD0000            ldy #0
 15B6 6D80              sty 0,S
 15B8 CC050B            ldd #_VacuumOnOff
 15BB 4A000000          xcall $_getvalue
 15BF 1B84              leas 4,S
 15C1                   .dbline 2209
 15C1           ; 
 15C1           ;                                               // Configure movement parameters (Negative Direction)
 15C1           ;                                       {
 15C1                   .dbline 2210
 15C1           ;                                               int travel_dist = (int)VacDist1.value * -10;
 15C1 1801AE01FD        movw _VacDist1+2,2,-S
 15C6 1801AE01FB        movw _VacDist1,2,-S
 15CB 160000            jsr fp2int
 15CE B746              tfr D,Y
 15D0 CCFFF6            ldd #65526
 15D3 13                emul
 15D4 6CF023            std 35,S
 15D7                   .dbline 2211
 15D7           ;                                               gProcImg[IN_digi_3] = travel_dist;
 15D7 7B0003            stab _gProcImg+3
 15DA                   .dbline 2212
 15DA           ;                                               gProcImg[IN_digi_4] = travel_dist >> 8;
 15DA ECF023            ldd 35,S
 15DD B701              tfr A,B
 15DF 87                clra
 15E0 D7                tstb
 15E1 2C01              bge X7
 15E3 41                coma
 15E4           X7:
 15E4 7B0004            stab _gProcImg+4
 15E7                   .dbline 2213
 15E7           ;                                       }
 15E7                   .dbline 2214
 15E7           ;                                       gProcImg[IN_digi_5] = 0x01; // Start command
 15E7 180B010005        movb #1,_gProcImg+5
 15EC                   .dbline 2215
 15EC           ;                                       {
 15EC                   .dbline 2217
 15EC           ;                                               int vacspeed;
 15EC           ;                                               if (VacSpeed1.value==3) vacspeed = 120;
 15EC 1801AE02A7        movw _VacSpeed1+2,2,-S
 15F1 1801AE02A5        movw _VacSpeed1,2,-S
 15F6 1800AE0000        movw #0,2,-S
 15FB 1800AE4040        movw #16448,2,-S
 1600 160000            jsr cmpf4
 1603 260A              bne L374
 1605                   .dbline 2217
 1605 1AF023            leax 35,S
 1608 1800000078        movw #120,0,x
 160D 202B              bra L375
 160F           L374:
 160F                   .dbline 2218
 160F           ;                                               else if (VacSpeed1.value==2) vacspeed = 80;
 160F 1801AE02A7        movw _VacSpeed1+2,2,-S
 1614 1801AE02A5        movw _VacSpeed1,2,-S
 1619 1800AE0000        movw #0,2,-S
 161E 1800AE4000        movw #16384,2,-S
 1623 160000            jsr cmpf4
 1626 260A              bne L376
 1628                   .dbline 2218
 1628 1AF023            leax 35,S
 162B 1800000050        movw #80,0,x
 1630 2008              bra L377
 1632           L376:
 1632                   .dbline 2219
 1632           ;                                               else vacspeed = 40;
 1632 1AF023            leax 35,S
 1635 1800000028        movw #40,0,x
 163A           L377:
 163A           L375:
 163A                   .dbline 2220
 163A           ;                                               gProcImg[IN_digi_6] = ~vacspeed;
 163A ECF023            ldd 35,S
 163D 41                coma
 163E 51                comb
 163F 7B0006            stab _gProcImg+6
 1642                   .dbline 2221
 1642           ;                                               gProcImg[IN_digi_7] = ~vacspeed >> 8;
 1642 ECF023            ldd 35,S
 1645 41                coma
 1646 51                comb
 1647 B701              tfr A,B
 1649 87                clra
 164A D7                tstb
 164B 2C01              bge X8
 164D 41                coma
 164E           X8:
 164E 7B0007            stab _gProcImg+7
 1651                   .dbline 2222
 1651           ;                                       }
 1651                   .dbline 2225
 1651           ;                                       
 1651           ;                                       // Start the master watchdog timer for the entire operation
 1651           ;                                       SequenceTimer = VacDist1.value / 3 + 10;
 1651 1801AE01FD        movw _VacDist1+2,2,-S
 1656 1801AE01FB        movw _VacDist1,2,-S
 165B 1800AE0000        movw #0,2,-S
 1660 1800AE4040        movw #16448,2,-S
 1665 160000            jsr divf4
 1668 1800AE0000        movw #0,2,-S
 166D 1800AE4120        movw #16672,2,-S
 1672 160000            jsr addf4
 1675 160000            jsr fp2int
 1678 7C0000            std _SequenceTimer
 167B                   .dbline 2226
 167B           ;                                       if ( SequenceTimer <= 0 ) { SequenceTimer = 1; } // Failsafe
 167B FD0000            ldy _SequenceTimer
 167E 8D0000            cpy #0
 1681 2606              bne L380
 1683                   .dbline 2226
 1683                   .dbline 2226
 1683 180300010000      movw #1,_SequenceTimer
 1689                   .dbline 2226
 1689           L380:
 1689                   .dbline 2228
 1689           ; 
 1689           ;                                       State++; // Advance to WaitingForFirstTravelConfirmation
 1689 72001C            inc _State
 168C                   .dbline 2229
 168C           ;                                       break;
 168C 18200869          lbra L215
 1690           L382:
 1690                   .dbline 2233
 1690           ; 
 1690           ;                               case FirstVacMoving:
 1690           ;                                       // Wait for CAN bus confirmation that movement has begun
 1690           ;                                       if ( gProcImg[OUT_digi_12] ) {
 1690 F6001A            ldab _gProcImg+26
 1693 C100              cmpb #0
 1695 18270860          lbeq L215
 1699                   .dbline 2233
 1699                   .dbline 2234
 1699           ;                                               State++; // Advance to FirstTravelInProgress
 1699 72001C            inc _State
 169C                   .dbline 2235
 169C           ;                                               StateTime = 0;
 169C 180300000000      movw #0,_StateTime
 16A2 180300000002      movw #0,_StateTime+2
 16A8                   .dbline 2236
 16A8           ;                                       }
 16A8                   .dbline 2238
 16A8           ;                                       // If confirmation never arrives, master SequenceTimer will trigger ErrorState
 16A8           ;                                       break;
 16A8 1820084D          lbra L215
 16AC           L386:
 16AC                   .dbline 2242
 16AC           ; 
 16AC           ;                               case FirstVacInProgress:
 16AC           ;                                       // Monitor for movement completion
 16AC           ;                                       if ( !gProcImg[OUT_digi_12] ) {
 16AC F6001A            ldab _gProcImg+26
 16AF C100              cmpb #0
 16B1 2637              bne L387
 16B3                   .dbline 2242
 16B3                   .dbline 2243
 16B3           ;                                               SequenceTimer = 0; // Disable watchdog on success
 16B3 180300000000      movw #0,_SequenceTimer
 16B9                   .dbline 2244
 16B9           ;                                               if ( StateTime > RTI_One_Sec ) {
 16B9 1801AE0002        movw _StateTime+2,2,-S
 16BE 1801AE0000        movw _StateTime,2,-S
 16C3 1800AE03D0        movw #976,2,-S
 16C8 1800AE0000        movw #0,2,-S
 16CD 160000            jsr cmp4
 16D0 18230825          lbls L215
 16D4                   .dbline 2244
 16D4                   .dbline 2246
 16D4           ;                                                       // Clean up registers
 16D4           ;                                                       gProcImg[IN_digi_3] = 0; gProcImg[IN_digi_4] = 0;
 16D4 790003            clr _gProcImg+3
 16D7                   .dbline 2246
 16D7 790004            clr _gProcImg+4
 16DA                   .dbline 2247
 16DA           ;                                                       gProcImg[IN_digi_5] = 0; gProcImg[IN_digi_6] = 0;
 16DA 790005            clr _gProcImg+5
 16DD                   .dbline 2247
 16DD 790006            clr _gProcImg+6
 16E0                   .dbline 2248
 16E0           ;                                                       gProcImg[IN_digi_7] = 0;
 16E0 790007            clr _gProcImg+7
 16E3                   .dbline 2249
 16E3           ;                                                       State++; // Advance to StartSecondVacTravel
 16E3 72001C            inc _State
 16E6                   .dbline 2250
 16E6           ;                                               }
 16E6                   .dbline 2251
 16E6           ;                                       } else {
 16E6 1820080F          lbra L215
 16EA           L387:
 16EA                   .dbline 2251
 16EA                   .dbline 2252
 16EA           ;                                               StateTime = 0; // Reset settling timer
 16EA 180300000000      movw #0,_StateTime
 16F0 180300000002      movw #0,_StateTime+2
 16F6                   .dbline 2253
 16F6           ;                                       }
 16F6                   .dbline 2255
 16F6           ;                                       // If movement stalls, master SequenceTimer will trigger ErrorState
 16F6           ;                                       break;
 16F6 182007FF          lbra L215
 16FA           L397:
 16FA                   .dbline 2261
 16FA           ; 
 16FA           ;                               /*******************************************************************************
 16FA           ;                               *                               SECOND MOVEMENT (+ DIR)
 16FA           ;                               *******************************************************************************/
 16FA           ;                               case StartSecondVac:
 16FA           ;                                       if ( VacDist2.value == 0 ) {
 16FA 1801AE021F        movw _VacDist2+2,2,-S
 16FF 1801AE021D        movw _VacDist2,2,-S
 1704 1800AE0000        movw #0,2,-S
 1709 1800AE0000        movw #0,2,-S
 170E 160000            jsr cmpf4
 1711 2609              bne L398
 1713                   .dbline 2261
 1713                   .dbline 2262
 1713           ;                                               State = StopState; // Skip to stop
 1713 180B22001C        movb #34,_State
 1718                   .dbline 2263
 1718           ;                                               break;
 1718 182007DD          lbra L215
 171C           L398:
 171C                   .dbline 2267
 171C           ;                                       }
 171C           ; 
 171C           ;                                       // Configure movement parameters (Positive Direction)
 171C           ;                                       {
 171C                   .dbline 2268
 171C           ;                                               int travel_dist = (int)VacDist2.value * 10;
 171C 1801AE021F        movw _VacDist2+2,2,-S
 1721 1801AE021D        movw _VacDist2,2,-S
 1726 160000            jsr fp2int
 1729 B746              tfr D,Y
 172B CC000A            ldd #10
 172E 13                emul
 172F 6CF023            std 35,S
 1732                   .dbline 2269
 1732           ;                                               gProcImg[IN_digi_3] = travel_dist;
 1732 7B0003            stab _gProcImg+3
 1735                   .dbline 2270
 1735           ;                                               gProcImg[IN_digi_4] = travel_dist >> 8;
 1735 ECF023            ldd 35,S
 1738 B701              tfr A,B
 173A 87                clra
 173B D7                tstb
 173C 2C01              bge X9
 173E 41                coma
 173F           X9:
 173F 7B0004            stab _gProcImg+4
 1742                   .dbline 2271
 1742           ;                                       }
 1742                   .dbline 2272
 1742           ;                                       gProcImg[IN_digi_5] = 0x01; // Start command
 1742 180B010005        movb #1,_gProcImg+5
 1747                   .dbline 2273
 1747           ;                                       {
 1747                   .dbline 2275
 1747           ;                                               int vacspeed;
 1747           ;                                               if (VacSpeed2.value==3) vacspeed = 120;
 1747 1801AE02C9        movw _VacSpeed2+2,2,-S
 174C 1801AE02C7        movw _VacSpeed2,2,-S
 1751 1800AE0000        movw #0,2,-S
 1756 1800AE4040        movw #16448,2,-S
 175B 160000            jsr cmpf4
 175E 260A              bne L403
 1760                   .dbline 2275
 1760 1AF023            leax 35,S
 1763 1800000078        movw #120,0,x
 1768 202B              bra L404
 176A           L403:
 176A                   .dbline 2276
 176A           ;                                               else if (VacSpeed2.value==2) vacspeed = 80;
 176A 1801AE02C9        movw _VacSpeed2+2,2,-S
 176F 1801AE02C7        movw _VacSpeed2,2,-S
 1774 1800AE0000        movw #0,2,-S
 1779 1800AE4000        movw #16384,2,-S
 177E 160000            jsr cmpf4
 1781 260A              bne L405
 1783                   .dbline 2276
 1783 1AF023            leax 35,S
 1786 1800000050        movw #80,0,x
 178B 2008              bra L406
 178D           L405:
 178D                   .dbline 2277
 178D           ;                                               else vacspeed = 40;
 178D 1AF023            leax 35,S
 1790 1800000028        movw #40,0,x
 1795           L406:
 1795           L404:
 1795                   .dbline 2278
 1795           ;                                               gProcImg[IN_digi_6] = vacspeed;
 1795 E6F024            ldab 36,S
 1798 7B0006            stab _gProcImg+6
 179B                   .dbline 2279
 179B           ;                                               gProcImg[IN_digi_7] = vacspeed >> 8;
 179B ECF023            ldd 35,S
 179E B701              tfr A,B
 17A0 87                clra
 17A1 D7                tstb
 17A2 2C01              bge X10
 17A4 41                coma
 17A5           X10:
 17A5 7B0007            stab _gProcImg+7
 17A8                   .dbline 2280
 17A8           ;                                       }
 17A8                   .dbline 2283
 17A8           ; 
 17A8           ;                                       // Start the master watchdog timer for the entire operation
 17A8           ;                                       SequenceTimer = VacDist2.value / 3 + 10;
 17A8 1801AE021F        movw _VacDist2+2,2,-S
 17AD 1801AE021D        movw _VacDist2,2,-S
 17B2 1800AE0000        movw #0,2,-S
 17B7 1800AE4040        movw #16448,2,-S
 17BC 160000            jsr divf4
 17BF 1800AE0000        movw #0,2,-S
 17C4 1800AE4120        movw #16672,2,-S
 17C9 160000            jsr addf4
 17CC 160000            jsr fp2int
 17CF 7C0000            std _SequenceTimer
 17D2                   .dbline 2284
 17D2           ;                                       if ( SequenceTimer <= 0 ) { SequenceTimer = 1; } // Failsafe
 17D2 FD0000            ldy _SequenceTimer
 17D5 8D0000            cpy #0
 17D8 2606              bne L409
 17DA                   .dbline 2284
 17DA                   .dbline 2284
 17DA 180300010000      movw #1,_SequenceTimer
 17E0                   .dbline 2284
 17E0           L409:
 17E0                   .dbline 2286
 17E0           ;                                       
 17E0           ;                                       State++; // Advance to WaitingForSecondTravelConfirmation
 17E0 72001C            inc _State
 17E3                   .dbline 2287
 17E3           ;                                       break;
 17E3 18200712          lbra L215
 17E7           L411:
 17E7                   .dbline 2291
 17E7           ; 
 17E7           ;                               case SecondVacMoving:
 17E7           ;                                       // Wait for CAN bus confirmation that movement has begun
 17E7           ;                                       if ( gProcImg[OUT_digi_12] ) {
 17E7 F6001A            ldab _gProcImg+26
 17EA C100              cmpb #0
 17EC 18270709          lbeq L215
 17F0                   .dbline 2291
 17F0                   .dbline 2292
 17F0           ;                                               State++; // Advance to SecondTravelInProgress
 17F0 72001C            inc _State
 17F3                   .dbline 2293
 17F3           ;                                               StateTime = 0;
 17F3 180300000000      movw #0,_StateTime
 17F9 180300000002      movw #0,_StateTime+2
 17FF                   .dbline 2294
 17FF           ;                                       }
 17FF                   .dbline 2295
 17FF           ;                                       break;
 17FF 182006F6          lbra L215
 1803           L415:
 1803                   .dbline 2299
 1803           ; 
 1803           ;                               case SecondVacInProgress:
 1803           ;                                       // Monitor for movement completion
 1803           ;                                       if ( !gProcImg[OUT_digi_12] ) {
 1803 F6001A            ldab _gProcImg+26
 1806 C100              cmpb #0
 1808 2637              bne L416
 180A                   .dbline 2299
 180A                   .dbline 2300
 180A           ;                                               SequenceTimer = 0; // Disable watchdog on success
 180A 180300000000      movw #0,_SequenceTimer
 1810                   .dbline 2301
 1810           ;                                               if ( StateTime > RTI_One_Sec ) {
 1810 1801AE0002        movw _StateTime+2,2,-S
 1815 1801AE0000        movw _StateTime,2,-S
 181A 1800AE03D0        movw #976,2,-S
 181F 1800AE0000        movw #0,2,-S
 1824 160000            jsr cmp4
 1827 182306CE          lbls L215
 182B                   .dbline 2301
 182B                   .dbline 2303
 182B           ;                                                       // Clean up registers
 182B           ;                                                       gProcImg[IN_digi_3] = 0; gProcImg[IN_digi_4] = 0;
 182B 790003            clr _gProcImg+3
 182E                   .dbline 2303
 182E 790004            clr _gProcImg+4
 1831                   .dbline 2304
 1831           ;                                                       gProcImg[IN_digi_5] = 0; gProcImg[IN_digi_6] = 0;
 1831 790005            clr _gProcImg+5
 1834                   .dbline 2304
 1834 790006            clr _gProcImg+6
 1837                   .dbline 2305
 1837           ;                                                       gProcImg[IN_digi_7] = 0;
 1837 790007            clr _gProcImg+7
 183A                   .dbline 2306
 183A           ;                                                       State++; // Advance to StartThirdVacTravel
 183A 72001C            inc _State
 183D                   .dbline 2307
 183D           ;                                               }
 183D                   .dbline 2308
 183D           ;                                       } else {
 183D 182006B8          lbra L215
 1841           L416:
 1841                   .dbline 2308
 1841                   .dbline 2309
 1841           ;                                               StateTime = 0; // Reset settling timer
 1841 180300000000      movw #0,_StateTime
 1847 180300000002      movw #0,_StateTime+2
 184D                   .dbline 2310
 184D           ;                                       }
 184D                   .dbline 2311
 184D           ;                                       break;
 184D 182006A8          lbra L215
 1851           L426:
 1851                   .dbline 2317
 1851           ; 
 1851           ;                               /*******************************************************************************
 1851           ;                               *                               THIRD MOVEMENT (- DIR)
 1851           ;                               *******************************************************************************/
 1851           ;                               case StartThirdVac:
 1851           ;                                       if ( VacDist3.value == 0 ) {
 1851 1801AE0241        movw _VacDist3+2,2,-S
 1856 1801AE023F        movw _VacDist3,2,-S
 185B 1800AE0000        movw #0,2,-S
 1860 1800AE0000        movw #0,2,-S
 1865 160000            jsr cmpf4
 1868 2609              bne L427
 186A                   .dbline 2317
 186A                   .dbline 2318
 186A           ;                                               State = StopState; // Skip to stop
 186A 180B22001C        movb #34,_State
 186F                   .dbline 2319
 186F           ;                                               break;
 186F 18200686          lbra L215
 1873           L427:
 1873                   .dbline 2323
 1873           ;                                       }
 1873           ;                                       
 1873           ;                                       // Configure movement parameters (Negative Direction)
 1873           ;                                       {
 1873                   .dbline 2324
 1873           ;                                               int travel_dist = (int)VacDist3.value * -10;
 1873 1801AE0241        movw _VacDist3+2,2,-S
 1878 1801AE023F        movw _VacDist3,2,-S
 187D 160000            jsr fp2int
 1880 B746              tfr D,Y
 1882 CCFFF6            ldd #65526
 1885 13                emul
 1886 6CF023            std 35,S
 1889                   .dbline 2325
 1889           ;                                               gProcImg[IN_digi_3] = travel_dist;
 1889 7B0003            stab _gProcImg+3
 188C                   .dbline 2326
 188C           ;                                               gProcImg[IN_digi_4] = travel_dist >> 8;
 188C ECF023            ldd 35,S
 188F B701              tfr A,B
 1891 87                clra
 1892 D7                tstb
 1893 2C01              bge X11
 1895 41                coma
 1896           X11:
 1896 7B0004            stab _gProcImg+4
 1899                   .dbline 2327
 1899           ;                                       }
 1899                   .dbline 2328
 1899           ;                                       gProcImg[IN_digi_5] = 0x01; // Start command
 1899 180B010005        movb #1,_gProcImg+5
 189E                   .dbline 2329
 189E           ;                                       {
 189E                   .dbline 2331
 189E           ;                                               int vacspeed;
 189E           ;                                               if (VacSpeed3.value==3) vacspeed = 120;
 189E 1801AE02EB        movw _VacSpeed3+2,2,-S
 18A3 1801AE02E9        movw _VacSpeed3,2,-S
 18A8 1800AE0000        movw #0,2,-S
 18AD 1800AE4040        movw #16448,2,-S
 18B2 160000            jsr cmpf4
 18B5 260A              bne L432
 18B7                   .dbline 2331
 18B7 1AF023            leax 35,S
 18BA 1800000078        movw #120,0,x
 18BF 202B              bra L433
 18C1           L432:
 18C1                   .dbline 2332
 18C1           ;                                               else if (VacSpeed3.value==2) vacspeed = 80;
 18C1 1801AE02EB        movw _VacSpeed3+2,2,-S
 18C6 1801AE02E9        movw _VacSpeed3,2,-S
 18CB 1800AE0000        movw #0,2,-S
 18D0 1800AE4000        movw #16384,2,-S
 18D5 160000            jsr cmpf4
 18D8 260A              bne L434
 18DA                   .dbline 2332
 18DA 1AF023            leax 35,S
 18DD 1800000050        movw #80,0,x
 18E2 2008              bra L435
 18E4           L434:
 18E4                   .dbline 2333
 18E4           ;                                               else vacspeed = 40;
 18E4 1AF023            leax 35,S
 18E7 1800000028        movw #40,0,x
 18EC           L435:
 18EC           L433:
 18EC                   .dbline 2334
 18EC           ;                                               gProcImg[IN_digi_6] = ~vacspeed;
 18EC ECF023            ldd 35,S
 18EF 41                coma
 18F0 51                comb
 18F1 7B0006            stab _gProcImg+6
 18F4                   .dbline 2335
 18F4           ;                                               gProcImg[IN_digi_7] = ~vacspeed >> 8;
 18F4 ECF023            ldd 35,S
 18F7 41                coma
 18F8 51                comb
 18F9 B701              tfr A,B
 18FB 87                clra
 18FC D7                tstb
 18FD 2C01              bge X12
 18FF 41                coma
 1900           X12:
 1900 7B0007            stab _gProcImg+7
 1903                   .dbline 2336
 1903           ;                                       }
 1903                   .dbline 2339
 1903           ;                                       
 1903           ;                                       // Start the master watchdog timer for the entire operation
 1903           ;                                       SequenceTimer = VacDist3.value / 3 + 10;
 1903 1801AE0241        movw _VacDist3+2,2,-S
 1908 1801AE023F        movw _VacDist3,2,-S
 190D 1800AE0000        movw #0,2,-S
 1912 1800AE4040        movw #16448,2,-S
 1917 160000            jsr divf4
 191A 1800AE0000        movw #0,2,-S
 191F 1800AE4120        movw #16672,2,-S
 1924 160000            jsr addf4
 1927 160000            jsr fp2int
 192A 7C0000            std _SequenceTimer
 192D                   .dbline 2340
 192D           ;                                       if ( SequenceTimer <= 0 ) { SequenceTimer = 1; } // Failsafe
 192D FD0000            ldy _SequenceTimer
 1930 8D0000            cpy #0
 1933 2606              bne L438
 1935                   .dbline 2340
 1935                   .dbline 2340
 1935 180300010000      movw #1,_SequenceTimer
 193B                   .dbline 2340
 193B           L438:
 193B                   .dbline 2342
 193B           ; 
 193B           ;                                       State++; // Advance to WaitingForThirdTravelConfirmation
 193B 72001C            inc _State
 193E                   .dbline 2343
 193E           ;                                       break;
 193E 182005B7          lbra L215
 1942           L440:
 1942                   .dbline 2347
 1942           ; 
 1942           ;                               case ThirdVacMoving:
 1942           ;                                       // Wait for CAN bus confirmation that movement has begun
 1942           ;                                       if ( gProcImg[OUT_digi_12] ) {
 1942 F6001A            ldab _gProcImg+26
 1945 C100              cmpb #0
 1947 182705AE          lbeq L215
 194B                   .dbline 2347
 194B                   .dbline 2348
 194B           ;                                               State++; // Advance to ThirdTravelInProgress
 194B 72001C            inc _State
 194E                   .dbline 2349
 194E           ;                                               StateTime = 0;
 194E 180300000000      movw #0,_StateTime
 1954 180300000002      movw #0,_StateTime+2
 195A                   .dbline 2350
 195A           ;                                       }
 195A                   .dbline 2351
 195A           ;                                       break;
 195A 1820059B          lbra L215
 195E           L444:
 195E                   .dbline 2355
 195E           ; 
 195E           ;                               case ThirdVacInProgress:
 195E           ;                                       // Monitor for movement completion
 195E           ;                                       if ( !gProcImg[OUT_digi_12] ) {
 195E F6001A            ldab _gProcImg+26
 1961 C100              cmpb #0
 1963 2637              bne L445
 1965                   .dbline 2355
 1965                   .dbline 2356
 1965           ;                                               SequenceTimer = 0; // Disable watchdog on success
 1965 180300000000      movw #0,_SequenceTimer
 196B                   .dbline 2357
 196B           ;                                               if ( StateTime > RTI_One_Sec ) {
 196B 1801AE0002        movw _StateTime+2,2,-S
 1970 1801AE0000        movw _StateTime,2,-S
 1975 1800AE03D0        movw #976,2,-S
 197A 1800AE0000        movw #0,2,-S
 197F 160000            jsr cmp4
 1982 18230573          lbls L215
 1986                   .dbline 2357
 1986                   .dbline 2359
 1986           ;                                                       // Clean up registers
 1986           ;                                                       gProcImg[IN_digi_3] = 0; gProcImg[IN_digi_4] = 0;
 1986 790003            clr _gProcImg+3
 1989                   .dbline 2359
 1989 790004            clr _gProcImg+4
 198C                   .dbline 2360
 198C           ;                                                       gProcImg[IN_digi_5] = 0; gProcImg[IN_digi_6] = 0;
 198C 790005            clr _gProcImg+5
 198F                   .dbline 2360
 198F 790006            clr _gProcImg+6
 1992                   .dbline 2361
 1992           ;                                                       gProcImg[IN_digi_7] = 0;
 1992 790007            clr _gProcImg+7
 1995                   .dbline 2362
 1995           ;                                                       State++; // Advance to StartFourthVacTravel
 1995 72001C            inc _State
 1998                   .dbline 2363
 1998           ;                                               }
 1998                   .dbline 2364
 1998           ;                                       } else {
 1998 1820055D          lbra L215
 199C           L445:
 199C                   .dbline 2364
 199C                   .dbline 2365
 199C           ;                                               StateTime = 0; // Reset settling timer
 199C 180300000000      movw #0,_StateTime
 19A2 180300000002      movw #0,_StateTime+2
 19A8                   .dbline 2366
 19A8           ;                                       }
 19A8                   .dbline 2367
 19A8           ;                                       break;
 19A8 1820054D          lbra L215
 19AC           L455:
 19AC                   .dbline 2373
 19AC           ; 
 19AC           ;                               /*******************************************************************************
 19AC           ;                               *                               FOURTH MOVEMENT (+ DIR)
 19AC           ;                               *******************************************************************************/
 19AC           ;                               case StartFourthVac:
 19AC           ;                                       if ( VacDist4.value == 0 ) {
 19AC 1801AE0263        movw _VacDist4+2,2,-S
 19B1 1801AE0261        movw _VacDist4,2,-S
 19B6 1800AE0000        movw #0,2,-S
 19BB 1800AE0000        movw #0,2,-S
 19C0 160000            jsr cmpf4
 19C3 2609              bne L456
 19C5                   .dbline 2373
 19C5                   .dbline 2374
 19C5           ;                                               State = StopState; // Skip to stop
 19C5 180B22001C        movb #34,_State
 19CA                   .dbline 2375
 19CA           ;                                               break;
 19CA 1820052B          lbra L215
 19CE           L456:
 19CE                   .dbline 2379
 19CE           ;                                       }
 19CE           ; 
 19CE           ;                                       // Configure movement parameters (Positive Direction)
 19CE           ;                                       {
 19CE                   .dbline 2380
 19CE           ;                                               int travel_dist = (int)VacDist4.value * 10;
 19CE 1801AE0263        movw _VacDist4+2,2,-S
 19D3 1801AE0261        movw _VacDist4,2,-S
 19D8 160000            jsr fp2int
 19DB B746              tfr D,Y
 19DD CC000A            ldd #10
 19E0 13                emul
 19E1 6CF023            std 35,S
 19E4                   .dbline 2381
 19E4           ;                                               gProcImg[IN_digi_3] = travel_dist;
 19E4 7B0003            stab _gProcImg+3
 19E7                   .dbline 2382
 19E7           ;                                               gProcImg[IN_digi_4] = travel_dist >> 8;
 19E7 ECF023            ldd 35,S
 19EA B701              tfr A,B
 19EC 87                clra
 19ED D7                tstb
 19EE 2C01              bge X13
 19F0 41                coma
 19F1           X13:
 19F1 7B0004            stab _gProcImg+4
 19F4                   .dbline 2383
 19F4           ;                                       }
 19F4                   .dbline 2384
 19F4           ;                                       gProcImg[IN_digi_5] = 0x01; // Start command
 19F4 180B010005        movb #1,_gProcImg+5
 19F9                   .dbline 2385
 19F9           ;                                       {
 19F9                   .dbline 2387
 19F9           ;                                               int vacspeed;
 19F9           ;                                               if (VacSpeed4.value==3) vacspeed = 120;
 19F9 1801AE030D        movw _VacSpeed4+2,2,-S
 19FE 1801AE030B        movw _VacSpeed4,2,-S
 1A03 1800AE0000        movw #0,2,-S
 1A08 1800AE4040        movw #16448,2,-S
 1A0D 160000            jsr cmpf4
 1A10 260A              bne L461
 1A12                   .dbline 2387
 1A12 1AF023            leax 35,S
 1A15 1800000078        movw #120,0,x
 1A1A 202B              bra L462
 1A1C           L461:
 1A1C                   .dbline 2388
 1A1C           ;                                               else if (VacSpeed4.value==2) vacspeed = 80;
 1A1C 1801AE030D        movw _VacSpeed4+2,2,-S
 1A21 1801AE030B        movw _VacSpeed4,2,-S
 1A26 1800AE0000        movw #0,2,-S
 1A2B 1800AE4000        movw #16384,2,-S
 1A30 160000            jsr cmpf4
 1A33 260A              bne L463
 1A35                   .dbline 2388
 1A35 1AF023            leax 35,S
 1A38 1800000050        movw #80,0,x
 1A3D 2008              bra L464
 1A3F           L463:
 1A3F                   .dbline 2389
 1A3F           ;                                               else vacspeed = 40;
 1A3F 1AF023            leax 35,S
 1A42 1800000028        movw #40,0,x
 1A47           L464:
 1A47           L462:
 1A47                   .dbline 2390
 1A47           ;                                               gProcImg[IN_digi_6] = vacspeed;
 1A47 E6F024            ldab 36,S
 1A4A 7B0006            stab _gProcImg+6
 1A4D                   .dbline 2391
 1A4D           ;                                               gProcImg[IN_digi_7] = vacspeed >> 8;
 1A4D ECF023            ldd 35,S
 1A50 B701              tfr A,B
 1A52 87                clra
 1A53 D7                tstb
 1A54 2C01              bge X14
 1A56 41                coma
 1A57           X14:
 1A57 7B0007            stab _gProcImg+7
 1A5A                   .dbline 2392
 1A5A           ;                                       }
 1A5A                   .dbline 2395
 1A5A           ; 
 1A5A           ;                                       // Start the master watchdog timer for the entire operation
 1A5A           ;                                       SequenceTimer = VacDist4.value / 3 + 10;
 1A5A 1801AE0263        movw _VacDist4+2,2,-S
 1A5F 1801AE0261        movw _VacDist4,2,-S
 1A64 1800AE0000        movw #0,2,-S
 1A69 1800AE4040        movw #16448,2,-S
 1A6E 160000            jsr divf4
 1A71 1800AE0000        movw #0,2,-S
 1A76 1800AE4120        movw #16672,2,-S
 1A7B 160000            jsr addf4
 1A7E 160000            jsr fp2int
 1A81 7C0000            std _SequenceTimer
 1A84                   .dbline 2396
 1A84           ;                                       if ( SequenceTimer <= 0 ) { SequenceTimer = 1; } // Failsafe
 1A84 FD0000            ldy _SequenceTimer
 1A87 8D0000            cpy #0
 1A8A 2606              bne L467
 1A8C                   .dbline 2396
 1A8C                   .dbline 2396
 1A8C 180300010000      movw #1,_SequenceTimer
 1A92                   .dbline 2396
 1A92           L467:
 1A92                   .dbline 2398
 1A92           ;                                       
 1A92           ;                                       State++; // Advance to WaitingForFourthTravelConfirmation
 1A92 72001C            inc _State
 1A95                   .dbline 2399
 1A95           ;                                       break;
 1A95 18200460          lbra L215
 1A99           L469:
 1A99                   .dbline 2403
 1A99           ; 
 1A99           ;                               case FourthVacMoving:
 1A99           ;                                       // Wait for CAN bus confirmation that movement has begun
 1A99           ;                                       if ( gProcImg[OUT_digi_12] ) {
 1A99 F6001A            ldab _gProcImg+26
 1A9C C100              cmpb #0
 1A9E 18270457          lbeq L215
 1AA2                   .dbline 2403
 1AA2                   .dbline 2404
 1AA2           ;                                               State++; // Advance to FourthTravelInProgress
 1AA2 72001C            inc _State
 1AA5                   .dbline 2405
 1AA5           ;                                               StateTime = 0;
 1AA5 180300000000      movw #0,_StateTime
 1AAB 180300000002      movw #0,_StateTime+2
 1AB1                   .dbline 2406
 1AB1           ;                                       }
 1AB1                   .dbline 2407
 1AB1           ;                                       break;
 1AB1 18200444          lbra L215
 1AB5           L473:
 1AB5                   .dbline 2411
 1AB5           ; 
 1AB5           ;                               case FourthVacInProgress:
 1AB5           ;                                       // Monitor for movement completion
 1AB5           ;                                       if ( !gProcImg[OUT_digi_12] ) {
 1AB5 F6001A            ldab _gProcImg+26
 1AB8 C100              cmpb #0
 1ABA 2637              bne L474
 1ABC                   .dbline 2411
 1ABC                   .dbline 2412
 1ABC           ;                                               SequenceTimer = 0; // Disable watchdog on success
 1ABC 180300000000      movw #0,_SequenceTimer
 1AC2                   .dbline 2413
 1AC2           ;                                               if ( StateTime > RTI_One_Sec ) {
 1AC2 1801AE0002        movw _StateTime+2,2,-S
 1AC7 1801AE0000        movw _StateTime,2,-S
 1ACC 1800AE03D0        movw #976,2,-S
 1AD1 1800AE0000        movw #0,2,-S
 1AD6 160000            jsr cmp4
 1AD9 1823041C          lbls L215
 1ADD                   .dbline 2413
 1ADD                   .dbline 2415
 1ADD           ;                                                       // Clean up registers
 1ADD           ;                                                       gProcImg[IN_digi_3] = 0; gProcImg[IN_digi_4] = 0;
 1ADD 790003            clr _gProcImg+3
 1AE0                   .dbline 2415
 1AE0 790004            clr _gProcImg+4
 1AE3                   .dbline 2416
 1AE3           ;                                                       gProcImg[IN_digi_5] = 0; gProcImg[IN_digi_6] = 0;
 1AE3 790005            clr _gProcImg+5
 1AE6                   .dbline 2416
 1AE6 790006            clr _gProcImg+6
 1AE9                   .dbline 2417
 1AE9           ;                                                       gProcImg[IN_digi_7] = 0;
 1AE9 790007            clr _gProcImg+7
 1AEC                   .dbline 2418
 1AEC           ;                                                       State++; // Advance to StartFifthVacTravel
 1AEC 72001C            inc _State
 1AEF                   .dbline 2419
 1AEF           ;                                               }
 1AEF                   .dbline 2420
 1AEF           ;                                       } else {
 1AEF 18200406          lbra L215
 1AF3           L474:
 1AF3                   .dbline 2420
 1AF3                   .dbline 2421
 1AF3           ;                                               StateTime = 0; // Reset settling timer
 1AF3 180300000000      movw #0,_StateTime
 1AF9 180300000002      movw #0,_StateTime+2
 1AFF                   .dbline 2422
 1AFF           ;                                       }
 1AFF                   .dbline 2423
 1AFF           ;                                       break;
 1AFF 182003F6          lbra L215
 1B03           L484:
 1B03                   .dbline 2429
 1B03           ; 
 1B03           ;                               /*******************************************************************************
 1B03           ;                               *                               FIFTH MOVEMENT (- DIR)
 1B03           ;                               *******************************************************************************/
 1B03           ;                               case StartFifthVac:
 1B03           ;                                       if ( VacDist5.value == 0 ) {
 1B03 1801AE0285        movw _VacDist5+2,2,-S
 1B08 1801AE0283        movw _VacDist5,2,-S
 1B0D 1800AE0000        movw #0,2,-S
 1B12 1800AE0000        movw #0,2,-S
 1B17 160000            jsr cmpf4
 1B1A 2609              bne L485
 1B1C                   .dbline 2429
 1B1C                   .dbline 2430
 1B1C           ;                                               State = StopState; // End of all sequences
 1B1C 180B22001C        movb #34,_State
 1B21                   .dbline 2431
 1B21           ;                                               break;
 1B21 182003D4          lbra L215
 1B25           L485:
 1B25                   .dbline 2435
 1B25           ;                                       }
 1B25           ;                                       
 1B25           ;                                       // Configure movement parameters (Negative Direction)
 1B25           ;                                       {
 1B25                   .dbline 2436
 1B25           ;                                               int travel_dist = (int)VacDist5.value * -10;
 1B25 1801AE0285        movw _VacDist5+2,2,-S
 1B2A 1801AE0283        movw _VacDist5,2,-S
 1B2F 160000            jsr fp2int
 1B32 B746              tfr D,Y
 1B34 CCFFF6            ldd #65526
 1B37 13                emul
 1B38 6CF023            std 35,S
 1B3B                   .dbline 2437
 1B3B           ;                                               gProcImg[IN_digi_3] = travel_dist;
 1B3B 7B0003            stab _gProcImg+3
 1B3E                   .dbline 2438
 1B3E           ;                                               gProcImg[IN_digi_4] = travel_dist >> 8;
 1B3E ECF023            ldd 35,S
 1B41 B701              tfr A,B
 1B43 87                clra
 1B44 D7                tstb
 1B45 2C01              bge X15
 1B47 41                coma
 1B48           X15:
 1B48 7B0004            stab _gProcImg+4
 1B4B                   .dbline 2439
 1B4B           ;                                       }
 1B4B                   .dbline 2440
 1B4B           ;                                       gProcImg[IN_digi_5] = 0x01; // Start command
 1B4B 180B010005        movb #1,_gProcImg+5
 1B50                   .dbline 2441
 1B50           ;                                       {
 1B50                   .dbline 2443
 1B50           ;                                               int vacspeed;
 1B50           ;                                               if (VacSpeed5.value==3) vacspeed = 120;
 1B50 1801AE032F        movw _VacSpeed5+2,2,-S
 1B55 1801AE032D        movw _VacSpeed5,2,-S
 1B5A 1800AE0000        movw #0,2,-S
 1B5F 1800AE4040        movw #16448,2,-S
 1B64 160000            jsr cmpf4
 1B67 260A              bne L490
 1B69                   .dbline 2443
 1B69 1AF023            leax 35,S
 1B6C 1800000078        movw #120,0,x
 1B71 202B              bra L491
 1B73           L490:
 1B73                   .dbline 2444
 1B73           ;                                               else if (VacSpeed5.value==2) vacspeed = 80;
 1B73 1801AE032F        movw _VacSpeed5+2,2,-S
 1B78 1801AE032D        movw _VacSpeed5,2,-S
 1B7D 1800AE0000        movw #0,2,-S
 1B82 1800AE4000        movw #16384,2,-S
 1B87 160000            jsr cmpf4
 1B8A 260A              bne L492
 1B8C                   .dbline 2444
 1B8C 1AF023            leax 35,S
 1B8F 1800000050        movw #80,0,x
 1B94 2008              bra L493
 1B96           L492:
 1B96                   .dbline 2445
 1B96           ;                                               else vacspeed = 40;
 1B96 1AF023            leax 35,S
 1B99 1800000028        movw #40,0,x
 1B9E           L493:
 1B9E           L491:
 1B9E                   .dbline 2446
 1B9E           ;                                               gProcImg[IN_digi_6] = ~vacspeed;
 1B9E ECF023            ldd 35,S
 1BA1 41                coma
 1BA2 51                comb
 1BA3 7B0006            stab _gProcImg+6
 1BA6                   .dbline 2447
 1BA6           ;                                               gProcImg[IN_digi_7] = ~vacspeed >> 8;
 1BA6 ECF023            ldd 35,S
 1BA9 41                coma
 1BAA 51                comb
 1BAB B701              tfr A,B
 1BAD 87                clra
 1BAE D7                tstb
 1BAF 2C01              bge X16
 1BB1 41                coma
 1BB2           X16:
 1BB2 7B0007            stab _gProcImg+7
 1BB5                   .dbline 2448
 1BB5           ;                                       }
 1BB5                   .dbline 2451
 1BB5           ;                                       
 1BB5           ;                                       // Start the master watchdog timer for the entire operation
 1BB5           ;                                       SequenceTimer = VacDist5.value / 3 + 10;
 1BB5 1801AE0285        movw _VacDist5+2,2,-S
 1BBA 1801AE0283        movw _VacDist5,2,-S
 1BBF 1800AE0000        movw #0,2,-S
 1BC4 1800AE4040        movw #16448,2,-S
 1BC9 160000            jsr divf4
 1BCC 1800AE0000        movw #0,2,-S
 1BD1 1800AE4120        movw #16672,2,-S
 1BD6 160000            jsr addf4
 1BD9 160000            jsr fp2int
 1BDC 7C0000            std _SequenceTimer
 1BDF                   .dbline 2452
 1BDF           ;                                       if ( SequenceTimer <= 0 ) { SequenceTimer = 1; } // Failsafe
 1BDF FD0000            ldy _SequenceTimer
 1BE2 8D0000            cpy #0
 1BE5 2606              bne L496
 1BE7                   .dbline 2452
 1BE7                   .dbline 2452
 1BE7 180300010000      movw #1,_SequenceTimer
 1BED                   .dbline 2452
 1BED           L496:
 1BED                   .dbline 2454
 1BED           ; 
 1BED           ;                                       State++; // Advance to WaitingForFifthTravelConfirmation
 1BED 72001C            inc _State
 1BF0                   .dbline 2455
 1BF0           ;                                       break;
 1BF0 18200305          lbra L215
 1BF4           L498:
 1BF4                   .dbline 2459
 1BF4           ; 
 1BF4           ;                               case FifthVacMoving:
 1BF4           ;                                       // Wait for CAN bus confirmation that movement has begun
 1BF4           ;                                       if ( gProcImg[OUT_digi_12] ) {
 1BF4 F6001A            ldab _gProcImg+26
 1BF7 C100              cmpb #0
 1BF9 182702FC          lbeq L215
 1BFD                   .dbline 2459
 1BFD                   .dbline 2460
 1BFD           ;                                               State++; // Advance to FifthTravelInProgress
 1BFD 72001C            inc _State
 1C00                   .dbline 2461
 1C00           ;                                               StateTime = 0;
 1C00 180300000000      movw #0,_StateTime
 1C06 180300000002      movw #0,_StateTime+2
 1C0C                   .dbline 2462
 1C0C           ;                                       }
 1C0C                   .dbline 2463
 1C0C           ;                                       break;
 1C0C 182002E9          lbra L215
 1C10           L502:
 1C10                   .dbline 2467
 1C10           ; 
 1C10           ;                               case FifthVacInProgress:
 1C10           ;                                       // Monitor for movement completion
 1C10           ;                                       if ( !gProcImg[OUT_digi_12] ) {
 1C10 F6001A            ldab _gProcImg+26
 1C13 C100              cmpb #0
 1C15 2639              bne L503
 1C17                   .dbline 2467
 1C17                   .dbline 2468
 1C17           ;                                               SequenceTimer = 0; // Disable watchdog on success
 1C17 180300000000      movw #0,_SequenceTimer
 1C1D                   .dbline 2469
 1C1D           ;                                               if ( StateTime > RTI_One_Sec ) {
 1C1D 1801AE0002        movw _StateTime+2,2,-S
 1C22 1801AE0000        movw _StateTime,2,-S
 1C27 1800AE03D0        movw #976,2,-S
 1C2C 1800AE0000        movw #0,2,-S
 1C31 160000            jsr cmp4
 1C34 182302C1          lbls L215
 1C38                   .dbline 2469
 1C38                   .dbline 2471
 1C38           ;                                                       // Clean up registers
 1C38           ;                                                       gProcImg[IN_digi_3] = 0; gProcImg[IN_digi_4] = 0;
 1C38 790003            clr _gProcImg+3
 1C3B                   .dbline 2471
 1C3B 790004            clr _gProcImg+4
 1C3E                   .dbline 2472
 1C3E           ;                                                       gProcImg[IN_digi_5] = 0; gProcImg[IN_digi_6] = 0;
 1C3E 790005            clr _gProcImg+5
 1C41                   .dbline 2472
 1C41 790006            clr _gProcImg+6
 1C44                   .dbline 2473
 1C44           ;                                                       gProcImg[IN_digi_7] = 0;
 1C44 790007            clr _gProcImg+7
 1C47                   .dbline 2474
 1C47           ;                                                       State = StopState; // End of all sequences
 1C47 180B22001C        movb #34,_State
 1C4C                   .dbline 2475
 1C4C           ;                                               }
 1C4C                   .dbline 2476
 1C4C           ;                                       } else {
 1C4C 182002A9          lbra L215
 1C50           L503:
 1C50                   .dbline 2476
 1C50                   .dbline 2477
 1C50           ;                                               StateTime = 0; // Reset settling timer
 1C50 180300000000      movw #0,_StateTime
 1C56 180300000002      movw #0,_StateTime+2
 1C5C                   .dbline 2478
 1C5C           ;                                       }
 1C5C                   .dbline 2479
 1C5C           ;                                       break;
 1C5C 18200299          lbra L215
 1C60           L513:
 1C60                   .dbline 2482
 1C60           ; 
 1C60           ;                           case StopState:
 1C60           ;                                   StateTime = 0;
 1C60 180300000000      movw #0,_StateTime
 1C66 180300000002      movw #0,_StateTime+2
 1C6C                   .dbline 2483
 1C6C           ;                       Move_Position = 0;
 1C6C 180300000015      movw #0,_Move_Position
 1C72                   .dbline 2484
 1C72           ;                                       SequenceTimer = 0;
 1C72 180300000000      movw #0,_SequenceTimer
 1C78                   .dbline 2486
 1C78           ;                                                               
 1C78           ;                                       gProcImg[IN_digi_3] = 0;
 1C78 790003            clr _gProcImg+3
 1C7B                   .dbline 2487
 1C7B           ;                                       gProcImg[IN_digi_4] = 0;
 1C7B 790004            clr _gProcImg+4
 1C7E                   .dbline 2488
 1C7E           ;                                       gProcImg[IN_digi_5] = 0;
 1C7E 790005            clr _gProcImg+5
 1C81                   .dbline 2489
 1C81           ;                                       gProcImg[IN_digi_6] = 0;
 1C81 790006            clr _gProcImg+6
 1C84                   .dbline 2490
 1C84           ;                                       gProcImg[IN_digi_7] = 0;
 1C84 790007            clr _gProcImg+7
 1C87                   .dbline 2492
 1C87           ; 
 1C87           ;                               SealsOnOff.value = 1; 
 1C87 18033F80052D      movw #16256,_SealsOnOff
 1C8D 18030000052F      movw #0,_SealsOnOff+2
 1C93                   .dbline 2493
 1C93           ;                                       getstrval( &SealsOnOff );
 1C93 CC052D            ldd #_SealsOnOff
 1C96 4A000000          xcall $_getstrval
 1C9A                   .dbline 2494
 1C9A           ;                                       strncpy(SealsOnOff.str_value,"OFF",SealsOnOff.len_str);
 1C9A F6053E            ldab _SealsOnOff+17
 1C9D B716              tfr B,Y
 1C9F 6D82              sty 2,S
 1CA1 CD0345            ldy #L345
 1CA4 6D80              sty 0,S
 1CA6 CC053F            ldd #_SealsOnOff+18
 1CA9 4A000000          xcall $_strncpy
 1CAD                   .dbline 2495
 1CAD           ;                                       getvalue(&SealsOnOff,0);
 1CAD CD0000            ldy #0
 1CB0 6D80              sty 0,S
 1CB2 CC052D            ldd #_SealsOnOff
 1CB5 4A000000          xcall $_getvalue
 1CB9 1B84              leas 4,S
 1CBB                   .dbline 2497
 1CBB           ;                                                       
 1CBB           ;                                       BlowersOnOff.value = 1; 
 1CBB 18033F8004E9      movw #16256,_BlowersOnOff
 1CC1 1803000004EB      movw #0,_BlowersOnOff+2
 1CC7                   .dbline 2498
 1CC7           ;                                       getstrval( &BlowersOnOff );
 1CC7 CC04E9            ldd #_BlowersOnOff
 1CCA 4A000000          xcall $_getstrval
 1CCE                   .dbline 2499
 1CCE           ;                                       strncpy(BlowersOnOff.str_value,"OFF",BlowersOnOff.len_str);
 1CCE F604FA            ldab _BlowersOnOff+17
 1CD1 B716              tfr B,Y
 1CD3 6D82              sty 2,S
 1CD5 CD0345            ldy #L345
 1CD8 6D80              sty 0,S
 1CDA CC04FB            ldd #_BlowersOnOff+18
 1CDD 4A000000          xcall $_strncpy
 1CE1                   .dbline 2500
 1CE1           ;                                       getvalue(&BlowersOnOff,0);
 1CE1 CD0000            ldy #0
 1CE4 6D80              sty 0,S
 1CE6 CC04E9            ldd #_BlowersOnOff
 1CE9 4A000000          xcall $_getvalue
 1CED 1B84              leas 4,S
 1CEF                   .dbline 2502
 1CEF           ;                                       
 1CEF           ;                                       VacuumOnOff.value = 1; 
 1CEF 18033F80050B      movw #16256,_VacuumOnOff
 1CF5 18030000050D      movw #0,_VacuumOnOff+2
 1CFB                   .dbline 2503
 1CFB           ;                                       getstrval( &VacuumOnOff );
 1CFB CC050B            ldd #_VacuumOnOff
 1CFE 4A000000          xcall $_getstrval
 1D02                   .dbline 2504
 1D02           ;                                       strncpy(VacuumOnOff.str_value,"OFF",VacuumOnOff.len_str);
 1D02 F6051C            ldab _VacuumOnOff+17
 1D05 B716              tfr B,Y
 1D07 6D82              sty 2,S
 1D09 CD0345            ldy #L345
 1D0C 6D80              sty 0,S
 1D0E CC051D            ldd #_VacuumOnOff+18
 1D11 4A000000          xcall $_strncpy
 1D15                   .dbline 2505
 1D15           ;                                       getvalue(&VacuumOnOff,0);
 1D15 CD0000            ldy #0
 1D18 6D80              sty 0,S
 1D1A CC050B            ldd #_VacuumOnOff
 1D1D 4A000000          xcall $_getvalue
 1D21 1B84              leas 4,S
 1D23                   .dbline 2507
 1D23           ;                                                                       
 1D23           ;                                       HeadCWOnOff.value = 1; 
 1D23 18033F8004A5      movw #16256,_HeadCWOnOff
 1D29 1803000004A7      movw #0,_HeadCWOnOff+2
 1D2F                   .dbline 2508
 1D2F           ;                                       getstrval( &HeadCWOnOff );
 1D2F CC04A5            ldd #_HeadCWOnOff
 1D32 4A000000          xcall $_getstrval
 1D36                   .dbline 2509
 1D36           ;                                       strncpy(HeadCWOnOff.str_value,"OFF",HeadCWOnOff.len_str);
 1D36 F604B6            ldab _HeadCWOnOff+17
 1D39 B716              tfr B,Y
 1D3B 6D82              sty 2,S
 1D3D CD0345            ldy #L345
 1D40 6D80              sty 0,S
 1D42 CC04B7            ldd #_HeadCWOnOff+18
 1D45 4A000000          xcall $_strncpy
 1D49                   .dbline 2510
 1D49           ;                                       getvalue(&HeadCWOnOff,0);
 1D49 CD0000            ldy #0
 1D4C 6D80              sty 0,S
 1D4E CC04A5            ldd #_HeadCWOnOff
 1D51 4A000000          xcall $_getvalue
 1D55 1B84              leas 4,S
 1D57                   .dbline 2512
 1D57           ;                                                          
 1D57           ;                                       HeadCCWOnOff.value = 1; 
 1D57 18033F8004C7      movw #16256,_HeadCCWOnOff
 1D5D 1803000004C9      movw #0,_HeadCCWOnOff+2
 1D63                   .dbline 2513
 1D63           ;                                       getstrval( &HeadCCWOnOff );
 1D63 CC04C7            ldd #_HeadCCWOnOff
 1D66 4A000000          xcall $_getstrval
 1D6A                   .dbline 2514
 1D6A           ;                                       strncpy(HeadCCWOnOff.str_value,"OFF",HeadCCWOnOff.len_str);
 1D6A F604D8            ldab _HeadCCWOnOff+17
 1D6D B716              tfr B,Y
 1D6F 6D82              sty 2,S
 1D71 CD0345            ldy #L345
 1D74 6D80              sty 0,S
 1D76 CC04D9            ldd #_HeadCCWOnOff+18
 1D79 4A000000          xcall $_strncpy
 1D7D                   .dbline 2515
 1D7D           ;                                       getvalue(&HeadCCWOnOff,0);
 1D7D CD0000            ldy #0
 1D80 6D80              sty 0,S
 1D82 CC04C7            ldd #_HeadCCWOnOff
 1D85 4A000000          xcall $_getvalue
 1D89 1B84              leas 4,S
 1D8B                   .dbline 2519
 1D8B           ; 
 1D8B           ;                                   //MCO_InitTPDO(4,0x318,0,100,5,IN_digi_3); 
 1D8B           ;                                       
 1D8B           ;                                       if ( !LA_Moving )
 1D8B F60014            ldab _LA_Moving
 1D8E C100              cmpb #0
 1D90 18260165          lbne L215
 1D94                   .dbline 2520
 1D94           ;                                       {
 1D94                   .dbline 2521
 1D94           ;                                           Display ( "Proc:Vacuuming Complete" );
 1D94 CC0316            ldd #L531
 1D97 4A000000          xcall $_Display
 1D9B                   .dbline 2522
 1D9B           ;                                               Update_Menu_Timer = 5 * RTI_One_Sec;
 1D9B 180313100000      movw #4880,_Update_Menu_Timer
 1DA1                   .dbline 2523
 1DA1           ;                                       State++;
 1DA1 72001C            inc _State
 1DA4                   .dbline 2524
 1DA4           ;                                       }
 1DA4                   .dbline 2525
 1DA4           ;                               break;
 1DA4 18200151          lbra L215
 1DA8           L532:
 1DA8                   .dbline 2528
 1DA8           ;                               
 1DA8           ;                           case FinishState:
 1DA8           ;                                   State = FinishState;
 1DA8 180B23001C        movb #35,_State
 1DAD                   .dbline 2529
 1DAD           ;                                       gProcImg[IN_digi_15]&=~(1<<0);
 1DAD 1D000901          bclr _gProcImg+9,#1
 1DB1                   .dbline 2531
 1DB1           ;                                       
 1DB1           ;                               break;
 1DB1 18200144          lbra L215
 1DB5           L534:
 1DB5                   .dbline 2534
 1DB5           ;                               
 1DB5           ;                               case ErrorState:
 1DB5           ;                                   StateTime = 0;
 1DB5 180300000000      movw #0,_StateTime
 1DBB 180300000002      movw #0,_StateTime+2
 1DC1                   .dbline 2535
 1DC1           ;                                   Display ( "Warn:TIMEOUT ERROR" );
 1DC1 CC0303            ldd #L535
 1DC4 4A000000          xcall $_Display
 1DC8                   .dbline 2536
 1DC8           ;                                       Update_Menu_Timer = 5 * RTI_One_Sec;
 1DC8 180313100000      movw #4880,_Update_Menu_Timer
 1DCE                   .dbline 2537
 1DCE           ;                       Move_Position = 0;
 1DCE 180300000015      movw #0,_Move_Position
 1DD4                   .dbline 2538
 1DD4           ;                                       SequenceTimer = 0;
 1DD4 180300000000      movw #0,_SequenceTimer
 1DDA                   .dbline 2540
 1DDA           ;                                                               
 1DDA           ;                                       gProcImg[IN_digi_3] = 0;
 1DDA 790003            clr _gProcImg+3
 1DDD                   .dbline 2541
 1DDD           ;                                       gProcImg[IN_digi_4] = 0;
 1DDD 790004            clr _gProcImg+4
 1DE0                   .dbline 2542
 1DE0           ;                                       gProcImg[IN_digi_5] = 0;
 1DE0 790005            clr _gProcImg+5
 1DE3                   .dbline 2543
 1DE3           ;                                       gProcImg[IN_digi_6] = 0;
 1DE3 790006            clr _gProcImg+6
 1DE6                   .dbline 2544
 1DE6           ;                                       gProcImg[IN_digi_7] = 0;
 1DE6 790007            clr _gProcImg+7
 1DE9                   .dbline 2546
 1DE9           ; 
 1DE9           ;                               SealsOnOff.value = 1; 
 1DE9 18033F80052D      movw #16256,_SealsOnOff
 1DEF 18030000052F      movw #0,_SealsOnOff+2
 1DF5                   .dbline 2547
 1DF5           ;                                       getstrval( &SealsOnOff );
 1DF5 CC052D            ldd #_SealsOnOff
 1DF8 4A000000          xcall $_getstrval
 1DFC                   .dbline 2548
 1DFC           ;                                       strncpy(SealsOnOff.str_value,"OFF",SealsOnOff.len_str);
 1DFC F6053E            ldab _SealsOnOff+17
 1DFF B716              tfr B,Y
 1E01 6D82              sty 2,S
 1E03 CD0345            ldy #L345
 1E06 6D80              sty 0,S
 1E08 CC053F            ldd #_SealsOnOff+18
 1E0B 4A000000          xcall $_strncpy
 1E0F                   .dbline 2549
 1E0F           ;                                       getvalue(&SealsOnOff,0);
 1E0F CD0000            ldy #0
 1E12 6D80              sty 0,S
 1E14 CC052D            ldd #_SealsOnOff
 1E17 4A000000          xcall $_getvalue
 1E1B 1B84              leas 4,S
 1E1D                   .dbline 2551
 1E1D           ;                                                                       
 1E1D           ;                                       BlowersOnOff.value = 1; 
 1E1D 18033F8004E9      movw #16256,_BlowersOnOff
 1E23 1803000004EB      movw #0,_BlowersOnOff+2
 1E29                   .dbline 2552
 1E29           ;                                       getstrval( &BlowersOnOff );
 1E29 CC04E9            ldd #_BlowersOnOff
 1E2C 4A000000          xcall $_getstrval
 1E30                   .dbline 2553
 1E30           ;                                       strncpy(BlowersOnOff.str_value,"OFF",BlowersOnOff.len_str);
 1E30 F604FA            ldab _BlowersOnOff+17
 1E33 B716              tfr B,Y
 1E35 6D82              sty 2,S
 1E37 CD0345            ldy #L345
 1E3A 6D80              sty 0,S
 1E3C CC04FB            ldd #_BlowersOnOff+18
 1E3F 4A000000          xcall $_strncpy
 1E43                   .dbline 2554
 1E43           ;                                       getvalue(&BlowersOnOff,0);
 1E43 CD0000            ldy #0
 1E46 6D80              sty 0,S
 1E48 CC04E9            ldd #_BlowersOnOff
 1E4B 4A000000          xcall $_getvalue
 1E4F 1B84              leas 4,S
 1E51                   .dbline 2556
 1E51           ;                                       
 1E51           ;                                       VacuumOnOff.value = 1; 
 1E51 18033F80050B      movw #16256,_VacuumOnOff
 1E57 18030000050D      movw #0,_VacuumOnOff+2
 1E5D                   .dbline 2557
 1E5D           ;                                       getstrval( &VacuumOnOff );
 1E5D CC050B            ldd #_VacuumOnOff
 1E60 4A000000          xcall $_getstrval
 1E64                   .dbline 2558
 1E64           ;                                       strncpy(VacuumOnOff.str_value,"OFF",VacuumOnOff.len_str);
 1E64 F6051C            ldab _VacuumOnOff+17
 1E67 B716              tfr B,Y
 1E69 6D82              sty 2,S
 1E6B CD0345            ldy #L345
 1E6E 6D80              sty 0,S
 1E70 CC051D            ldd #_VacuumOnOff+18
 1E73 4A000000          xcall $_strncpy
 1E77                   .dbline 2559
 1E77           ;                                       getvalue(&VacuumOnOff,0);
 1E77 CD0000            ldy #0
 1E7A 6D80              sty 0,S
 1E7C CC050B            ldd #_VacuumOnOff
 1E7F 4A000000          xcall $_getvalue
 1E83 1B84              leas 4,S
 1E85                   .dbline 2562
 1E85           ;                                       
 1E85           ;                               
 1E85           ;                                       HeadCWOnOff.value = 1; 
 1E85 18033F8004A5      movw #16256,_HeadCWOnOff
 1E8B 1803000004A7      movw #0,_HeadCWOnOff+2
 1E91                   .dbline 2563
 1E91           ;                                       getstrval( &HeadCWOnOff );
 1E91 CC04A5            ldd #_HeadCWOnOff
 1E94 4A000000          xcall $_getstrval
 1E98                   .dbline 2564
 1E98           ;                                       strncpy(HeadCWOnOff.str_value,"OFF",HeadCWOnOff.len_str);
 1E98 F604B6            ldab _HeadCWOnOff+17
 1E9B B716              tfr B,Y
 1E9D 6D82              sty 2,S
 1E9F CD0345            ldy #L345
 1EA2 6D80              sty 0,S
 1EA4 CC04B7            ldd #_HeadCWOnOff+18
 1EA7 4A000000          xcall $_strncpy
 1EAB                   .dbline 2565
 1EAB           ;                                       getvalue(&HeadCWOnOff,0);
 1EAB CD0000            ldy #0
 1EAE 6D80              sty 0,S
 1EB0 CC04A5            ldd #_HeadCWOnOff
 1EB3 4A000000          xcall $_getvalue
 1EB7 1B84              leas 4,S
 1EB9                   .dbline 2567
 1EB9           ;                                                           
 1EB9           ;                                       HeadCCWOnOff.value = 1; 
 1EB9 18033F8004C7      movw #16256,_HeadCCWOnOff
 1EBF 1803000004C9      movw #0,_HeadCCWOnOff+2
 1EC5                   .dbline 2568
 1EC5           ;                                       getstrval( &HeadCCWOnOff );
 1EC5 CC04C7            ldd #_HeadCCWOnOff
 1EC8 4A000000          xcall $_getstrval
 1ECC                   .dbline 2569
 1ECC           ;                                       strncpy(HeadCCWOnOff.str_value,"OFF",HeadCCWOnOff.len_str);
 1ECC F604D8            ldab _HeadCCWOnOff+17
 1ECF B716              tfr B,Y
 1ED1 6D82              sty 2,S
 1ED3 CD0345            ldy #L345
 1ED6 6D80              sty 0,S
 1ED8 CC04D9            ldd #_HeadCCWOnOff+18
 1EDB 4A000000          xcall $_strncpy
 1EDF                   .dbline 2570
 1EDF           ;                                       getvalue(&HeadCCWOnOff,0);
 1EDF CD0000            ldy #0
 1EE2 6D80              sty 0,S
 1EE4 CC04C7            ldd #_HeadCCWOnOff
 1EE7 4A000000          xcall $_getvalue
 1EEB 1B84              leas 4,S
 1EED                   .dbline 2574
 1EED           ; 
 1EED           ;                                   //MCO_InitTPDO(4,0x318,0,100,5,IN_digi_3); 
 1EED           ; 
 1EED           ;                                       State = FinishState;
 1EED 180B23001C        movb #35,_State
 1EF2                   .dbline 2575
 1EF2           ;                               break;
 1EF2 2005              bra L215
 1EF4           L214:
 1EF4                   .dbline 2578
 1EF4           ;                               
 1EF4           ;                               default:
 1EF4           ;                                   State = FinishState;
 1EF4 180B23001C        movb #35,_State
 1EF9                   .dbline 2579
 1EF9           ;               break;
 1EF9           L215:
 1EF9                   .dbline 2581
 1EF9           ;             }       
 1EF9           ;     } 
 1EF9                   .dbline 2584
 1EF9           ;       
 1EF9           ;        // Operate on CANopen protocol stack
 1EF9           ;         i = MCO_ProcessStack();
 1EF9 4A000000          xcall $_MCO_ProcessStack
 1EFD 87                clra
 1EFE 6CF029            std 41,S
 1F01                   .dbline -2
 1F01           L120:
 1F01                   .dbline 0 ; func end
 1F01 1BF02B            leas 43,S
 1F04 0A                rtc
 1F05                   .dbsym l vacspeed 35 I
 1F05                   .dbsym l travel_dist 35 I
 1F05                   .dbsym l vacspeed 35 I
 1F05                   .dbsym l travel_dist 35 I
 1F05                   .dbsym l vacspeed 35 I
 1F05                   .dbsym l travel_dist 35 I
 1F05                   .dbsym l vacspeed 35 I
 1F05                   .dbsym l travel_dist 35 I
 1F05                   .dbsym l vacspeed 35 I
 1F05                   .dbsym l travel_dist 35 I
 1F05                   .dbsym l tempstr 12 A[25:25]c
 1F05                   .dbsym l tempstr 12 A[25:25]c
 1F05                   .dbsym l tempstr 12 A[25:25]c
 1F05                   .dbsym l LineupTimeMsg 13 A[24:24]c
 1F05                   .dbsym l lineup_speed 33 I
 1F05                   .dbsym l travel_dist 35 I
 1F05                   .dbsym l lineup_speed 33 I
 1F05                   .dbsym l travel_dist 35 I
 1F05                   .dbsym l var 37 pS[menu_var]
 1F05                   .dbsym l var 37 pS[menu_var]
 1F05                   .dbsym l j 39 I
 1F05                   .dbsym l i 41 I
 1F05                   .dbend
                        .area text
 02ED                   .dbfile C:\Users\vbenton.crtsglobal\Desktop\temp\REV3~1.25\SOURCE~1\Subroutines.c
 02ED           L554:
 02ED 2020203000        .byte 32,32,32,48,0
                        .area data
 05B3                   .dbfile C:\Users\vbenton.crtsglobal\Desktop\temp\REV3~1.25\SOURCE~1\Subroutines.c
 05B3           L555:
 05B3                   .blkb 2
                        .area idata
 05B3 0000              .word 0
                        .area data
 05B5                   .dbfile C:\Users\vbenton.crtsglobal\Desktop\temp\REV3~1.25\SOURCE~1\Subroutines.c
 05B5           L556:
 05B5                   .blkb 2
                        .area idata
 05B5 0000              .word 0
                        .area data
 05B7                   .dbfile C:\Users\vbenton.crtsglobal\Desktop\temp\REV3~1.25\SOURCE~1\Subroutines.c
                        .area extcode(paged)
 1F05                   .dbfile C:\Users\vbenton.crtsglobal\Desktop\temp\REV3~1.25\SOURCE~1\Subroutines.c
 1F05                   .dbfunc e CompressorMain _CompressorMain fV
 1F05                   .dbsym s Prev_HighSetPoint L556 I
 1F05                   .dbsym s Prev_LowSetPoint L555 I
 1F05           ;       ATDValue -> 12,SP
 1F05           ;        Tempstr -> 14,SP
 1F05           $_CompressorMain::
 1F05 1BF1ED            leas -19,S
 1F08                   .dbline -1
 1F08                   .dbline 2592
 1F08           ;         //End MicroCanOpen Stack
 1F08           ; }
 1F08           ; 
 1F08           ; 
 1F08           ; 
 1F08           ; 
 1F08           ; void CompressorMain ( void )
 1F08           ; {
 1F08                   .dbline 2593
 1F08           ;     {
 1F08                   .dbline 2594
 1F08           ;         char Tempstr[] = "   0";
 1F08 CD02ED            ldy #L554
 1F0B 1A8E              leax 14,S
 1F0D 180A7030          movb 1,Y+,1,X+
 1F11 CC0002            ldd #2
 1F14           X19:
 1F14 18027131          movw 2,Y+,2,X+
 1F18 0434F9            dbne D,X19
 1F1B                   .dbline 2598
 1F1B           ;               int ATDValue;
 1F1B           ;               static int Prev_LowSetPoint = 0,Prev_HighSetPoint = 0;
 1F1B           ; 
 1F1B           ;               if ( HighSetPoint.value - LowSetPoint.value < 10 )//see if upper and lower setpoints are too close
 1F1B 1801AE0373        movw _HighSetPoint+2,2,-S
 1F20 1801AE0371        movw _HighSetPoint,2,-S
 1F25 1801AE0351        movw _LowSetPoint+2,2,-S
 1F2A 1801AE034F        movw _LowSetPoint,2,-S
 1F2F 160000            jsr subf4
 1F32 1800AE0000        movw #0,2,-S
 1F37 1800AE4120        movw #16672,2,-S
 1F3C 160000            jsr cmpf4
 1F3F 182C0082          lbge L557
 1F43                   .dbline 2599
 1F43           ;               {
 1F43                   .dbline 2600
 1F43           ;                  if ( Prev_LowSetPoint != LowSetPoint.value )//see if lower setpoint changed, adjust upper setpoint if it did
 1F43 FC05B3            ldd L555
 1F46 160000            jsr int2fp
 1F49 1801AE0351        movw _LowSetPoint+2,2,-S
 1F4E 1801AE034F        movw _LowSetPoint,2,-S
 1F53 160000            jsr cmpf4
 1F56 272D              beq L559
 1F58                   .dbline 2601
 1F58           ;                  {
 1F58                   .dbline 2602
 1F58           ;                      HighSetPoint.value = LowSetPoint.value + 10;
 1F58 1801AE0351        movw _LowSetPoint+2,2,-S
 1F5D 1801AE034F        movw _LowSetPoint,2,-S
 1F62 1800AE0000        movw #0,2,-S
 1F67 1800AE4120        movw #16672,2,-S
 1F6C 160000            jsr addf4
 1F6F 30                pulx
 1F70 7E0371            stx _HighSetPoint
 1F73 30                pulx
 1F74 7E0373            stx _HighSetPoint+2
 1F77                   .dbline 2603
 1F77           ;                          getstrval (&HighSetPoint);
 1F77 CC0371            ldd #_HighSetPoint
 1F7A 4A000000          xcall $_getstrval
 1F7E                   .dbline 2604
 1F7E           ;                          UpdateMenu = 1;
 1F7E 180B010141        movb #1,_UpdateMenu
 1F83                   .dbline 2605
 1F83           ;                  }
 1F83 2040              bra L560
 1F85           L559:
 1F85                   .dbline 2606
 1F85           ;                  else if ( Prev_HighSetPoint != HighSetPoint.value )//see if upper setpoint changed, adjust lower setpoint if it did
 1F85 FC05B5            ldd L556
 1F88 160000            jsr int2fp
 1F8B 1801AE0373        movw _HighSetPoint+2,2,-S
 1F90 1801AE0371        movw _HighSetPoint,2,-S
 1F95 160000            jsr cmpf4
 1F98 272B              beq L561
 1F9A                   .dbline 2607
 1F9A           ;                  {
 1F9A                   .dbline 2608
 1F9A           ;                      LowSetPoint.value = HighSetPoint.value - 10;
 1F9A 1801AE0373        movw _HighSetPoint+2,2,-S
 1F9F 1801AE0371        movw _HighSetPoint,2,-S
 1FA4 1800AE0000        movw #0,2,-S
 1FA9 1800AE4120        movw #16672,2,-S
 1FAE 160000            jsr subf4
 1FB1 30                pulx
 1FB2 7E034F            stx _LowSetPoint
 1FB5 30                pulx
 1FB6 7E0351            stx _LowSetPoint+2
 1FB9                   .dbline 2609
 1FB9           ;                          getstrval (&LowSetPoint);
 1FB9 CC034F            ldd #_LowSetPoint
 1FBC 4A000000          xcall $_getstrval
 1FC0                   .dbline 2610
 1FC0           ;                          UpdateMenu = 1;
 1FC0 180B010141        movb #1,_UpdateMenu
 1FC5                   .dbline 2611
 1FC5           ;                  }
 1FC5           L561:
 1FC5           L560:
 1FC5                   .dbline 2612
 1FC5           ;               }
 1FC5           L557:
 1FC5                   .dbline 2613
 1FC5           ;               Prev_HighSetPoint = HighSetPoint.value;
 1FC5 1801AE0373        movw _HighSetPoint+2,2,-S
 1FCA 1801AE0371        movw _HighSetPoint,2,-S
 1FCF 160000            jsr fp2int
 1FD2 B746              tfr D,Y
 1FD4 7D05B5            sty L556
 1FD7                   .dbline 2614
 1FD7           ;               Prev_LowSetPoint = LowSetPoint.value;
 1FD7 1801AE0351        movw _LowSetPoint+2,2,-S
 1FDC 1801AE034F        movw _LowSetPoint,2,-S
 1FE1 160000            jsr fp2int
 1FE4 7C05B3            std L555
 1FE7                   .dbline 2616
 1FE7           ;               
 1FE7           ;               ATDValue = ATDGetLevel ( 0 );
 1FE7 CC0000            ldd #0
 1FEA 4A050C0C          xcall $_ATDGetLevel
 1FEE B745              tfr D,X
 1FF0 6E8C              stx 12,S
 1FF2                   .dbline 2618
 1FF2           ;               
 1FF2           ;               if ( ATDValue > pressure_zero )     
 1FF2 B754              tfr X,D
 1FF4 160000            jsr int2fp
 1FF7 1800AE0000        movw #0,2,-S
 1FFC 1800AE42CC        movw #17100,2,-S
 2001 160000            jsr cmpf4
 2004 2F41              ble L563
 2006                   .dbline 2619
 2006           ;                   sprintf (Tempstr, "%3d", (int)((ATDValue - pressure_zero)/pressure_range * 100 ));
 2006 1800AE0000        movw #0,2,-S
 200B 1800AE42C8        movw #17096,2,-S
 2010 ECF010            ldd 16,S
 2013 160000            jsr int2fp
 2016 1800AE0000        movw #0,2,-S
 201B 1800AE42CC        movw #17100,2,-S
 2020 160000            jsr subf4
 2023 1800AE0000        movw #0,2,-S
 2028 1800AE444C        movw #17484,2,-S
 202D 160000            jsr divf4
 2030 160000            jsr mulf4
 2033 160000            jsr fp2int
 2036 CD02FF            ldy #L565
 2039 6C84              std 4,S
 203B 6D82              sty 2,S
 203D 198E              leay 14,S
 203F 6D80              sty 0,S
 2041 4A000000          xcall $_sprintf
 2045 2012              bra L564
 2047           L563:
 2047                   .dbline 2621
 2047           ;               else
 2047           ;                   sprintf (Tempstr, "%3d", 0 );
 2047 CD0000            ldy #0
 204A 6D84              sty 4,S
 204C CD02FF            ldy #L565
 204F 6D82              sty 2,S
 2051 198E              leay 14,S
 2053 6D80              sty 0,S
 2055 4A000000          xcall $_sprintf
 2059           L564:
 2059                   .dbline 2623
 2059           ;                       
 2059           ;         if ( atoi ( Tempstr ) != Pressure.value )
 2059 198E              leay 14,S
 205B B764              tfr Y,D
 205D 4A000000          xcall $_atoi
 2061 160000            jsr int2fp
 2064 1801AE0551        movw _Pressure+2,2,-S
 2069 1801AE054F        movw _Pressure,2,-S
 206E 160000            jsr cmpf4
 2071 182700FC          lbeq L566
 2075                   .dbline 2624
 2075           ;         {
 2075                   .dbline 2626
 2075           ;            
 2075           ;             Pressure.value = atoi(Tempstr); 
 2075 198E              leay 14,S
 2077 B764              tfr Y,D
 2079 4A000000          xcall $_atoi
 207D 160000            jsr int2fp
 2080 30                pulx
 2081 7E054F            stx _Pressure
 2084 30                pulx
 2085 7E0551            stx _Pressure+2
 2088                   .dbline 2627
 2088           ;                       getstrval( &Pressure );
 2088 CC054F            ldd #_Pressure
 208B 4A000000          xcall $_getstrval
 208F                   .dbline 2628
 208F           ;                       strncpy(Pressure.str_value,Tempstr,Pressure.len_str);
 208F F60560            ldab _Pressure+17
 2092 B716              tfr B,Y
 2094 6D82              sty 2,S
 2096 198E              leay 14,S
 2098 6D80              sty 0,S
 209A CC0561            ldd #_Pressure+18
 209D 4A000000          xcall $_strncpy
 20A1                   .dbline 2629
 20A1           ;                       getvalue(&Pressure,0);
 20A1 CD0000            ldy #0
 20A4 6D80              sty 0,S
 20A6 CC054F            ldd #_Pressure
 20A9 4A000000          xcall $_getvalue
 20AD 1B84              leas 4,S
 20AF                   .dbline 2631
 20AF           ;                       
 20AF           ;                       if ( MenuStackc[StackPointer].Index[0] == 0 && MenuStackc[StackPointer].Index[1] == 0 && 
 20AF F605B1            ldab _StackPointer
 20B2 87                clra
 20B3 B746              tfr D,Y
 20B5 CC0006            ldd #6
 20B8 13                emul
 20B9 6C8A              std 10,S
 20BB CD0593            ldy #_MenuStackc
 20BE 6D86              sty 6,S
 20C0 E386              addd 6,S
 20C2 B746              tfr D,Y
 20C4 E640              ldab 0,Y
 20C6 C100              cmpb #0
 20C8 2646              bne L570
 20CA EC8A              ldd 10,S
 20CC CD0594            ldy #_MenuStackc+1
 20CF 6D86              sty 6,S
 20D1 E386              addd 6,S
 20D3 B746              tfr D,Y
 20D5 E640              ldab 0,Y
 20D7 C100              cmpb #0
 20D9 2635              bne L570
 20DB EC8A              ldd 10,S
 20DD CD0595            ldy #_MenuStackc+2
 20E0 6D86              sty 6,S
 20E2 E386              addd 6,S
 20E4 B746              tfr D,Y
 20E6 E640              ldab 0,Y
 20E8 C100              cmpb #0
 20EA 2624              bne L570
 20EC EC8A              ldd 10,S
 20EE CD0596            ldy #_MenuStackc+3
 20F1 6D86              sty 6,S
 20F3 E386              addd 6,S
 20F5 B746              tfr D,Y
 20F7 E640              ldab 0,Y
 20F9 C105              cmpb #5
 20FB 2613              bne L570
 20FD FD0000            ldy _updatePressureTimer
 2100 8D0000            cpy #0
 2103 260B              bne L570
 2105                   .dbline 2634
 2105           ;             MenuStackc[StackPointer].Index[2] == 0 && MenuStackc[StackPointer].Index[3] == 5 
 2105           ;                       && !updatePressureTimer )
 2105           ;               {
 2105                   .dbline 2635
 2105           ;               UpdateMenu = 1;
 2105 180B010141        movb #1,_UpdateMenu
 210A                   .dbline 2636
 210A           ;                               updatePressureTimer = 5;          //menu is already active so only impacts if menu does not change
 210A 180300050000      movw #5,_updatePressureTimer
 2110                   .dbline 2637
 2110           ;             }
 2110           L570:
 2110                   .dbline 2638
 2110           ;             if ( MenuStackc[StackPointer].Index[0] == 0 && MenuStackc[StackPointer].Index[1] == 0 && 
 2110 F605B1            ldab _StackPointer
 2113 87                clra
 2114 B746              tfr D,Y
 2116 CC0006            ldd #6
 2119 13                emul
 211A 6C88              std 8,S
 211C CD0593            ldy #_MenuStackc
 211F 6D86              sty 6,S
 2121 E386              addd 6,S
 2123 B746              tfr D,Y
 2125 E640              ldab 0,Y
 2127 C100              cmpb #0
 2129 2646              bne L575
 212B EC88              ldd 8,S
 212D CD0594            ldy #_MenuStackc+1
 2130 6D86              sty 6,S
 2132 E386              addd 6,S
 2134 B746              tfr D,Y
 2136 E640              ldab 0,Y
 2138 C100              cmpb #0
 213A 2635              bne L575
 213C EC88              ldd 8,S
 213E CD0595            ldy #_MenuStackc+2
 2141 6D86              sty 6,S
 2143 E386              addd 6,S
 2145 B746              tfr D,Y
 2147 E640              ldab 0,Y
 2149 C103              cmpb #3
 214B 2624              bne L575
 214D EC88              ldd 8,S
 214F CD0596            ldy #_MenuStackc+3
 2152 6D86              sty 6,S
 2154 E386              addd 6,S
 2156 B746              tfr D,Y
 2158 E640              ldab 0,Y
 215A C101              cmpb #1
 215C 2613              bne L575
 215E FD0000            ldy _updatePressureTimer
 2161 8D0000            cpy #0
 2164 260B              bne L575
 2166                   .dbline 2641
 2166           ;             MenuStackc[StackPointer].Index[2] == 3 && MenuStackc[StackPointer].Index[3] == 1
 2166           ;                       && !updatePressureTimer )
 2166           ;               {
 2166                   .dbline 2642
 2166           ;               UpdateMenu = 1;
 2166 180B010141        movb #1,_UpdateMenu
 216B                   .dbline 2643
 216B           ;                               updatePressureTimer = 5;          //menu is already active so only impacts if menu does not change
 216B 180300050000      movw #5,_updatePressureTimer
 2171                   .dbline 2644
 2171           ;             }
 2171           L575:
 2171                   .dbline 2646
 2171           ;             //gProcImg[IN_digi_1 ] = atoi ( Pressure );
 2171           ;         }
 2171           L566:
 2171                   .dbline 2648
 2171           ;     
 2171           ;       }
 2171                   .dbline 2651
 2171           ; 
 2171           ;         //turn ON: run compressor: if ON in settings, below low limit and not running
 2171           ;               if( Pressure.value <= LowSetPoint.value  && (CompressorOnOff.value==2) 
 2171 1801AE0551        movw _Pressure+2,2,-S
 2176 1801AE054F        movw _Pressure,2,-S
 217B 1801AE0351        movw _LowSetPoint+2,2,-S
 2180 1801AE034F        movw _LowSetPoint,2,-S
 2185 160000            jsr cmpf4
 2188 2E2A              bgt L580
 218A 1801AE0021        movw _CompressorOnOff+2,2,-S
 218F 1801AE001F        movw _CompressorOnOff,2,-S
 2194 1800AE0000        movw #0,2,-S
 2199 1800AE4000        movw #16384,2,-S
 219E 160000            jsr cmpf4
 21A1 2611              bne L580
 21A3 F60001            ldab 0x1
 21A6 C580              bitb #128
 21A8 260A              bne L580
 21AA                   .dbline 2653
 21AA           ;             && !(PORTB & 0x80) )
 21AA           ;               {
 21AA                   .dbline 2654
 21AA           ;             CompressorTimer = CompressorTime;                                 //start timer, limit run-time to 60 seconds
 21AA 1803012C0000      movw #300,_CompressorTimer
 21B0                   .dbline 2655
 21B0           ;                   PORTB |= 0x80;                                  //turn compressor on
 21B0 1C000180          bset 0x1,#128
 21B4                   .dbline 2656
 21B4           ;               }
 21B4           L580:
 21B4                   .dbline 2658
 21B4           ;               //if it's running, it may need to be turned off
 21B4           ;               if( PORTB & 0x80 )
 21B4 1F00018002        brclr 0x1,#128,X20
 21B9 2004              bra X21
 21BB 18200082  X20: lbra L582
 21BF           X21:
 21BF                   .dbline 2659
 21BF           ;               {
 21BF                   .dbline 2661
 21BF           ;               //OFF: if above high setpoint and running
 21BF           ;             if ( Pressure.value >= HighSetPoint.value )               //pressure switch turns compressor OFF
 21BF 1801AE0551        movw _Pressure+2,2,-S
 21C4 1801AE054F        movw _Pressure,2,-S
 21C9 1801AE0373        movw _HighSetPoint+2,2,-S
 21CE 1801AE0371        movw _HighSetPoint,2,-S
 21D3 160000            jsr cmpf4
 21D6 2D07              blt L584
 21D8                   .dbline 2662
 21D8           ;             {
 21D8                   .dbline 2663
 21D8           ;                 PORTB &= ~0x80;
 21D8 1D000180          bclr 0x1,#128
 21DC                   .dbline 2664
 21DC           ;                               compTimedOutflag = 0;                                                   //do NOT save variable flag
 21DC 79001D            clr _compTimedOutflag
 21DF                   .dbline 2665
 21DF           ;             }
 21DF           L584:
 21DF                   .dbline 2667
 21DF           ;             //OFF when user turns it off
 21DF           ;             if ( CompressorOnOff.value==1 )                   //user turns compressor OFF
 21DF 1801AE0021        movw _CompressorOnOff+2,2,-S
 21E4 1801AE001F        movw _CompressorOnOff,2,-S
 21E9 1800AE0000        movw #0,2,-S
 21EE 1800AE3F80        movw #16256,2,-S
 21F3 160000            jsr cmpf4
 21F6 2604              bne L586
 21F8                   .dbline 2668
 21F8           ;             {
 21F8                   .dbline 2669
 21F8           ;                 PORTB &= ~0x80;
 21F8 1D000180          bclr 0x1,#128
 21FC                   .dbline 2670
 21FC           ;             }
 21FC           L586:
 21FC                   .dbline 2672
 21FC           ;               //OFF: if running more than comressorTime
 21FC           ;             if ( !CompressorTimer )                                                           //timer turns compressor OFF
 21FC FD0000            ldy _CompressorTimer
 21FF 8D0000            cpy #0
 2202 263D              bne L588
 2204                   .dbline 2673
 2204           ;             {
 2204                   .dbline 2674
 2204           ;                 PORTB &= ~0x80;                                                                       //if it ran too long
 2204 1D000180          bclr 0x1,#128
 2208                   .dbline 2675
 2208           ;                 CompressorOnOff.value = 1;    
 2208 18033F80001F      movw #16256,_CompressorOnOff
 220E 180300000021      movw #0,_CompressorOnOff+2
 2214                   .dbline 2676
 2214           ;                               getstrval( &CompressorOnOff );
 2214 CC001F            ldd #_CompressorOnOff
 2217 4A000000          xcall $_getstrval
 221B                   .dbline 2677
 221B           ;                               strncpy(CompressorOnOff.str_value,"OFF",CompressorOnOff.len_str);
 221B F60030            ldab _CompressorOnOff+17
 221E B716              tfr B,Y
 2220 6D82              sty 2,S
 2222 CD0345            ldy #L345
 2225 6D80              sty 0,S
 2227 CC0031            ldd #_CompressorOnOff+18
 222A 4A000000          xcall $_strncpy
 222E                   .dbline 2678
 222E           ;                               getvalue(&CompressorOnOff,0);                           //turn OFF in settings
 222E CD0000            ldy #0
 2231 6D80              sty 0,S
 2233 CC001F            ldd #_CompressorOnOff
 2236 4A000000          xcall $_getvalue
 223A 1B84              leas 4,S
 223C                   .dbline 2679
 223C           ;                               compTimedOutflag = 1;                                                   //do NOT save variable flag
 223C 180B01001D        movb #1,_compTimedOutflag
 2241                   .dbline 2680
 2241           ;             }
 2241           L588:
 2241                   .dbline 2681
 2241           ;         }
 2241           L582:
 2241                   .dbline -2
 2241           L553:
 2241                   .dbline 0 ; func end
 2241 1BF013            leas 19,S
 2244 0A                rtc
 2245                   .dbsym l ATDValue 12 I
 2245                   .dbsym l Tempstr 14 A[5:5]c
 2245                   .dbend
 2245                   .dbfunc e CameraMain _CameraMain fV
 2245           ;        tempstr -> 8,SP
 2245           ;              i -> 26,SP
 2245           $_CameraMain::
 2245 1BF1E4            leas -28,S
 2248                   .dbline -1
 2248                   .dbline 2686
 2248           ; 
 2248           ; }
 2248           ; 
 2248           ; void CameraMain ( void )
 2248           ; {
 2248                   .dbline 2690
 2248           ;     int i;
 2248           ;       
 2248           ;       //light value is set in settings menu 0 - 100% duty
 2248           ;     PWMDTY7 = LightLevel.value * LightLevel.value;
 2248 1801AE03FB        movw _LightLevel+2,2,-S
 224D 1801AE03F9        movw _LightLevel,2,-S
 2252 1801AE03FB        movw _LightLevel+2,2,-S
 2257 1801AE03F9        movw _LightLevel,2,-S
 225C 160000            jsr mulf4
 225F 160000            jsr fp2int
 2262 7B00C3            stab 0xc3
 2265                   .dbline 2692
 2265           ; 
 2265           ;     ++ran_num;      //random number used for camera address
 2265 FD0000            ldy _ran_num
 2268 02                iny
 2269 7D0000            sty _ran_num
 226C                   .dbline 2694
 226C           ; 
 226C           ;           sprintf ( disp_add.str_value, "%04X", cam_add );    //for video diplay of camera address
 226C FD014E            ldy _cam_add
 226F 6D84              sty 4,S
 2271 CD02FA            ldy #L594
 2274 6D82              sty 2,S
 2276 CD0471            ldy #_disp_add+18
 2279 6D80              sty 0,S
 227B 4A000000          xcall $_sprintf
 227F                   .dbline 2696
 227F           ;         
 227F           ;         if ( (gProcImg[OUT_digi_6] & 0x08) &&              //command to activate menu
 227F 1F00140802        brclr _gProcImg+20,#8,X22
 2284 2004              bra X23
 2286 1820017E  X22: lbra L595
 228A           X23:
 228A FC014E            ldd _cam_add
 228D 8400              anda #0
 228F C4FF              andb #-1
 2291 B746              tfr D,Y
 2293 F60015            ldab _gProcImg+21
 2296 87                clra
 2297 B745              tfr D,X
 2299 6D86              sty 6,S
 229B AE86              cpx 6,S
 229D 18260167          lbne L595
 22A1 FC014E            ldd _cam_add
 22A4 84FF              anda #-1
 22A6 C400              andb #0
 22A8 B746              tfr D,Y
 22AA C7                clrb
 22AB B60016            ldaa _gProcImg+22
 22AE B745              tfr D,X
 22B0 6D86              sty 6,S
 22B2 AE86              cpx 6,S
 22B4 18260150          lbne L595
 22B8 F60000            ldab _Gen_Flags
 22BB C540              bitb #64
 22BD 18260147          lbne L595
 22C1                   .dbline 2700
 22C1           ;             (gProcImg[OUT_digi_7] == (cam_add & 0x00FF)) &&         //lsb - old address
 22C1           ;                 (gProcImg[OUT_digi_8]<< 8 ==  (cam_add & 0xFF00)) &&
 22C1           ;                  !(Gen_Flags & GEN_FLAGS_MENU_ACTIVE) )
 22C1           ;         {
 22C1                   .dbline 2701
 22C1           ;             gProcImg[OUT_digi_6] = 0x00;
 22C1 790014            clr _gProcImg+20
 22C4                   .dbline 2702
 22C4           ;             gProcImg[OUT_digi_7] = 0x00;
 22C4 790015            clr _gProcImg+21
 22C7                   .dbline 2703
 22C7           ;             gProcImg[OUT_digi_8] = 0x00;
 22C7 790016            clr _gProcImg+22
 22CA                   .dbline 2704
 22CA           ;             gProcImg[OUT_digi_4] = (cam_add & 0x00FF);
 22CA FC014E            ldd _cam_add
 22CD 8400              anda #0
 22CF C4FF              andb #-1
 22D1 7B0012            stab _gProcImg+18
 22D4                   .dbline 2705
 22D4           ;               gProcImg[OUT_digi_5] = (cam_add & 0xFF00)>>8;
 22D4 FC014E            ldd _cam_add
 22D7 84FF              anda #-1
 22D9 C400              andb #0
 22DB B701              tfr A,B
 22DD 87                clra
 22DE 7B0013            stab _gProcImg+19
 22E1                   .dbline 2706
 22E1           ;             VSEL_PORT |= CAM_ON;       //turn camera on, portA bit 0x10 high
 22E1 1C000010          bset 0,#16
 22E5                   .dbline 2709
 22E5           ;             
 22E5           ;             //turn off other cameras
 22E5           ;                       gTxMsg.ID = 0x421;
 22E5 180304210142      movw #1057,_gTxMsg
 22EB                   .dbline 2710
 22EB           ;             gTxMsg.LEN = 2; 
 22EB 180B020144        movb #2,_gTxMsg+2
 22F0                   .dbline 2711
 22F0           ;             gTxMsg.BUF[0] = cam_add;
 22F0 F6014F            ldab _cam_add+1
 22F3 7B0146            stab _gTxMsg+4
 22F6                   .dbline 2712
 22F6           ;             gTxMsg.BUF[1] = cam_add >> 8;      
 22F6 FC014E            ldd _cam_add
 22F9 B701              tfr A,B
 22FB 87                clra
 22FC 7B0147            stab _gTxMsg+4+1
 22FF                   .dbline 2713
 22FF           ;             if (!MCOHW_PushMessage(&gTxMsg))
 22FF CC0142            ldd #_gTxMsg
 2302 4A000000          xcall $_MCOHW_PushMessage
 2306 87                clra
 2307 C100              cmpb #0
 2309 2607              bne L609
 230B                   .dbline 2714
 230B           ;             {
 230B                   .dbline 2716
 230B           ;             // failed to transmit
 230B           ;             MCOUSER_FatalError(0x8801);
 230B CC8801            ldd #34817
 230E 4A000000          xcall $_MCOUSER_FatalError
 2312                   .dbline 2717
 2312           ;             }
 2312           L609:
 2312                   .dbline 2726
 2312           ;             //! Transmit this without using the TPDO
 2312           ;             
 2312           ; /*            Timer1 = RTI_One_Sec * .10;
 2312           ;             while ( Timer1 );
 2312           ;             gProcImg[IN_digi_0] |= 0x01;
 2312           ;             i = MCO_ProcessStack();
 2312           ;             Timer1 = RTI_One_Sec * .10;
 2312           ;             while ( Timer1 );*/
 2312           ;                       Send_Menu_Status (0x01);
 2312 CC0001            ldd #1
 2315 4A000000          xcall $_Send_Menu_Status
 2319                   .dbline 2728
 2319           ;             
 2319           ;             MenuTimer = MenuTime * 2; //briefly disable up/down after menu is brought up
 2319 180301E80000      movw #488,_MenuTimer
 231F                   .dbline 2729
 231F           ;                       CursorDownFlag = 0;
 231F 790000            clr _CursorDownFlag
 2322                   .dbline 2730
 2322           ;                       CursorUpFlag = 0;
 2322 790000            clr _CursorUpFlag
 2325                   .dbline 2731
 2325           ;                       SelectFlag = 0;
 2325 790000            clr _SelectFlag
 2328                   .dbline 2732
 2328           ;             AcceptKeys = 0;
 2328 790000            clr _AcceptKeys
 232B                   .dbline 2734
 232B           ;                       
 232B           ;             StackPointer = 0;
 232B 7905B1            clr _StackPointer
 232E                   .dbline 2735
 232E           ;             MenuStackc[StackPointer].Index[0] = 0;
 232E F605B1            ldab _StackPointer
 2331 87                clra
 2332 B746              tfr D,Y
 2334 CC0006            ldd #6
 2337 13                emul
 2338 B746              tfr D,Y
 233A CE0593            ldx #_MenuStackc
 233D B764              tfr Y,D
 233F 6E86              stx 6,S
 2341 E386              addd 6,S
 2343 B746              tfr D,Y
 2345 CC0000            ldd #0
 2348 6B40              stab 0,Y
 234A                   .dbline 2736
 234A           ;             MenuStackc[StackPointer].Index[1] = 0;
 234A F605B1            ldab _StackPointer
 234D 87                clra
 234E B746              tfr D,Y
 2350 CC0006            ldd #6
 2353 13                emul
 2354 B746              tfr D,Y
 2356 CE0594            ldx #_MenuStackc+1
 2359 B764              tfr Y,D
 235B 6E86              stx 6,S
 235D E386              addd 6,S
 235F B746              tfr D,Y
 2361 CC0000            ldd #0
 2364 6B40              stab 0,Y
 2366                   .dbline 2737
 2366           ;             MenuStackc[StackPointer].Index[2] = 0;
 2366 F605B1            ldab _StackPointer
 2369 87                clra
 236A B746              tfr D,Y
 236C CC0006            ldd #6
 236F 13                emul
 2370 B746              tfr D,Y
 2372 CE0595            ldx #_MenuStackc+2
 2375 B764              tfr Y,D
 2377 6E86              stx 6,S
 2379 E386              addd 6,S
 237B B746              tfr D,Y
 237D CC0000            ldd #0
 2380 6B40              stab 0,Y
 2382                   .dbline 2738
 2382           ;             MenuStackc[StackPointer].Index[3] = 4;
 2382 F605B1            ldab _StackPointer
 2385 87                clra
 2386 B746              tfr D,Y
 2388 CC0006            ldd #6
 238B 13                emul
 238C B746              tfr D,Y
 238E CE0596            ldx #_MenuStackc+3
 2391 B764              tfr Y,D
 2393 6E86              stx 6,S
 2395 E386              addd 6,S
 2397 B746              tfr D,Y
 2399 CC0004            ldd #4
 239C 6B40              stab 0,Y
 239E                   .dbline 2739
 239E           ;             MenuStackc[StackPointer].CursorPos = 1;
 239E F605B1            ldab _StackPointer
 23A1 87                clra
 23A2 B746              tfr D,Y
 23A4 CC0006            ldd #6
 23A7 13                emul
 23A8 B746              tfr D,Y
 23AA CE0597            ldx #_MenuStackc+4
 23AD B764              tfr Y,D
 23AF 6E86              stx 6,S
 23B1 E386              addd 6,S
 23B3 B746              tfr D,Y
 23B5 CC0001            ldd #1
 23B8 6B40              stab 0,Y
 23BA                   .dbline 2740
 23BA           ;             MenuStackc[StackPointer].FirstLine = 0;
 23BA F605B1            ldab _StackPointer
 23BD 87                clra
 23BE B746              tfr D,Y
 23C0 CC0006            ldd #6
 23C3 13                emul
 23C4 B746              tfr D,Y
 23C6 CE0598            ldx #_MenuStackc+5
 23C9 B764              tfr Y,D
 23CB 6E86              stx 6,S
 23CD E386              addd 6,S
 23CF B746              tfr D,Y
 23D1 CC0000            ldd #0
 23D4 6B40              stab 0,Y
 23D6                   .dbline 2741
 23D6           ;             Gen_Flags |= GEN_FLAGS_MENU_ACTIVE;
 23D6 1C000040          bset _Gen_Flags,#64
 23DA                   .dbline 2743
 23DA           ;             
 23DA           ;                       TC0_RCVD_Data &= ~0x07;  //Make sure up/down/select not active
 23DA FC0000            ldd _TC0_RCVD_Data
 23DD 84FF              anda #-1
 23DF C4F8              andb #-8
 23E1 B746              tfr D,Y
 23E3 7D0000            sty _TC0_RCVD_Data
 23E6                   .dbline 2744
 23E6           ;                       LoadMenu ( MenuStackc[StackPointer].Index );
 23E6 F605B1            ldab _StackPointer
 23E9 87                clra
 23EA B746              tfr D,Y
 23EC CC0006            ldd #6
 23EF 13                emul
 23F0 B746              tfr D,Y
 23F2 CE0593            ldx #_MenuStackc
 23F5 B764              tfr Y,D
 23F7 6E86              stx 6,S
 23F9 E386              addd 6,S
 23FB 4A000000          xcall $_LoadMenu
 23FF                   .dbline 2745
 23FF           ;             InsertCursor ();
 23FF 4A000000          xcall $_InsertCursor
 2403                   .dbline 2747
 2403           ;             //DisplayTitler ();
 2403           ;                       UpdateMenu = 1;
 2403 180B010141        movb #1,_UpdateMenu
 2408                   .dbline 2749
 2408           ;             
 2408           ;         }
 2408           L595:
 2408                   .dbline 2751
 2408           ; 
 2408           ;     if ( gProcImg[OUT_digi_4] || gProcImg[OUT_digi_5])
 2408 F60012            ldab _gProcImg+18
 240B C100              cmpb #0
 240D 2607              bne L620
 240F F60013            ldab _gProcImg+19
 2412 C100              cmpb #0
 2414 270C              beq L616
 2416           L620:
 2416                   .dbline 2752
 2416           ;     {
 2416                   .dbline 2753
 2416           ;         ActCam4 = gProcImg[OUT_digi_4];
 2416 180C0012012C      movb _gProcImg+18,_ActCam4
 241C                   .dbline 2754
 241C           ;         ActCam5 = gProcImg[OUT_digi_5];
 241C 180C0013012B      movb _gProcImg+19,_ActCam5
 2422                   .dbline 2755
 2422           ;     }
 2422           L616:
 2422                   .dbline 2757
 2422           ;       
 2422           ;     if ( gProcImg[OUT_digi_4] == (cam_add & 0x00FF) &&
 2422 FC014E            ldd _cam_add
 2425 8400              anda #0
 2427 C4FF              andb #-1
 2429 B746              tfr D,Y
 242B F60012            ldab _gProcImg+18
 242E 87                clra
 242F B745              tfr D,X
 2431 6D86              sty 6,S
 2433 AE86              cpx 6,S
 2435 263B              bne L623
 2437 FC014E            ldd _cam_add
 243A 84FF              anda #-1
 243C C400              andb #0
 243E B746              tfr D,Y
 2440 C7                clrb
 2441 B60013            ldaa _gProcImg+19
 2444 B745              tfr D,X
 2446 6D86              sty 6,S
 2448 AE86              cpx 6,S
 244A 2626              bne L623
 244C                   .dbline 2759
 244C           ;         gProcImg[OUT_digi_5]<< 8 == (cam_add & 0xFF00) )    //compare
 244C           ;       {
 244C                   .dbline 2761
 244C           ;       char tempstr[18];
 244C           ;               gProcImg[OUT_digi_4] = gProcImg[OUT_digi_5] = 0;
 244C 790013            clr _gProcImg+19
 244F 790012            clr _gProcImg+18
 2452                   .dbline 2762
 2452           ;               VSEL_PORT |= CAM_ON;       //turn camera on
 2452 1C000010          bset 0,#16
 2456                   .dbline 2763
 2456           ;               sprintf (tempstr,"Proc:%s",CamTag.str_value); 
 2456 CD044F            ldy #_CamTag+18
 2459 6D84              sty 4,S
 245B CD02F2            ldy #L629
 245E 6D82              sty 2,S
 2460 1988              leay 8,S
 2462 6D80              sty 0,S
 2464 4A000000          xcall $_sprintf
 2468                   .dbline 2764
 2468           ;               Display ( tempstr );
 2468 1988              leay 8,S
 246A B764              tfr Y,D
 246C 4A000000          xcall $_Display
 2470                   .dbline 2765
 2470           ;       }
 2470 2012              bra L624
 2472           L623:
 2472                   .dbline 2766
 2472           ;       else if ( gProcImg[OUT_digi_4] || gProcImg[OUT_digi_5] )
 2472 F60012            ldab _gProcImg+18
 2475 C100              cmpb #0
 2477 2607              bne L635
 2479 F60013            ldab _gProcImg+19
 247C C100              cmpb #0
 247E 2704              beq L631
 2480           L635:
 2480                   .dbline 2767
 2480           ;     {
 2480                   .dbline 2768
 2480           ;       VSEL_PORT &= ~CAM_ON;       //turn camera off, portA bit 0x10 low
 2480 1D000010          bclr 0,#16
 2484                   .dbline 2769
 2484           ;     }
 2484           L631:
 2484           L624:
 2484                   .dbline 2771
 2484           ; 
 2484           ;     if ( gProcImg[OUT_digi_6] & 0x01 )   //command to generate random address
 2484 1F00140126        brclr _gProcImg+20,#1,L636
 2489                   .dbline 2772
 2489           ;     {
 2489                   .dbline 2773
 2489           ;         srand(ran_num);               //seed the random number      
 2489 FC0000            ldd _ran_num
 248C 4A000000          xcall $_srand
 2490                   .dbline 2774
 2490           ;         cam_add = rand();
 2490 4A000000          xcall $_rand
 2494 B745              tfr D,X
 2496 7E014E            stx _cam_add
 2499                   .dbline 2775
 2499           ;         gProcImg[OUT_digi_6] = 0x00;
 2499 790014            clr _gProcImg+20
 249C                   .dbline 2776
 249C           ;         cam_addx[1] = cam_add>>8;
 249C FC014E            ldd _cam_add
 249F B701              tfr A,B
 24A1 87                clra
 24A2 7B0127            stab _cam_addx+1
 24A5                   .dbline 2777
 24A5           ;         cam_addx[0] = cam_add;     
 24A5 F6014F            ldab _cam_add+1
 24A8 7B0126            stab _cam_addx
 24AB                   .dbline 2778
 24AB           ;         Save_Camera_Add();
 24AB 4A040606          xcall $_Save_Camera_Add
 24AF                   .dbline 2779
 24AF           ;     }
 24AF           L636:
 24AF                   .dbline 2782
 24AF           ; 
 24AF           ;     //command to transmit address
 24AF           ;     if ( gProcImg[OUT_digi_6] & 0x02)   //called by scan_camera in 2-wire
 24AF 1F00140243        brclr _gProcImg+20,#2,L641
 24B4                   .dbline 2783
 24B4           ;     {
 24B4                   .dbline 2784
 24B4           ;         gProcImg[OUT_digi_6] = 0x00;             
 24B4 790014            clr _gProcImg+20
 24B7                   .dbline 2788
 24B7           ;       //VSEL_PORT &= ~CAM_ON;           //camera off, portA bit 0x10 low
 24B7           ; 
 24B7           ;         //make delay proportional to camera address so cameras report in ascending order
 24B7           ;               Timer1 = cam_add/100;
 24B7 CE0064            ldx #100
 24BA FC014E            ldd _cam_add
 24BD 1810              idiv
 24BF 7E0000            stx _Timer1
 24C2           L645:
 24C2                   .dbline 2789
 24C2           ;               while(Timer1);
 24C2           L646:
 24C2                   .dbline 2789
 24C2 FD0000            ldy _Timer1
 24C5 8D0000            cpy #0
 24C8 26F8              bne L645
 24CA                   .dbline 2791
 24CA           ;         
 24CA           ;         gTxMsg.ID = 0x2a1;
 24CA 180302A10142      movw #673,_gTxMsg
 24D0                   .dbline 2792
 24D0           ;         gTxMsg.LEN = 2; 
 24D0 180B020144        movb #2,_gTxMsg+2
 24D5                   .dbline 2793
 24D5           ;         gTxMsg.BUF[0] = cam_add;
 24D5 F6014F            ldab _cam_add+1
 24D8 7B0146            stab _gTxMsg+4
 24DB                   .dbline 2794
 24DB           ;         gTxMsg.BUF[1] = cam_add >> 8;      
 24DB FC014E            ldd _cam_add
 24DE B701              tfr A,B
 24E0 87                clra
 24E1 7B0147            stab _gTxMsg+4+1
 24E4                   .dbline 2795
 24E4           ;         if (!MCOHW_PushMessage(&gTxMsg))
 24E4 CC0142            ldd #_gTxMsg
 24E7 4A000000          xcall $_MCOHW_PushMessage
 24EB 87                clra
 24EC C100              cmpb #0
 24EE 2607              bne L652
 24F0                   .dbline 2796
 24F0           ;         {
 24F0                   .dbline 2798
 24F0           ;             // failed to transmit
 24F0           ;             MCOUSER_FatalError(0x8801);
 24F0 CC8801            ldd #34817
 24F3 4A000000          xcall $_MCOUSER_FatalError
 24F7                   .dbline 2799
 24F7           ;         }
 24F7           L652:
 24F7                   .dbline 2801
 24F7           ;          //! Transmit this without using the TPDO
 24F7           ;     }
 24F7           L641:
 24F7                   .dbline 2803
 24F7           ; 
 24F7           ;      if ( (gProcImg[OUT_digi_6] & 0x04) &&              //command to store address 
 24F7 1F0014044D        brclr _gProcImg+20,#4,L654
 24FC FC014E            ldd _cam_add
 24FF 8400              anda #0
 2501 C4FF              andb #-1
 2503 B746              tfr D,Y
 2505 F60015            ldab _gProcImg+21
 2508 87                clra
 2509 B745              tfr D,X
 250B 6D86              sty 6,S
 250D AE86              cpx 6,S
 250F 2638              bne L654
 2511 FC014E            ldd _cam_add
 2514 84FF              anda #-1
 2516 C400              andb #0
 2518 B746              tfr D,Y
 251A C7                clrb
 251B B60016            ldaa _gProcImg+22
 251E B745              tfr D,X
 2520 6D86              sty 6,S
 2522 AE86              cpx 6,S
 2524 2623              bne L654
 2526                   .dbline 2806
 2526           ;             (gProcImg[OUT_digi_7] == (cam_add & 0x00FF)) &&         //lsb - old address
 2526           ;                 ( (gProcImg[OUT_digi_8]<< 8) ==  (cam_add & 0xFF00)) ) //msb - old address
 2526           ;     {   //change to new address
 2526                   .dbline 2807
 2526           ;         cam_add = gProcImg[OUT_digi_9] + (gProcImg[OUT_digi_10]<<8);
 2526 F60018            ldab _gProcImg+24
 2529 B714              tfr B,D
 252B B710              tfr B,A
 252D F60017            ldab _gProcImg+23
 2530 7C014E            std _cam_add
 2533                   .dbline 2808
 2533           ;         gProcImg[OUT_digi_6] = 0x00;             
 2533 790014            clr _gProcImg+20
 2536                   .dbline 2810
 2536           ;         //send new address            
 2536           ;         cam_addx[0] = cam_add;     
 2536 F6014F            ldab _cam_add+1
 2539 7B0126            stab _cam_addx
 253C                   .dbline 2811
 253C           ;         cam_addx[1] = cam_add>>8;
 253C FC014E            ldd _cam_add
 253F B701              tfr A,B
 2541 87                clra
 2542 7B0127            stab _cam_addx+1
 2545                   .dbline 2812
 2545           ;         Save_Camera_Add();
 2545 4A040606          xcall $_Save_Camera_Add
 2549                   .dbline 2813
 2549           ;    } 
 2549           L654:
 2549                   .dbline 2853
 2549           ;    /*     if ( (gProcImg[OUT_digi_6] & 0x10) &&              //command to return menu string
 2549           ;             (gProcImg[OUT_digi_7] == (cam_add & 0x00FF)) &&         //lsb - old address
 2549           ;                 (gProcImg[OUT_digi_8]<< 8 ==  (cam_add & 0xFF00)) ) //&&
 2549           ;                  //!(Gen_Flags & GEN_FLAGS_MENU_ACTIVE) )
 2549           ;         {
 2549           ;             gProcImg[OUT_digi_6] = 0x00;    //reset command
 2549           ;             //format "1i 1234 xx xx xx xx xx " (8 bytes)
 2549           ;             gTxMsg.ID = 0x3a1;
 2549           ;             gTxMsg.LEN = 8; 
 2549           ;             gTxMsg.BUF[0] = 1;
 2549           ; 
 2549           ;             for(i=0; i<4; i++) 
 2549           ;             {
 2549           ;                 gTxMsg.BUF[0] = i+0x10;
 2549           ;                 gTxMsg.BUF[2] = cam_add>>8;
 2549           ;                 gTxMsg.BUF[1] = cam_add;
 2549           ;                 gTxMsg.BUF[3] = cam_menu_entry[0];
 2549           ;                 gTxMsg.BUF[4] = cam_menu_entry[1];
 2549           ;                 gTxMsg.BUF[5] = cam_menu_entry[2];
 2549           ;                 gTxMsg.BUF[6] = cam_menu_entry[3];
 2549           ;                 gTxMsg.BUF[7] = cam_menu_entry[4];
 2549           ; 
 2549           ;                //! Transmit this without using the TPDO
 2549           ;                if (!MCOHW_PushMessage(&gTxMsg))
 2549           ;                {
 2549           ;                    // failed to transmit
 2549           ;                    MCOUSER_FatalError(0x8801);
 2549           ;                }
 2549           ;               Timer1 = RTI_One_Sec * .05;     //delay
 2549           ;                 while(Timer1);
 2549           ;         }
 2549           ;     }
 2549           ; */
 2549           ; 
 2549           ;     //send new address 
 2549           ;     //gProcImg[IN_digi_1] = cam_add;     //lsb 
 2549           ;     //gProcImg[IN_digi_2] = cam_add >> 8; //msb
 2549           ; 
 2549           ;       //Advance film when PLC_Trig and Cam_Tog2 pressed
 2549           ;     if ( !(Gen_Flags & Gen_Flags_Menu_Active) && (TC0_RCVD_Data & TeleData_PLCTrig) && (TC0_RCVD_Data & TeleData_CamTog2) )
 2549 F60000            ldab _Gen_Flags
 254C C540              bitb #64
 254E 261B              bne L663
 2550 FC0000            ldd _TC0_RCVD_Data
 2553 8400              anda #0
 2555 C404              andb #4
 2557 8C0000            cpd #0
 255A 270F              beq L663
 255C FC0000            ldd _TC0_RCVD_Data
 255F 8400              anda #0
 2561 C402              andb #2
 2563 8C0000            cpd #0
 2566 2703              beq L663
 2568                   .dbline 2854
 2568           ;     {
 2568                   .dbline 2855
 2568           ;       Advance ();
 2568 1601A3            jsr _Advance
 256B                   .dbline 2856
 256B           ;     } 
 256B           L663:
 256B                   .dbline -2
 256B           L592:
 256B                   .dbline 0 ; func end
 256B 1BF01C            leas 28,S
 256E 0A                rtc
 256F                   .dbsym l tempstr 8 A[18:18]c
 256F                   .dbsym l i 26 I
 256F                   .dbend
 256F                   .dbfunc e extend_LA _extend_LA fV
 256F           ;  desired_speed -> 3,SP
 256F           $_extend_LA::
 256F                   .dbline -1
 256F                   .dbline 2860
 256F           ; }
 256F           ; 
 256F           ; void extend_LA(float desired_speed)
 256F           ; {
 256F                   .dbline 2862
 256F           ;     
 256F           ;       if(direction!=-1)
 256F F60000            ldab _direction
 2572 C1FF              cmpb #65535
 2574 2741              beq L666
 2576                   .dbline 2863
 2576           ;       {
 2576                   .dbline 2864
 2576           ;       direction=1;
 2576 180B010000        movb #1,_direction
 257B                   .dbline 2865
 257B           ;               LA_Moving=1;
 257B 180B010014        movb #1,_LA_Moving
 2580                   .dbline 2870
 2580           ;               
 2580           ;               //Timer1 = RTI_One_Sec *.25;
 2580           ;               //while (Timer1);
 2580           ;         
 2580           ;               if (desired_speed>97)desired_speed=97;
 2580 EC85              ldd 5,S
 2582 3B                pshd
 2583 EC85              ldd 5,S
 2585 3B                pshd
 2586 1800AE0000        movw #0,2,-S
 258B 1800AE42C2        movw #17090,2,-S
 2590 160000            jsr cmpf4
 2593 2F0A              ble L668
 2595                   .dbline 2870
 2595 18008342C2        movw #17090,3,S
 259A 1800850000        movw #0,5,S
 259F           L668:
 259F                   .dbline 2871
 259F           ;               PB1_PWM = 0;
 259F 790129            clr _PB1_PWM
 25A2                   .dbline 2872
 25A2           ;               PB3_PWM = desired_speed;
 25A2 EC85              ldd 5,S
 25A4 3B                pshd
 25A5 EC85              ldd 5,S
 25A7 3B                pshd
 25A8 160000            jsr fp2int
 25AB 7B0128            stab _PB3_PWM
 25AE                   .dbline 2873
 25AE           ;               PTP |= 0x05;
 25AE 1C025805          bset 0x258,#5
 25B2                   .dbline 2875
 25B2           ; 
 25B2           ;         gProcImg[IN_digi_8]=1;
 25B2 180B010008        movb #1,_gProcImg+8
 25B7                   .dbline 2876
 25B7           ;       }
 25B7           L666:
 25B7                   .dbline -2
 25B7           L665:
 25B7                   .dbline 0 ; func end
 25B7 0A                rtc
 25B8                   .dbsym l desired_speed 3 D
 25B8                   .dbend
 25B8                   .dbfunc e retract_LA _retract_LA fV
 25B8           ;  desired_speed -> 3,SP
 25B8           $_retract_LA::
 25B8                   .dbline -1
 25B8                   .dbline 2880
 25B8           ; }
 25B8           ; 
 25B8           ; void retract_LA(float desired_speed)
 25B8           ; {
 25B8                   .dbline 2881
 25B8           ;       if(direction!=1)
 25B8 F60000            ldab _direction
 25BB C101              cmpb #1
 25BD 2741              beq L672
 25BF                   .dbline 2882
 25BF           ;       {
 25BF                   .dbline 2883
 25BF           ;       direction=-1;
 25BF 180BFF0000        movb #65535,_direction
 25C4                   .dbline 2884
 25C4           ;       LA_Moving=1;
 25C4 180B010014        movb #1,_LA_Moving
 25C9                   .dbline 2889
 25C9           ;               
 25C9           ;               //Timer1 = RTI_One_Sec *.25;
 25C9           ;               //while (Timer1);
 25C9           ; 
 25C9           ;               if (desired_speed>97)desired_speed=97;
 25C9 EC85              ldd 5,S
 25CB 3B                pshd
 25CC EC85              ldd 5,S
 25CE 3B                pshd
 25CF 1800AE0000        movw #0,2,-S
 25D4 1800AE42C2        movw #17090,2,-S
 25D9 160000            jsr cmpf4
 25DC 2F0A              ble L674
 25DE                   .dbline 2889
 25DE 18008342C2        movw #17090,3,S
 25E3 1800850000        movw #0,5,S
 25E8           L674:
 25E8                   .dbline 2890
 25E8           ;               PB3_PWM = 0;
 25E8 790128            clr _PB3_PWM
 25EB                   .dbline 2891
 25EB           ;               PB1_PWM = desired_speed;
 25EB EC85              ldd 5,S
 25ED 3B                pshd
 25EE EC85              ldd 5,S
 25F0 3B                pshd
 25F1 160000            jsr fp2int
 25F4 7B0129            stab _PB1_PWM
 25F7                   .dbline 2892
 25F7           ;               PTP |= 0x05;
 25F7 1C025805          bset 0x258,#5
 25FB                   .dbline 2894
 25FB           ;               
 25FB           ;         gProcImg[IN_digi_8]=1;
 25FB 180B010008        movb #1,_gProcImg+8
 2600                   .dbline 2895
 2600           ;       }
 2600           L672:
 2600                   .dbline -2
 2600           L671:
 2600                   .dbline 0 ; func end
 2600 0A                rtc
 2601                   .dbsym l desired_speed 3 D
 2601                   .dbend
 2601                   .dbfunc e stop_LA _stop_LA fV
 2601           $_stop_LA::
 2601                   .dbline -1
 2601                   .dbline 2899
 2601           ; }
 2601           ; 
 2601           ; void stop_LA(void)
 2601           ; {
 2601                   .dbline 2900
 2601           ;       LA_Moving=0;
 2601 790014            clr _LA_Moving
 2604                   .dbline 2901
 2604           ;       direction=0;
 2604 790000            clr _direction
 2607                   .dbline 2907
 2607           ; 
 2607           ;       //PORTB |= (0x02 | 0x08);
 2607           ;       //PWMDTY0 = PWMDTY2 = 100;
 2607           ;     
 2607           ;       //PTP |= 0x05;
 2607           ;       PB1_PWM = PB3_PWM = 0;
 2607 790128            clr _PB3_PWM
 260A 790129            clr _PB1_PWM
 260D                   .dbline 2909
 260D           ;       
 260D           ;     gProcImg[IN_digi_8]=0;
 260D 790008            clr _gProcImg+8
 2610                   .dbline 2911
 2610           ;       
 2610           ;       Timer1 = RTI_One_Sec *.01; //wait until PWM outputs become inactive
 2610 180300090000      movw #9,_Timer1
 2616           L679:
 2616                   .dbline 2912
 2616           ;       while (Timer1);
 2616           L680:
 2616                   .dbline 2912
 2616 FD0000            ldy _Timer1
 2619 8D0000            cpy #0
 261C 26F8              bne L679
 261E                   .dbline 2914
 261E           ; 
 261E           ;       spdPID->iState=0;
 261E FC0000            ldd _spdPID
 2621 C30004            addd #4
 2624 B746              tfr D,Y
 2626 1800AE0000        movw #0,2,-S
 262B 1800AE0000        movw #0,2,-S
 2630 30                pulx
 2631 6E40              stx 0,Y
 2633 30                pulx
 2634 6E42              stx 2,Y
 2636                   .dbline 2915
 2636           ;       spdPID->iState_sgn=0;
 2636 FC0000            ldd _spdPID
 2639 C30008            addd #8
 263C B746              tfr D,Y
 263E 1800AE0000        movw #0,2,-S
 2643 1800AE0000        movw #0,2,-S
 2648 30                pulx
 2649 6E40              stx 0,Y
 264B 30                pulx
 264C 6E42              stx 2,Y
 264E                   .dbline -2
 264E           L677:
 264E                   .dbline 0 ; func end
 264E 0A                rtc
 264F                   .dbend
 264F                   .dbfunc e Startup _Startup fV
 264F           ;     Move_Speed -> 0,SP
 264F           $_Startup::
 264F 3B                pshd
 2650                   .dbline -1
 2650                   .dbline 2920
 2650           ; 
 2650           ; }
 2650           ; 
 2650           ; void Startup(int Move_Speed)
 2650           ; {
 2650                   .dbline 2923
 2650           ;       //Note PTT&0x08, PTT&0x02 are active high
 2650           ;     //if(laSwitchPol)                   //extend/retract are normally high
 2650           ;     if(laSwitchPol.value==2)                    //extend/retract are normally high
 2650 1801AE01DB        movw _laSwitchPol+2,2,-S
 2655 1801AE01D9        movw _laSwitchPol,2,-S
 265A 1800AE0000        movw #0,2,-S
 265F 1800AE4000        movw #16384,2,-S
 2664 160000            jsr cmpf4
 2667 18260087          lbne L683
 266B                   .dbline 2924
 266B           ;     {
 266B                   .dbline 2925
 266B           ;         if(start_sequence==0 && (PORTA & 0x02))  //1st sequence: if not extended
 266B F6000D            ldab _start_sequence
 266E C100              cmpb #0
 2670 2615              bne L685
 2672 1F00000210        brclr 0,#2,L685
 2677                   .dbline 2926
 2677           ;         {
 2677                   .dbline 2927
 2677           ;             desired_position=2591;     //255*encoder_resolution=2590.8
 2677 18030A1F0007      movw #2591,_desired_position
 267D                   .dbline 2928
 267D           ;               desired_speed=Move_Speed;
 267D 180580000E        movw 0,S,_desired_speed
 2682                   .dbline 2929
 2682           ;               start_sequence=1;
 2682 180B01000D        movb #1,_start_sequence
 2687                   .dbline 2930
 2687           ;         }
 2687           L685:
 2687                   .dbline 2931
 2687           ;         if(start_sequence==2 && (PORTA & 0x01))                         //3rd sequence: if not retracted
 2687 F6000D            ldab _start_sequence
 268A C102              cmpb #2
 268C 2615              bne L687
 268E 1F00000110        brclr 0,#1,L687
 2693                   .dbline 2932
 2693           ;         {
 2693                   .dbline 2933
 2693           ;             desired_position=0;
 2693 180300000007      movw #0,_desired_position
 2699                   .dbline 2934
 2699           ;               desired_speed=Move_Speed;
 2699 180580000E        movw 0,S,_desired_speed
 269E                   .dbline 2935
 269E           ;               start_sequence=3;
 269E 180B03000D        movb #3,_start_sequence
 26A3                   .dbline 2936
 26A3           ;         }
 26A3           L687:
 26A3                   .dbline 2937
 26A3           ;       if((start_sequence==1 && direction==0) || !(PORTA & 0x02))      //2nd sequence: if moved forward or fully extended
 26A3 F6000D            ldab _start_sequence
 26A6 C101              cmpb #1
 26A8 2607              bne L692
 26AA F60000            ldab _direction
 26AD C100              cmpb #0
 26AF 2707              beq L691
 26B1           L692:
 26B1 F60000            ldab 0
 26B4 C502              bitb #2
 26B6 260A              bne L689
 26B8           L691:
 26B8                   .dbline 2938
 26B8           ;       {
 26B8                   .dbline 2939
 26B8           ;               desired_speed=Move_Speed;
 26B8 180580000E        movw 0,S,_desired_speed
 26BD                   .dbline 2940
 26BD           ;           start_sequence=2;
 26BD 180B02000D        movb #2,_start_sequence
 26C2                   .dbline 2941
 26C2           ;       }
 26C2           L689:
 26C2                   .dbline 2942
 26C2           ;       if(start_sequence==3 && !(PORTA & 0x01))                          //done, at home (fully retracted)
 26C2 F6000D            ldab _start_sequence
 26C5 C103              cmpb #3
 26C7 182600A6          lbne L684
 26CB F60000            ldab 0
 26CE C501              bitb #1
 26D0 1826009D          lbne L684
 26D4                   .dbline 2943
 26D4           ;         {
 26D4                   .dbline 2944
 26D4           ;           stop_LA();
 26D4 4A260101          xcall $_stop_LA
 26D8                   .dbline 2945
 26D8           ;               desired_speed=0;
 26D8 18030000000E      movw #0,_desired_speed
 26DE                   .dbline 2946
 26DE           ;               LA_position=0;
 26DE 180300000000      movw #0,_LA_position
 26E4                   .dbline 2947
 26E4           ;               start_sequence=-1;
 26E4 180BFF000D        movb #65535,_start_sequence
 26E9                   .dbline 2948
 26E9           ;               done=5;
 26E9 180B050006        movb #5,_done
 26EE                   .dbline 2949
 26EE           ;       }
 26EE                   .dbline 2950
 26EE           ;     }
 26EE 1820007F          lbra L684
 26F2           L683:
 26F2                   .dbline 2952
 26F2           ;     else
 26F2           ;     {
 26F2                   .dbline 2953
 26F2           ;         if(start_sequence==0 && !(PORTA & 0x02))  //1st sequence: if not extended
 26F2 F6000D            ldab _start_sequence
 26F5 C100              cmpb #0
 26F7 2617              bne L695
 26F9 F60000            ldab 0
 26FC C502              bitb #2
 26FE 2610              bne L695
 2700                   .dbline 2954
 2700           ;         {
 2700                   .dbline 2955
 2700           ;             desired_position=2591;     //255*encoder_resolution=2590.8
 2700 18030A1F0007      movw #2591,_desired_position
 2706                   .dbline 2956
 2706           ;               desired_speed=Move_Speed;
 2706 180580000E        movw 0,S,_desired_speed
 270B                   .dbline 2957
 270B           ;               start_sequence=1;
 270B 180B01000D        movb #1,_start_sequence
 2710                   .dbline 2958
 2710           ;         }
 2710           L695:
 2710                   .dbline 2959
 2710           ;         if(start_sequence==2 && !(PORTA & 0x01))                        //3rd sequence: if not retracted
 2710 F6000D            ldab _start_sequence
 2713 C102              cmpb #2
 2715 2617              bne L697
 2717 F60000            ldab 0
 271A C501              bitb #1
 271C 2610              bne L697
 271E                   .dbline 2960
 271E           ;         {
 271E                   .dbline 2961
 271E           ;             desired_position=0;
 271E 180300000007      movw #0,_desired_position
 2724                   .dbline 2962
 2724           ;               desired_speed=Move_Speed;
 2724 180580000E        movw 0,S,_desired_speed
 2729                   .dbline 2963
 2729           ;               start_sequence=3;
 2729 180B03000D        movb #3,_start_sequence
 272E                   .dbline 2964
 272E           ;         }
 272E           L697:
 272E                   .dbline 2965
 272E           ;       if((start_sequence==1 && direction==0) || (PORTA & 0x02))       //2nd sequence: if moved forward or fully extended
 272E F6000D            ldab _start_sequence
 2731 C101              cmpb #1
 2733 2607              bne L702
 2735 F60000            ldab _direction
 2738 C100              cmpb #0
 273A 2705              beq L701
 273C           L702:
 273C 1F0000020A        brclr 0,#2,L699
 2741           L701:
 2741                   .dbline 2966
 2741           ;       {
 2741                   .dbline 2967
 2741           ;               desired_speed=Move_Speed;
 2741 180580000E        movw 0,S,_desired_speed
 2746                   .dbline 2968
 2746           ;           start_sequence=2;
 2746 180B02000D        movb #2,_start_sequence
 274B                   .dbline 2969
 274B           ;       }
 274B           L699:
 274B                   .dbline 2970
 274B           ;       if(start_sequence==3 && (PORTA & 0x01))                   //done, at home (fully retracted)
 274B F6000D            ldab _start_sequence
 274E C103              cmpb #3
 2750 261F              bne L703
 2752 1F0000011A        brclr 0,#1,L703
 2757                   .dbline 2971
 2757           ;         {
 2757                   .dbline 2972
 2757           ;           stop_LA();
 2757 4A260101          xcall $_stop_LA
 275B                   .dbline 2973
 275B           ;               desired_speed=0;
 275B 18030000000E      movw #0,_desired_speed
 2761                   .dbline 2974
 2761           ;               LA_position=0;
 2761 180300000000      movw #0,_LA_position
 2767                   .dbline 2975
 2767           ;               start_sequence=-1;
 2767 180BFF000D        movb #65535,_start_sequence
 276C                   .dbline 2976
 276C           ;               done=5;
 276C 180B050006        movb #5,_done
 2771                   .dbline 2977
 2771           ;       }
 2771           L703:
 2771                   .dbline 2978
 2771           ;     }
 2771           L684:
 2771                   .dbline -2
 2771           L682:
 2771                   .dbline 0 ; func end
 2771 1B82              leas 2,S
 2773 0A                rtc
 2774                   .dbsym l Move_Speed 0 I
 2774                   .dbend
                        .area data
 05B7                   .dbfile C:\Users\vbenton.crtsglobal\Desktop\temp\REV3~1.25\SOURCE~1\Subroutines.c
 05B7           _myspd::
 05B7                   .blkb 2
                        .area idata
 05B7 0000              .word 0
                        .area data
 05B9                   .dbfile C:\Users\vbenton.crtsglobal\Desktop\temp\REV3~1.25\SOURCE~1\Subroutines.c
 05B9                   .dbsym e myspd _myspd I
                        .area extcode(paged)
 2774                   .dbfile C:\Users\vbenton.crtsglobal\Desktop\temp\REV3~1.25\SOURCE~1\Subroutines.c
 2774                   .dbfunc e LAMain _LAMain fV
 2774           ;     Move_Speed -> 21,SP
 2774           ;  Move_Position -> 16,SP
 2774           $_LAMain::
 2774 3B                pshd
 2775 1B90              leas -16,S
 2777                   .dbline -1
 2777                   .dbline 2985
 2777           ; }
 2777           ; 
 2777           ; 
 2777           ; int myspd = 0;
 2777           ; 
 2777           ; void LAMain ( int Move_Position, int Move_Speed)
 2777           ; {
 2777                   .dbline 2987
 2777           ;         
 2777           ;       prev_desired_position=desired_position; 
 2777 18040007000B      movw _desired_position,_prev_desired_position
 277D                   .dbline 2990
 277D           ; 
 277D           ;       //find home if just powered up, 
 277D           ;     if(start_sequence>=0 && Move_Position>-1)         //if not yet run startup sequence and gets an input
 277D F6000D            ldab _start_sequence
 2780 C100              cmpb #0
 2782 2D12              blt L706
 2784 EDF010            ldy 16,S
 2787 8DFFFF            cpy #65535
 278A 2F0A              ble L706
 278C                   .dbline 2991
 278C           ;     {
 278C                   .dbline 2992
 278C           ;           done=0;
 278C 790006            clr _done
 278F                   .dbline 2993
 278F           ;               Startup(Move_Speed);
 278F ECF015            ldd 21,S
 2792 4A264F4F          xcall $_Startup
 2796                   .dbline 2994
 2796           ;     }
 2796           L706:
 2796                   .dbline 2998
 2796           ; 
 2796           ;     //convert input (in 10ths of inches) to next_desired_position (in encoder steps):
 2796           ;     //the next_desired position and speed always represent what is currently in the process image
 2796           ;     next_desired_position=encoder_resolution*Move_Position;
 2796 1800AECCCD        movw #52429,2,-S
 279B 1800AE40BC        movw #16572,2,-S
 27A0 ECF014            ldd 20,S
 27A3 160000            jsr int2fp
 27A6 160000            jsr mulf4
 27A9 160000            jsr fp2int
 27AC B746              tfr D,Y
 27AE 7D0009            sty _next_desired_position
 27B1                   .dbline 2999
 27B1           ;     next_desired_speed=Move_Speed;
 27B1 19F015            leay 21,S
 27B4 1805400010        movw 0,y,_next_desired_speed
 27B9                   .dbline 3003
 27B9           ;     
 27B9           ;     //Do next movement, this will either do the initial movement after finding home, or do
 27B9           ;       //  the next movement if a second movement is sent before the current movement is finished
 27B9           ;     if(start_sequence==-1 && done && next_desired_position!=desired_position)
 27B9 F6000D            ldab _start_sequence
 27BC C1FF              cmpb #65535
 27BE 2633              bne L708
 27C0 F60006            ldab _done
 27C3 C100              cmpb #0
 27C5 272C              beq L708
 27C7 FD0009            ldy _next_desired_position
 27CA BD0007            cpy _desired_position
 27CD 2724              beq L708
 27CF                   .dbline 3004
 27CF           ;     {
 27CF                   .dbline 3005
 27CF           ;         desired_position=next_desired_position;
 27CF 180400090007      movw _next_desired_position,_desired_position
 27D5                   .dbline 3007
 27D5           ;         //if (desired_speed!=next_desired_speed)
 27D5           ;               {
 27D5                   .dbline 3008
 27D5           ;                       spdPID->iState = 0;                     
 27D5 FC0000            ldd _spdPID
 27D8 C30004            addd #4
 27DB B746              tfr D,Y
 27DD 1800AE0000        movw #0,2,-S
 27E2 1800AE0000        movw #0,2,-S
 27E7 30                pulx
 27E8 6E40              stx 0,Y
 27EA 30                pulx
 27EB 6E42              stx 2,Y
 27ED                   .dbline 3009
 27ED           ;               }       
 27ED                   .dbline 3010
 27ED           ;               desired_speed=next_desired_speed;
 27ED 18040010000E      movw _next_desired_speed,_desired_speed
 27F3                   .dbline 3011
 27F3           ;     }
 27F3           L708:
 27F3                   .dbline 3014
 27F3           ;     
 27F3           ;     //done if no other movements were sent 
 27F3           ;     if(desired_position!=prev_desired_position) done=0;
 27F3 FD0007            ldy _desired_position
 27F6 BD000B            cpy _prev_desired_position
 27F9 2703              beq L710
 27FB                   .dbline 3014
 27FB 790006            clr _done
 27FE           L710:
 27FE                   .dbline 3017
 27FE           ;     
 27FE           ;       //see if we've reached the desire location +/- margin
 27FE           ;     if(desired_position<=LA_position+(margin*desired_speed) && desired_position>=LA_position-(margin*desired_speed))  //have reached desired_position
 27FE 1801AE0004        movw _margin+2,2,-S
 2803 1801AE0002        movw _margin,2,-S
 2808 FC000E            ldd _desired_speed
 280B 160000            jsr int2fp
 280E 160000            jsr mulf4
 2811 3A                puld
 2812 6C8E              std 14,S
 2814 3A                puld
 2815 6C8E              std 14,S
 2817 FC0007            ldd _desired_position
 281A 160000            jsr int2fp
 281D FC0000            ldd _LA_position
 2820 160000            jsr int2fp
 2823 ECF016            ldd 22,S
 2826 3B                pshd
 2827 ECF016            ldd 22,S
 282A 3B                pshd
 282B 160000            jsr addf4
 282E 160000            jsr cmpf4
 2831 2E34              bgt L712
 2833 FC0007            ldd _desired_position
 2836 160000            jsr int2fp
 2839 FC0000            ldd _LA_position
 283C 160000            jsr int2fp
 283F ECF016            ldd 22,S
 2842 3B                pshd
 2843 ECF016            ldd 22,S
 2846 3B                pshd
 2847 160000            jsr subf4
 284A 160000            jsr cmpf4
 284D 2D18              blt L712
 284F                   .dbline 3018
 284F           ;     {
 284F                   .dbline 3019
 284F           ;         if(desired_position!=0 && !done)
 284F FD0007            ldy _desired_position
 2852 8D0000            cpy #0
 2855 2710              beq L714
 2857 F60006            ldab _done
 285A C100              cmpb #0
 285C 2609              bne L714
 285E                   .dbline 3020
 285E           ;         {
 285E                   .dbline 3021
 285E           ;             stop_LA();
 285E 4A260101          xcall $_stop_LA
 2862                   .dbline 3022
 2862           ;             done=2;
 2862 180B020006        movb #2,_done
 2867                   .dbline 3023
 2867           ;         }
 2867           L714:
 2867                   .dbline 3024
 2867           ;     }
 2867           L712:
 2867                   .dbline 3026
 2867           ;       
 2867           ;     if(!PID_Timer)
 2867 FD0000            ldy _PID_Timer
 286A 8D0000            cpy #0
 286D 182601C3          lbne L716
 2871                   .dbline 3027
 2871           ;     {
 2871                   .dbline 3028
 2871           ;               LA_Moved = 1;
 2871 180B010019        movb #1,_LA_Moved
 2876                   .dbline 3030
 2876           ;               //extend or continue to extend if not at desired position
 2876           ;               if((desired_position>LA_position && !done) || (extend_test && !retract_test))
 2876 FD0007            ldy _desired_position
 2879 BD0000            cpy _LA_position
 287C 2F07              ble L721
 287E F60006            ldab _done
 2881 C100              cmpb #0
 2883 2712              beq L720
 2885           L721:
 2885 F60012            ldab _extend_test
 2888 C100              cmpb #0
 288A 182700C4          lbeq L718
 288E F60013            ldab _retract_test
 2891 C100              cmpb #0
 2893 182600BB          lbne L718
 2897           L720:
 2897                   .dbline 3031
 2897           ;       {
 2897                   .dbline 3032
 2897           ;                       UDSPD = UDPID(spdPID, (desired_speed-(float)(LA_speed)) , LA_speed);
 2897 1801AE0002        movw _LA_speed+2,2,-S
 289C 1801AE0000        movw _LA_speed,2,-S
 28A1 160000            jsr long2fp
 28A4 30                pulx
 28A5 6E86              stx 6,S
 28A7 30                pulx
 28A8 6E86              stx 6,S
 28AA FC000E            ldd _desired_speed
 28AD 160000            jsr int2fp
 28B0 1801AE0002        movw _LA_speed+2,2,-S
 28B5 1801AE0000        movw _LA_speed,2,-S
 28BA 160000            jsr long2fp
 28BD 160000            jsr subf4
 28C0 30                pulx
 28C1 6E82              stx 2,S
 28C3 30                pulx
 28C4 6E82              stx 2,S
 28C6 FC0000            ldd _spdPID
 28C9 4A000000          xcall $_UDPID
 28CD 3A                puld
 28CE 6C8A              std 10,S
 28D0 3A                puld
 28D1 6C8A              std 10,S
 28D3 1805880100        movw 8,S,_UDSPD
 28D8 18058A0102        movw 10,S,_UDSPD+2
 28DD                   .dbline 3033
 28DD           ;               if(UDSPD>90)
 28DD 1801AE0102        movw _UDSPD+2,2,-S
 28E2 1801AE0100        movw _UDSPD,2,-S
 28E7 1800AE0000        movw #0,2,-S
 28EC 1800AE42B4        movw #17076,2,-S
 28F1 160000            jsr cmpf4
 28F4 2F0C              ble L722
 28F6                   .dbline 3034
 28F6           ;                       UDSPD=90;
 28F6 180342B40100      movw #17076,_UDSPD
 28FC 180300000102      movw #0,_UDSPD+2
 2902           L722:
 2902                   .dbline 3035
 2902           ;               if(UDSPD<20)
 2902 1801AE0102        movw _UDSPD+2,2,-S
 2907 1801AE0100        movw _UDSPD,2,-S
 290C 1800AE0000        movw #0,2,-S
 2911 1800AE41A0        movw #16800,2,-S
 2916 160000            jsr cmpf4
 2919 2C0C              bge L724
 291B                   .dbline 3036
 291B           ;                   UDSPD=20;
 291B 180341A00100      movw #16800,_UDSPD
 2921 180300000102      movw #0,_UDSPD+2
 2927           L724:
 2927                   .dbline 3037
 2927           ;                   if (!myspd)
 2927 FD05B7            ldy _myspd
 292A 8D0000            cpy #0
 292D 2610              bne L726
 292F                   .dbline 3038
 292F           ;                           extend_LA(UDSPD);
 292F 1801800100        movw _UDSPD,0,S
 2934 1801820102        movw _UDSPD+2,2,S
 2939 4A256F6F          xcall $_extend_LA
 293D 2010              bra L727
 293F           L726:
 293F                   .dbline 3040
 293F           ;                       else
 293F           ;                               extend_LA(myspd);
 293F FC05B7            ldd _myspd
 2942 160000            jsr int2fp
 2945 30                pulx
 2946 6E82              stx 2,S
 2948 30                pulx
 2949 6E82              stx 2,S
 294B 4A256F6F          xcall $_extend_LA
 294F           L727:
 294F                   .dbline 3041
 294F           ;                       done=0;
 294F 790006            clr _done
 2952                   .dbline 3042
 2952           ;       }
 2952           L718:
 2952                   .dbline 3044
 2952           ;       //retract or continue to retract if not at desired position
 2952           ;         if((desired_position<LA_position && !done) || (retract_test && !extend_test))
 2952 FD0007            ldy _desired_position
 2955 BD0000            cpy _LA_position
 2958 2C07              bge L731
 295A F60006            ldab _done
 295D C100              cmpb #0
 295F 2712              beq L730
 2961           L731:
 2961 F60013            ldab _retract_test
 2964 C100              cmpb #0
 2966 182700C4          lbeq L728
 296A F60012            ldab _extend_test
 296D C100              cmpb #0
 296F 182600BB          lbne L728
 2973           L730:
 2973                   .dbline 3045
 2973           ;       {
 2973                   .dbline 3046
 2973           ;                       UDSPD = UDPID(spdPID, (desired_speed-(float)(LA_speed)) , LA_speed);
 2973 1801AE0002        movw _LA_speed+2,2,-S
 2978 1801AE0000        movw _LA_speed,2,-S
 297D 160000            jsr long2fp
 2980 30                pulx
 2981 6E86              stx 6,S
 2983 30                pulx
 2984 6E86              stx 6,S
 2986 FC000E            ldd _desired_speed
 2989 160000            jsr int2fp
 298C 1801AE0002        movw _LA_speed+2,2,-S
 2991 1801AE0000        movw _LA_speed,2,-S
 2996 160000            jsr long2fp
 2999 160000            jsr subf4
 299C 30                pulx
 299D 6E82              stx 2,S
 299F 30                pulx
 29A0 6E82              stx 2,S
 29A2 FC0000            ldd _spdPID
 29A5 4A000000          xcall $_UDPID
 29A9 3A                puld
 29AA 6C8A              std 10,S
 29AC 3A                puld
 29AD 6C8A              std 10,S
 29AF 1805880100        movw 8,S,_UDSPD
 29B4 18058A0102        movw 10,S,_UDSPD+2
 29B9                   .dbline 3047
 29B9           ;               if(UDSPD>90)
 29B9 1801AE0102        movw _UDSPD+2,2,-S
 29BE 1801AE0100        movw _UDSPD,2,-S
 29C3 1800AE0000        movw #0,2,-S
 29C8 1800AE42B4        movw #17076,2,-S
 29CD 160000            jsr cmpf4
 29D0 2F0C              ble L732
 29D2                   .dbline 3048
 29D2           ;                       UDSPD=90;
 29D2 180342B40100      movw #17076,_UDSPD
 29D8 180300000102      movw #0,_UDSPD+2
 29DE           L732:
 29DE                   .dbline 3049
 29DE           ;               if(UDSPD<20)
 29DE 1801AE0102        movw _UDSPD+2,2,-S
 29E3 1801AE0100        movw _UDSPD,2,-S
 29E8 1800AE0000        movw #0,2,-S
 29ED 1800AE41A0        movw #16800,2,-S
 29F2 160000            jsr cmpf4
 29F5 2C0C              bge L734
 29F7                   .dbline 3050
 29F7           ;                   UDSPD=20;
 29F7 180341A00100      movw #16800,_UDSPD
 29FD 180300000102      movw #0,_UDSPD+2
 2A03           L734:
 2A03                   .dbline 3051
 2A03           ;                   if (!myspd)
 2A03 FD05B7            ldy _myspd
 2A06 8D0000            cpy #0
 2A09 2610              bne L736
 2A0B                   .dbline 3052
 2A0B           ;                           retract_LA(UDSPD);
 2A0B 1801800100        movw _UDSPD,0,S
 2A10 1801820102        movw _UDSPD+2,2,S
 2A15 4A25B8B8          xcall $_retract_LA
 2A19 2010              bra L737
 2A1B           L736:
 2A1B                   .dbline 3054
 2A1B           ;                       else
 2A1B           ;                       retract_LA(myspd);
 2A1B FC05B7            ldd _myspd
 2A1E 160000            jsr int2fp
 2A21 30                pulx
 2A22 6E82              stx 2,S
 2A24 30                pulx
 2A25 6E82              stx 2,S
 2A27 4A25B8B8          xcall $_retract_LA
 2A2B           L737:
 2A2B                   .dbline 3055
 2A2B           ;                       done=0;
 2A2B 790006            clr _done
 2A2E                   .dbline 3056
 2A2E           ;       }  
 2A2E           L728:
 2A2E                   .dbline 3057
 2A2E           ;               PID_Timer = RTI_One_Sec * .05;
 2A2E 180300300000      movw #48,_PID_Timer
 2A34                   .dbline 3058
 2A34           ;       }
 2A34           L716:
 2A34                   .dbline 3060
 2A34           ;     //if(laSwitchPol)          //extend/retract switches are normally high
 2A34           ;     if(laSwitchPol.value==2)                    //extend/retract are normally high
 2A34 1801AE01DB        movw _laSwitchPol+2,2,-S
 2A39 1801AE01D9        movw _laSwitchPol,2,-S
 2A3E 1800AE0000        movw #0,2,-S
 2A43 1800AE4000        movw #16384,2,-S
 2A48 160000            jsr cmpf4
 2A4B 18260067          lbne L738
 2A4F                   .dbline 3061
 2A4F           ;     {
 2A4F                   .dbline 3063
 2A4F           ;       //see if retracted stop was reached
 2A4F           ;         if(!(PORTA & 0x01) && PB1_PWM && (!retract_test && !extend_test))             //retracted
 2A4F F60000            ldab 0
 2A52 C501              bitb #1
 2A54 2631              bne L740
 2A56 F60129            ldab _PB1_PWM
 2A59 C100              cmpb #0
 2A5B 272A              beq L740
 2A5D F60013            ldab _retract_test
 2A60 C100              cmpb #0
 2A62 2623              bne L740
 2A64 F60012            ldab _extend_test
 2A67 C100              cmpb #0
 2A69 261C              bne L740
 2A6B                   .dbline 3064
 2A6B           ;         {
 2A6B                   .dbline 3065
 2A6B           ;             LA_position=0;
 2A6B 180300000000      movw #0,_LA_position
 2A71                   .dbline 3066
 2A71           ;             stop_LA();
 2A71 4A260101          xcall $_stop_LA
 2A75                   .dbline 3067
 2A75           ;             if(desired_position==0)
 2A75 FD0007            ldy _desired_position
 2A78 8D0000            cpy #0
 2A7B 260A              bne L742
 2A7D                   .dbline 3068
 2A7D           ;             {
 2A7D                   .dbline 3069
 2A7D           ;                 done=3;
 2A7D 180B030006        movb #3,_done
 2A82                   .dbline 3070
 2A82           ;                 start_sequence=-1;
 2A82 180BFF000D        movb #65535,_start_sequence
 2A87                   .dbline 3071
 2A87           ;             }
 2A87           L742:
 2A87                   .dbline 3072
 2A87           ;         }
 2A87           L740:
 2A87                   .dbline 3074
 2A87           ;       //see if extended stop was reached
 2A87           ;         if(!(PORTA & 0x02) && PB3_PWM && (!retract_test && !extend_test))             //extended
 2A87 F60000            ldab 0
 2A8A C502              bitb #2
 2A8C 1826007F          lbne L739
 2A90 F60128            ldab _PB3_PWM
 2A93 C100              cmpb #0
 2A95 18270076          lbeq L739
 2A99 F60013            ldab _retract_test
 2A9C C100              cmpb #0
 2A9E 1826006D          lbne L739
 2AA2 F60012            ldab _extend_test
 2AA5 C100              cmpb #0
 2AA7 18260064          lbne L739
 2AAB                   .dbline 3075
 2AAB           ;         {
 2AAB                   .dbline 3076
 2AAB           ;             stop_LA();
 2AAB 4A260101          xcall $_stop_LA
 2AAF                   .dbline 3077
 2AAF           ;             done=4;
 2AAF 180B040006        movb #4,_done
 2AB4                   .dbline 3078
 2AB4           ;         }
 2AB4                   .dbline 3079
 2AB4           ;     }
 2AB4 2059              bra L739
 2AB6           L738:
 2AB6                   .dbline 3081
 2AB6           ;     else      //switches are normally low
 2AB6           ;     {
 2AB6                   .dbline 3083
 2AB6           ;       //see if retracted stop was reached
 2AB6           ;         if((PORTA & 0x01) && PB1_PWM && (!retract_test && !extend_test))              //retracted
 2AB6 1F00000131        brclr 0,#1,L746
 2ABB F60129            ldab _PB1_PWM
 2ABE C100              cmpb #0
 2AC0 272A              beq L746
 2AC2 F60013            ldab _retract_test
 2AC5 C100              cmpb #0
 2AC7 2623              bne L746
 2AC9 F60012            ldab _extend_test
 2ACC C100              cmpb #0
 2ACE 261C              bne L746
 2AD0                   .dbline 3084
 2AD0           ;         {
 2AD0                   .dbline 3085
 2AD0           ;             LA_position=0;
 2AD0 180300000000      movw #0,_LA_position
 2AD6                   .dbline 3086
 2AD6           ;             stop_LA();
 2AD6 4A260101          xcall $_stop_LA
 2ADA                   .dbline 3087
 2ADA           ;             if(desired_position==0)
 2ADA FD0007            ldy _desired_position
 2ADD 8D0000            cpy #0
 2AE0 260A              bne L748
 2AE2                   .dbline 3088
 2AE2           ;             {
 2AE2                   .dbline 3089
 2AE2           ;                 done=3;
 2AE2 180B030006        movb #3,_done
 2AE7                   .dbline 3090
 2AE7           ;                 start_sequence=-1;
 2AE7 180BFF000D        movb #65535,_start_sequence
 2AEC                   .dbline 3091
 2AEC           ;             }
 2AEC           L748:
 2AEC                   .dbline 3092
 2AEC           ;         }
 2AEC           L746:
 2AEC                   .dbline 3094
 2AEC           ;       //see if extended stop was reached
 2AEC           ;         if((PORTA & 0x02) && PB3_PWM && (!retract_test && !extend_test))              //extended
 2AEC 1F0000021E        brclr 0,#2,L750
 2AF1 F60128            ldab _PB3_PWM
 2AF4 C100              cmpb #0
 2AF6 2717              beq L750
 2AF8 F60013            ldab _retract_test
 2AFB C100              cmpb #0
 2AFD 2610              bne L750
 2AFF F60012            ldab _extend_test
 2B02 C100              cmpb #0
 2B04 2609              bne L750
 2B06                   .dbline 3095
 2B06           ;         {
 2B06                   .dbline 3096
 2B06           ;             stop_LA();
 2B06 4A260101          xcall $_stop_LA
 2B0A                   .dbline 3097
 2B0A           ;             done=4;
 2B0A 180B040006        movb #4,_done
 2B0F                   .dbline 3098
 2B0F           ;         }
 2B0F           L750:
 2B0F                   .dbline 3099
 2B0F           ;     }
 2B0F           L739:
 2B0F                   .dbline -2
 2B0F           L705:
 2B0F                   .dbline 0 ; func end
 2B0F 1BF012            leas 18,S
 2B12 0A                rtc
 2B13                   .dbsym l Move_Speed 21 I
 2B13                   .dbsym l Move_Position 16 I
 2B13                   .dbend
                        .area bss
 0000                   .dbfile C:\Users\vbenton.crtsglobal\Desktop\temp\REV3~1.25\SOURCE~1\Subroutines.c
 0000           _Menu::
 0000                   .blkb 252
 00FC                   .dbsym e Menu _Menu A[252:12:21]c
 00FC           _updateSpd::
 00FC                   .blkb 4
 0100                   .dbsym e updateSpd _updateSpd D
 0100           _UDSPD::
 0100                   .blkb 4
 0104                   .dbsym e UDSPD _UDSPD D
 0104           _NullVar::
 0104                   .blkb 34
 0126                   .dbsym e NullVar _NullVar S[menu_var]
 0126           _cam_addx::
 0126                   .blkb 2
 0128                   .dbsym e cam_addx _cam_addx A[2:2]c
 0128           _PB3_PWM::
 0128                   .blkb 1
 0129                   .dbsym e PB3_PWM _PB3_PWM c
 0129           _PB1_PWM::
 0129                   .blkb 1
 012A                   .dbsym e PB1_PWM _PB1_PWM c
 012A           _laSwitch::
 012A                   .blkb 1
 012B                   .dbsym e laSwitch _laSwitch c
 012B           _ActCam5::
 012B                   .blkb 1
 012C                   .dbsym e ActCam5 _ActCam5 c
 012C           _ActCam4::
 012C                   .blkb 1
 012D                   .dbsym e ActCam4 _ActCam4 c
 012D           _CamAddressXmitd::
 012D                   .blkb 1
 012E                   .dbsym e CamAddressXmitd _CamAddressXmitd c
 012E           _PressureMsgSent::
 012E                   .blkb 1
 012F                   .dbsym e PressureMsgSent _PressureMsgSent c
 012F           _Multi_Var_ptr::
 012F                   .blkb 1
 0130                   .dbsym e Multi_Var_ptr _Multi_Var_ptr c
 0130           _String_Var_ptr::
 0130                   .blkb 1
 0131                   .dbsym e String_Var_ptr _String_Var_ptr c
 0131           _Variable_flag::
 0131                   .blkb 1
 0132                   .dbsym e Variable_flag _Variable_flag c
 0132           _FractionFlag::
 0132                   .blkb 1
 0133                   .dbsym e FractionFlag _FractionFlag c
 0133           _HdDirection::
 0133                   .blkb 1
 0134                   .dbsym e HdDirection _HdDirection c
 0134           _HeadSpeed::
 0134                   .blkb 2
 0136                   .dbsym e HeadSpeed _HeadSpeed I
 0136           _Cntr::
 0136                   .blkb 2
 0138                   .dbsym e Cntr _Cntr I
 0138           _FDist::
 0138                   .blkb 2
 013A                   .dbsym e FDist _FDist I
 013A           _CDist::
 013A                   .blkb 2
 013C                   .dbsym e CDist _CDist I
 013C           _FStrks::
 013C                   .blkb 2
 013E                   .dbsym e FStrks _FStrks I
 013E           _CStrks::
 013E                   .blkb 2
 0140                   .dbsym e CStrks _CStrks I
 0140           _cursor_row::
 0140                   .blkb 1
 0141                   .dbsym e cursor_row _cursor_row c
 0141           _UpdateMenu::
 0141                   .blkb 1
 0142                   .dbsym e UpdateMenu _UpdateMenu c
 0142           _gTxMsg::
 0142                   .blkb 12
 014E                   .dbstruct 0 12 .1
 014E                   .dbfield 0 ID i
 014E                   .dbfield 2 LEN c
 014E                   .dbfield 3 dummy32bit c
 014E                   .dbfield 4 BUF A[8:8]c
 014E                   .dbend
 014E                   .dbsym e gTxMsg _gTxMsg S[.1]
 014E           _cam_add::
 014E                   .blkb 2
 0150                   .dbsym e cam_add _cam_add i
 0150           _save_serial_flag::
 0150                   .blkb 1
 0151                   .dbsym e save_serial_flag _save_serial_flag c
                        .area text
 02F2                   .dbfile C:\Users\vbenton.crtsglobal\Desktop\temp\REV3~1.25\SOURCE~1\Subroutines.c
 02F2           L629:
 02F2 50726F633A257300  .byte 'P,'r,'o,'c,58,37,'s,0
 02FA           L594:
 02FA 2530345800        .byte 37,48,52,'X,0
 02FF           L565:
 02FF 25336400          .byte 37,51,'d,0
 0303           L535:
 0303 5761726E3A54494D454F555420455252  .byte 'W,'a,'r,'n,58,'T,'I,'M,'E,'O,'U,'T,32,'E,'R,'R
 0313 4F5200            .byte 'O,'R,0
 0316           L531:
 0316 50726F633A56616375756D696E672043  .byte 'P,'r,'o,'c,58,'V,'a,'c,'u,'u,'m,'i,'n,'g,32,'C
 0326 6F6D706C65746500  .byte 'o,'m,'p,'l,'e,'t,'e,0
 032E           L362:
 032E 50726F633A436C65616E696E6720436F  .byte 'P,'r,'o,'c,58,'C,'l,'e,'a,'n,'i,'n,'g,32,'C,'o
 033E 6D706C65746500    .byte 'm,'p,'l,'e,'t,'e,0
 0345           L345:
 0345 4F464600          .byte 'O,'F,'F,0
 0349           L340:
 0349 50726F633A526576657273696E672048  .byte 'P,'r,'o,'c,58,'R,'e,'v,'e,'r,'s,'i,'n,'g,32,'H
 0359 65616400          .byte 'e,'a,'d,0
 035D           L335:
 035D 50726F633A436C65616E2046756C6C20  .byte 'P,'r,'o,'c,58,'C,'l,'e,'a,'n,32,'F,'u,'l,'l,32
 036D 256400            .byte 37,'d,0
 0370           L324:
 0370 50726F633A436C65616E2043656E7465  .byte 'P,'r,'o,'c,58,'C,'l,'e,'a,'n,32,'C,'e,'n,'t,'e
 0380 7220256400        .byte 'r,32,37,'d,0
 0385           L308:
 0385 5761726E3A54455354204D4F444500    .byte 'W,'a,'r,'n,58,'T,'E,'S,'T,32,'M,'O,'D,'E,0
 0394           L301:
 0394 50726F633A436C65616E696E6700      .byte 'P,'r,'o,'c,58,'C,'l,'e,'a,'n,'i,'n,'g,0
 03A2           L284:
 03A2 204F4E00          .byte 32,'O,'N,0
 03A6           L282:
 03A6 50726F633A496E666C6174696E672053  .byte 'P,'r,'o,'c,58,'I,'n,'f,'l,'a,'t,'i,'n,'g,32,'S
 03B6 65616C7300        .byte 'e,'a,'l,'s,0
 03BB           L273:
 03BB 50726F633A4C696E6575702054696D65  .byte 'P,'r,'o,'c,58,'L,'i,'n,'e,'u,'p,32,'T,'i,'m,'e
 03CB 2025332E316600    .byte 32,37,51,46,49,'f,0
 03D2           L238:
 03D2 50726F633A4C696E6520557000        .byte 'P,'r,'o,'c,58,'L,'i,'n,'e,32,'U,'p,0
 03DF           L224:
 03DF 5761726E3A4149522050524553535552  .byte 'W,'a,'r,'n,58,'A,'I,'R,32,'P,'R,'E,'S,'S,'U,'R
 03EF 45204C4F5700      .byte 'E,32,'L,'O,'W,0
 03F5           L115:
 03F5 332E323500        .byte 51,46,50,53,0
 03FA           L114:
 03FA 0D0A435254532C20496E632E0D0A436C  .byte 13,10,'C,'R,'T,'S,44,32,'I,'n,'c,46,13,10,'C,'l
 040A 65616E657220496E7465726661636520  .byte 'e,'a,'n,'e,'r,32,'I,'n,'t,'e,'r,'f,'a,'c,'e,32
 041A 436F6E74726F6C6C65720D0A52657669  .byte 'C,'o,'n,'t,'r,'o,'l,'l,'e,'r,13,10,'R,'e,'v,'i
 042A 73696F6E2025730D0A3E00    .byte 's,'i,'o,'n,32,37,'s,13,10,62,0
 0435           L86:
 0435 30345800          .byte 48,52,'X,0
 0439           L81:
 0439 50726F633A43616D6572612053656C65  .byte 'P,'r,'o,'c,58,'C,'a,'m,'e,'r,'a,32,'S,'e,'l,'e
 0449 6374656400        .byte 'c,'t,'e,'d,0
 044E           L71:
 044E 25732C00          .byte 37,'s,44,0
 0452           L39:
 0452 2C00              .byte 44,0
